套装id,套装标签名字,套装性别,套装内时装,套装等级条件,每级属性
SuitId,SuitName,SuitSex,FashionId,LevelCondition,Attribute
int,string,int,list,list,list
1,浪漫婚礼,2,40005;10075,1;5;10;15;20;25;30,9-120:10-120:14-20;9-240:10-240:14-40;9-360:10-360:14-60;9-480:10-480:14-80;9-600:10-600:14-100;9-720:10-720:14-120;9-840:10-840:14-140
2,浪漫婚礼,1,40006;10076,1;5;10;15;20;25;30,9-120:10-120:14-20;9-240:10-240:14-40;9-360:10-360:14-60;9-480:10-480:14-80;9-600:10-600:14-100;9-720:10-720:14-120;9-840:10-840:14-140
3,武士之魂,2,40003;10073;30015,1;5;10;15;20;25;30,7-1900:9-150:16-25:91-110;7-3800:9-300:16-50:91-220;7-5700:9-450:16-75:91-330;7-7600:9-600:16-100:91-440;7-9500:9-750:16-125:91-550;7-11400:9-900:16-150:91-660;7-13300:9-1050:16-175:91-770
4,武士之魂,1,40004;10074;30015,1;5;10;15;20;25;30,7-1900:9-150:16-25:91-110;7-3800:9-300:16-50:91-220;7-5700:9-450:16-75:91-330;7-7600:9-600:16-100:91-440;7-9500:9-750:16-125:91-550;7-11400:9-900:16-150:91-660;7-13300:9-1050:16-175:91-770
5,青春有你,2,40001;10059,1;5;10;15;20;25;30,7-1400:15-25:16-20;7-2800:15-50:16-40;7-4200:15-75:16-60;7-5600:15-100:16-80;7-7000:15-125:16-100;7-8400:15-150:16-120;7-9800:15-175:16-140
6,青春有你,1,40002;10059,1;5;10;15;20;25;30,7-1400:15-25:16-20;7-2800:15-50:16-40;7-4200:15-75:16-60;7-5600:15-100:16-80;7-7000:15-125:16-100;7-8400:15-150:16-120;7-9800:15-175:16-140
7,萌新搞怪,,50001;50002;50003;50004;50005,1;5;10;15;20;25;30,9-110:10-110:96-120;9-220:10-220:96-240;9-330:10-330:96-360;9-440:10-440:96-480;9-550:10-550:96-600;9-660:10-660:96-720;9-770:10-770:96-840
8,年年有余,,10005;50002,1;5;10;15;20;25;30,12-85:10-85:94-80;12-170:10-170:94-160;12-255:10-255:94-240;12-340:10-340:94-320;12-425:10-425:94-400;12-510:10-510:94-480;12-595:10-595:94-560
9,奶糖,,30005;50003,1;5;10;15;20;25;30,11-80:9-80:93-80;11-160:9-160:93-160;11-240:9-240:93-240;11-320:9-320:93-320;11-400:9-400:93-400;11-480:9-480:93-480;11-560:9-560:93-560
10,兔子,,60008;50001,1;5;10;15;20;25;30,9-80:10-80:14-15;9-160:10-160:14-30;9-240:10-240:14-45;9-320:10-320:14-60;9-400:10-400:14-75;9-480:10-480:14-90;9-560:10-560:14-105
11,丘比特,,10001;50004,1;5;10;15;20;25;30,7-1100:15-20:16-15;7-2200:15-40:16-30;7-3300:15-60:16-45;7-4400:15-80:16-60;7-5500:15-100:16-75;7-6600:15-120:16-90;7-7700:15-140:16-105
12,春田花花,2,40001;50005,1;5;10;15;20;25;30,9-85:10-85:96-90;9-170:10-170:96-180;9-255:10-255:96-270;9-340:10-340:96-360;9-425:10-425:96-450;9-510:10-510:96-540;9-595:10-595:96-630
13,春田花花,1,40002;50005,1;5;10;15;20;25;30,9-85:10-85:96-90;9-170:10-170:96-180;9-255:10-255:96-270;9-340:10-340:96-360;9-425:10-425:96-450;9-510:10-510:96-540;9-595:10-595:96-630
14,图穷匕见,,30014;50002,1;5;10;15;20;25;30,7-700:11-55:97-30;7-1400:11-110:97-60;7-2100:11-165:97-90;7-2800:11-220:97-120;7-3500:11-275:97-150;7-4200:11-330:97-180;7-4900:11-385:97-210
15,你真棒,,30009;50003,1;5;10;15;20;25;30,7-1000:11-100:12-100;7-2000:11-200:12-200;7-3000:11-300:12-300;7-4000:11-400:12-400;7-5000:11-500:12-500;7-6000:11-600:12-600;7-7000:11-700:12-700
16,消失的雪人,,20008;50001,1;5;10;15;20;25;30,9-55:10-55:13-10;9-110:10-110:13-20;9-165:10-165:13-30;9-220:10-220:13-40;9-275:10-275:13-50;9-330:10-330:13-60;9-385:10-385:13-70
17,恶魔猎手,,60011;50004,1;5;10;15;20;25;30,7-700:9-55:10-55;7-1400:9-110:10-110;7-2100:9-165:10-165;7-2800:9-220:10-220;7-3500:9-275:10-275;7-4200:9-330:10-330;7-4900:9-385:10-385
18,阳光工厂,,30001;50005,1;5;10;15;20;25;30,12-55:10-55:94-50;12-110:10-110:94-100;12-165:10-165:94-150;12-220:10-220:94-200;12-275:10-275:94-250;12-330:10-330:94-300;12-385:10-385:94-350
19,风林火山,,50006;50007;50008;50009;50011;50012;50014,1;5;10;15;20;25;30,8-4:10-135:14-25:92-110;8-8:10-270:14-50:92-220;8-12:10-405:14-75:92-330;8-16:10-540:14-100:92-440;8-20:10-675:14-125:92-550;8-24:10-810:14-150:92-660;8-28:10-945:14-175:92-770
20,纳户特基格,,50016;50017;50018;50021;50022;50023;50025,1;5;10;15;20;25;30,9-155:10-155:15-35:97-110;9-310:10-310:15-70:97-220;9-465:10-465:15-105:97-330;9-620:10-620:15-140:97-440;9-775:10-775:15-175:97-550;9-930:10-930:15-210:97-660;9-1085:10-1085:15-245:97-770
21,苏尔特尔,,50027;50028;50029;50030;50032;50033;50035,1;5;10;15;20;25;30,7-1700:9-135:10-135:97-90;7-3400:9-270:10-270:97-180;7-5100:9-405:10-405:97-270;7-6800:9-540:10-540:97-360;7-8500:9-675:10-675:97-450;7-10200:9-810:10-810:97-540;7-11900:9-945:10-945:97-630
22,波利国王,,10050;60003;30010,1;5;10;15;20;25;30,9-110:10-110:95-120;9-220:10-220:95-240;9-330:10-330:95-360;9-440:10-440:95-480;9-550:10-550:95-600;9-660:10-660:95-720;9-770:10-770:95-840
23,灰袍巫师,,10021;30010,1;5;10;15;20;25;30,9-85:10-85:95-90;9-170:10-170:95-180;9-255:10-255:95-270;9-340:10-340:95-360;9-425:10-425:95-450;9-510:10-510:95-540;9-595:10-595:95-630
24,狂暴野猫,,30011;10052;10042,1;5;10;15;20;25;30,11-60:9-60:93-50;11-120:9-120:93-100;11-180:9-180:93-150;11-240:9-240:93-200;11-300:9-300:93-250;11-360:9-360:93-300;11-420:9-420:93-350
25,女武神,,10051;60007,1;5;10;15;20;25;30,9-150:10-150:13-25:11-150;9-300:10-300:13-50:11-300;9-450:10-450:13-75:11-450;9-600:10-600:13-100:11-600;9-750:10-750:13-125:11-750;9-900:10-900:13-150:11-900;9-1050:10-1050:13-175:11-1050
26,巴风特之怒,,10072;60010,1;5;10;15;20;25;30,7-1300:9-105:10-105;7-2600:9-210:10-210;7-3900:9-315:10-315;7-5200:9-420:10-420;7-6500:9-525:10-525;7-7800:9-630:10-630;7-9100:9-735:10-735
27,小恶魔套装,,60001;60011;10010,1;5;10;15;20;25;30,7-1400:9-110:10-110;7-2800:9-220:10-220;7-4200:9-330:10-330;7-5600:9-440:10-440;7-7000:9-550:10-550;7-8400:9-660:10-660;7-9800:9-770:10-770
28,天使波利,,60007;60003;10055,1;5;10;15;20;25;30,7-1400:9-110:10-110;7-2800:9-220:10-220;7-4200:9-330:10-330;7-5600:9-440:10-440;7-7000:9-550:10-550;7-8400:9-660:10-660;7-9800:9-770:10-770
29,恶魔侍者,,10023;20002;10018,1;5;10;15;20;25;30,9-60:10-60:14-10;9-120:10-120:14-20;9-180:10-180:14-30;9-240:10-240:14-40;9-300:10-300:14-50;9-360:10-360:14-60;9-420:10-420:14-70
30,赏金猎人,,20010;30012,1;5;10;15;20;25;30,7-1100:9-90:10-90;7-2200:9-180:10-180;7-3300:9-270:10-270;7-4400:9-360:10-360;7-5500:9-450:10-450;7-6600:9-540:10-540;7-7700:9-630:10-630
31,羊羊村长,,10072;20007;10034,1;5;10;15;20;25;30,7-1500:9-115:10-115;7-3000:9-230:10-230;7-4500:9-345:10-345;7-6000:9-460:10-460;7-7500:9-575:10-575;7-9000:9-690:10-690;7-10500:9-805:10-805
32,小王子,,10050;10004;30011,1;5;10;15;20;25;30,8-4:12-120:92-100;8-8:12-240:92-200;8-12:12-360:92-300;8-16:12-480:92-400;8-20:12-600:92-500;8-24:12-720:92-600;8-28:12-840:92-700
33,鸡生蛋生鸡,,10039;10054;10040,1;5;10;15;20;25;30,7-1200:9-90:10-90;7-2400:9-180:10-180;7-3600:9-270:10-270;7-4800:9-360:10-360;7-6000:9-450:10-450;7-7200:9-540:10-540;7-8400:9-630:10-630
34,动物城,,60008;10004,1;5;10;15;20;25;30,7-1100:9-90:10-90;7-2200:9-180:10-180;7-3300:9-270:10-270;7-4400:9-360:10-360;7-5500:9-450:10-450;7-6600:9-540:10-540;7-7700:9-630:10-630
36,老鹰捉小鸡,,10033;10039,1;5;10;15;20;25;30,9-50:10-50:96-50;9-100:10-100:96-100;9-150:10-150:96-150;9-200:10-200:96-200;9-250:10-250:96-250;9-300:10-300:96-300;9-350:10-350:96-350
37,拾荒者,,60008;60011;60003,1;5;10;15;20;25;30,7-1400:11-110:97-70;7-2800:11-220:97-140;7-4200:11-330:97-210;7-5600:11-440:97-280;7-7000:11-550:97-350;7-8400:11-660:97-420;7-9800:11-770:97-490
38,音乐达人,,10059;60013;60014,1;5;10;15;20;25;30,7-1100:10-90:96-90;7-2200:10-180:96-180;7-3300:10-270:96-270;7-4400:10-360:96-360;7-5500:10-450:96-450;7-6600:10-540:96-540;7-7700:10-630:96-630
39,花花草草,,30001;30002;10034,1;5;10;15;20;25;30,9-55:10-55:95-60;9-110:10-110:95-120;9-165:10-165:95-180;9-220:10-220:95-240;9-275:10-275:95-300;9-330:10-330:95-360;9-385:10-385:95-420
40,帽子戏法,,10054;10021;10010,1;5;10;15;20;25;30,7-1100:9-85:95-90;7-2200:9-170:95-180;7-3300:9-255:95-270;7-4400:9-340:95-360;7-5500:9-425:95-450;7-6600:9-510:95-540;7-7700:9-595:95-630
41,咸蛋超人,,10054;20009,1;5;10;15;20;25;30,7-1100:10-85:94-80;7-2200:10-170:94-160;7-3300:10-255:94-240;7-4400:10-340:94-320;7-5500:10-425:94-400;7-6600:10-510:94-480;7-7700:10-595:94-560
42,发条玩偶,,60010;60009,1;5;10;15;20;25;30,7-1500:8-3:91-90;7-3000:8-6:91-180;7-4500:8-9:91-270;7-6000:8-12:91-360;7-7500:8-15:91-450;7-9000:8-18:91-540;7-10500:8-21:91-630
43,防尘面罩,,30012;30007,1;5;10;15;20;25;30,8-1:12-50:97-30;8-2:12-100:97-60;8-3:12-150:97-90;8-4:12-200:97-120;8-5:12-250:97-150;8-6:12-300:97-180;8-7:12-350:97-210
44,高度近视,,20009;20007,1;5;10;15;20;25;30,7-1100:9-85:93-80;7-2200:9-170:93-160;7-3300:9-255:93-240;7-4400:9-340:93-320;7-5500:9-425:93-400;7-6600:9-510:93-480;7-7700:9-595:93-560
45,硬糖少女,,20008;30009,1;5;10;15;20;25;30,7-1000:13-18:15-18;7-2000:13-42:15-42;7-3000:13-66:15-66;7-4000:13-90:15-90;7-5000:13-114:15-114;7-6000:13-138:15-138;7-7000:13-162:15-162
46,老少皆宜,,30005;30010,1;5;10;15;20;25;30,7-1100:11-85:97-60;7-2200:11-170:97-120;7-3300:11-255:97-180;7-4400:11-340:97-240;7-5500:11-425:97-300;7-6600:11-510:97-360;7-7700:11-595:97-420
47,魅力男士,,30011;20007,1;5;10;15;20;25;30,7-700:11-55:97-30;7-1400:11-110:97-60;7-2100:11-165:97-90;7-2800:11-220:97-120;7-3500:11-275:97-150;7-4200:11-330:97-180;7-4900:11-385:97-210
48,水果蔬菜,,10001;10070,1;5;10;15;20;25;30,7-1000:8-2:91-60;7-2000:8-4:91-120;7-3000:8-6:91-180;7-4000:8-8:91-240;7-5000:8-10:91-300;7-6000:8-12:91-360;7-7000:8-14:91-420
50,我爱洗澡,,10003;10039,1;5;10;15;20;25;30,9-60:10-60:92-50;9-120:10-120:92-100;9-180:10-180:92-150;9-240:10-240:92-200;9-300:10-300:92-250;9-360:10-360:92-300;9-420:10-420:92-350
51,摇篮曲,,10046;30005;10052,1;5;10;15;20;25;30,9-90:10-90:13-15;9-180:10-180:13-30;9-270:10-270:13-45;9-360:10-360:13-60;9-450:10-450:13-75;9-540:10-540:13-90;9-630:10-630:13-105
53,蒙在鼓里,,60013;30012;30007,1;5;10;15;20;25;30,12-80:10-85:94-80;12-160:10-170:94-160;12-240:10-255:94-240;12-320:10-340:94-320;12-400:10-425:94-400;12-480:10-510:94-480;12-560:10-595:94-560
54,麦德劳,,10040;10036;10045,1;5;10;15;20;25;30,11-90:9-90:93-90;11-180:9-180:93-180;11-270:9-270:93-270;11-360:9-360:93-360;11-450:9-450:93-450;11-540:9-540:93-540;11-630:9-630:93-630
55,阳炎之力,,10071;60012,1;5;10;15;20;25;30,7-1700:9-135:10-135:12-130;7-3400:9-270:10-270:12-260;7-5100:9-405:10-405:12-390;7-6800:9-540:10-540:12-520;7-8500:9-675:10-675:12-650;7-10200:9-810:10-810:12-780;7-11900:9-945:10-945:12-910
56,天使恶魔一,,60007;60001,1;5;10;15;20;25;30,12-145:10-150:94-140:92-120;12-290:10-300:94-280:92-240;12-435:10-450:94-420:92-360;12-580:10-600:94-560:92-480;12-725:10-750:94-700:92-600;12-870:10-900:94-840:92-720;12-1015:10-1050:94-980:92-840
57,天使恶魔二,,10055;10023,1;5;10;15;20;25;30,7-700:91-40:97-40;7-1400:91-80:97-80;7-2100:91-120:97-120;7-2800:91-160:97-160;7-3500:91-200:97-200;7-4200:91-240:97-240;7-4900:91-280:97-280
58,魔王再临,,60001;10018,1;5;10;15;20;25;30,9-85:10-85:14-15;9-170:10-170:14-30;9-255:10-255:14-45;9-340:10-340:14-60;9-425:10-425:14-75;9-510:10-510:14-90;9-595:10-595:14-105
59,恶魔妖精,,20002;20010,1;5;10;15;20;25;30,7-1100:15-15:16-15;7-2200:15-30:16-30;7-3300:15-45:16-45;7-4400:15-60:16-60;7-5500:15-75:16-75;7-6600:15-90:16-90;7-7700:15-105:16-105
60,卡普酱,,10045;10046,1;5;10;15;20;25;30,12-55:10-55:94-50;12-110:10-110:94-100;12-165:10-165:94-150;12-220:10-220:94-200;12-275:10-275:94-250;12-330:10-330:94-300;12-385:10-385:94-350
61,性感兔女郎,,10022;10049,1;5;10;15;20;25;30,11-60:9-60:93-50;11-120:9-120:93-100;11-180:9-180:93-150;11-240:9-240:93-200;11-300:9-300:93-250;11-360:9-360:93-300;11-420:9-420:93-350
62,甜美发带,,10052;10003,1;5;10;15;20;25;30,9-55:10-55:14-10;9-110:10-110:14-20;9-165:10-165:14-30;9-220:10-220:14-40;9-275:10-275:14-50;9-330:10-330:14-60;9-385:10-385:14-70
63,武忍之道,,30015;30014;30008,1;5;10;15;20;25;30,9-115:10-115:13-20;9-230:10-230:13-40;9-345:10-345:13-60;9-460:10-460:13-80;9-575:10-575:13-100;9-690:10-690:13-120;9-805:10-805:13-140
64,躲猫猫,,10002;10042,1;5;10;15;20;25;30,7-700:15-10:16-10;7-1400:15-20:16-20;7-2100:15-30:16-30;7-2800:15-40:16-40;7-3500:15-50:16-50;7-4200:15-60:16-60;7-4900:15-70:16-70
65,未来刺客,,20009;30008,1;5;10;15;20;25;30,9-90:10-90:96-90;9-180:10-180:96-180;9-270:10-270:96-270;9-360:10-360:96-360;9-450:10-450:96-450;9-540:10-540:96-540;9-630:10-630:96-630
66,清风竹林,,60014;30002,1;5;10;15;20;25;30,9-90:10-90:95-90;9-180:10-180:95-180;9-270:10-270:95-270;9-360:10-360:95-360;9-450:10-450:95-450;9-540:10-540:95-540;9-630:10-630:95-630
67,万圣节,,10070;10021;10010,1;5;10;15;20;25;30,9-50:10-50:96-50;9-100:10-100:96-100;9-150:10-150:96-150;9-200:10-200:96-200;9-250:10-250:96-250;9-300:10-300:96-300;9-350:10-350:96-350
68,狮王怒吼,,10005;10050,1;5;10;15;20;25;30,11-135:9-135:93-130:91-100;11-270:9-270:93-260:91-200;11-405:9-405:93-390:91-300;11-540:9-540:93-520:91-400;11-675:9-675:93-650:91-500;11-810:9-810:93-780:91-600;11-945:9-945:93-910:91-700
69,报时鸟,,60009;10033,1;5;10;15;20;25;30,8-2:12-85:92-70;8-4:12-170:92-140;8-6:12-255:92-210;8-8:12-340:92-280;8-10:12-425:92-350;8-12:12-510:92-420;8-14:12-595:92-490
71,我听不见,,10059;10002;10022;10049,1;5;10;15;20;25;30,9-60:10-60:95-60;9-120:10-120:95-120;9-180:10-180:95-180;9-240:10-240:95-240;9-300:10-300:95-300;9-360:10-360:95-360;9-420:10-420:95-420
72,苹果头,,10001,1;5;10;15;20;25;30,7-1100:9-70:10-70;7-1155:9-73:10-73;7-1210:9-77:10-77;7-1265:9-80:10-80;7-1320:9-84:10-84;7-1375:9-87:10-87;7-1430:9-91:10-91
73,猫耳发圈,,10002,1;5;10;15;20;25;30,7-500:8-4;7-525:8-4;7-550:8-4;7-575:8-4;7-600:8-4;7-625:8-5;7-650:8-5
74,粉纱发圈,,10003,1;5;10;15;20;25;30,7-600:11-55:15-9;7-630:11-57:15-9;7-660:11-60:15-9;7-690:11-63:15-10;7-720:11-66:15-10;7-750:11-68:15-11;7-780:11-71:15-11
75,趴趴狐,,10004,1;5;10;15;20;25;30,11-55:9-35:10-35:16-9;11-57:9-36:10-36:16-9;11-60:9-38:10-38:16-9;11-63:9-40:10-40:16-10;11-66:9-42:10-42:16-10;11-68:9-43:10-43:16-11;11-71:9-45:10-45:16-11
76,年兽头饰,,10005,1;5;10;15;20;25;30,9-70:10-70:13-9:16-18;9-73:10-73:13-9:16-18;9-77:10-77:13-9:16-19;9-80:10-80:13-10:16-20;9-84:10-84:13-10:16-21;9-87:10-87:13-11:16-22;9-91:10-91:13-11:16-23
77,小恶魔帽,,10010,1;5;10;15;20;25;30,93-20:94-20;93-21:94-21;93-22:94-22;93-23:94-23;93-24:94-24;93-25:94-25;93-26:94-26
78,恶魔之角,,10018,1;5;10;15;20;25;30,11-55:91-20:92-20;11-57:91-21:92-21;11-60:91-22:92-22;11-63:91-23:92-23;11-66:91-24:92-24;11-68:91-25:92-25;11-71:91-26:92-26
79,魔法师帽,,10021,1;5;10;15;20;25;30,10-30:15-7:14-3;10-31:15-7:14-3;10-33:15-7:14-3;10-34:15-8:14-3;10-36:15-8:14-3;10-37:15-8:14-3;10-39:15-9:14-3
80,兔女郎发圈,,10022,1;5;10;15;20;25;30,9-25:10-25;9-26:10-26;9-27:10-27;9-28:10-28;9-30:10-30;9-31:10-31;9-32:10-32
81,恶魔发圈,,10023,1;5;10;15;20;25;30,7-600:12-50:15-9:16-9;7-630:12-52:15-9:16-9;7-660:12-55:15-9:16-9;7-690:12-57:15-10:16-10;7-720:12-60:15-10:16-10;7-750:12-62:15-11:16-11;7-780:12-65:15-11:16-11
82,狮鹫兽帽子,,10033,1;5;10;15;20;25;30,7-500:11-50:15-8:16-8;7-525:11-52:15-8:16-8;7-550:11-55:15-8:16-8;7-575:11-57:15-9:16-9;7-600:11-60:15-9:16-9;7-625:11-62:15-10:16-10;7-650:11-65:15-10:16-10
83,萌萌草,,10034,1;5;10;15;20;25;30,8-4:93-20:94-20;8-4:93-21:94-21;8-4:93-22:94-22;8-4:93-23:94-23;8-4:93-24:94-24;8-5:93-25:94-25;8-5:93-26:94-26
84,耳罩,,10036,1;5;10;15;20;25;30,8-4:12-45:93-20:94-20;8-4:12-47:93-21:94-21;8-4:12-49:93-22:94-22;8-4:12-51:93-23:94-23;8-4:12-54:93-24:94-24;8-5:12-56:93-25:94-25;8-5:12-58:93-26:94-26
85,跳跃的小鸡,,10039,1;5;10;15;20;25;30,12-35:14-3:15-7;12-36:14-3:15-7;12-38:14-3:15-7;12-40:14-3:15-8;12-42:14-3:15-8;12-43:14-3:15-8;12-45:14-3:15-9
86,化装小鸡帽,,10040,1;5;10;15;20;25;30,7-1800:93-80:94-80:97-110;7-1890:93-84:94-84:97-115;7-1980:93-88:94-88:97-121;7-2070:93-92:94-92:97-126;7-2160:93-96:94-96:97-132;7-2250:93-100:94-100:97-137;7-2340:93-104:94-104:97-143
87,萌喵耳朵,,10042,1;5;10;15;20;25;30,10-30:11-45:13-3;10-31:11-47:13-3;10-33:11-49:13-3;10-34:11-51:13-3;10-36:11-54:13-3;10-37:11-56:13-3;10-39:11-58:13-3
88,花发圈,,10045,1;5;10;15;20;25;30,7-600:9-35:10-35:12-50;7-630:9-36:10-36:12-52;7-660:9-38:10-38:12-55;7-690:9-40:10-40:12-57;7-720:9-42:10-42:12-60;7-750:9-43:10-43:12-62;7-780:9-45:10-45:12-65
89,女仆帽,,10046,1;5;10;15;20;25;30,7-600:9-35:10-35;7-630:9-36:10-36;7-660:9-38:10-38;7-690:9-40:10-40;7-720:9-42:10-42;7-750:9-43:10-43;7-780:9-45:10-45
90,兔耳发圈,,10049,1;5;10;15;20;25;30,10-30:15-7:97-30;10-31:15-7:97-31;10-33:15-7:97-33;10-34:15-8:97-34;10-36:15-8:97-36;10-37:15-8:97-37;10-39:15-9:97-39
91,黄金冠冕,,10050,1;5;10;15;20;25;30,7-1800:8-14:15-28:95-180;7-1890:8-14:15-29:95-189;7-1980:8-15:15-30:95-198;7-2070:8-16:15-32:95-207;7-2160:8-16:15-33:95-216;7-2250:8-17:15-35:95-225;7-2340:8-18:15-36:95-234
92,女武神之翼,,10051,1;5;10;15;20;25;30,9-115:10-115:13-14;9-120:10-120:13-14;9-126:10-126:13-15;9-132:10-132:13-16;9-138:10-138:13-16;9-143:10-143:13-17;9-149:10-149:13-18
93,铃铛发带,,10052,1;5;10;15;20;25;30,9-70:10-70:13-9:16-18;9-73:10-73:13-9:16-18;9-77:10-77:13-9:16-19;9-80:10-80:13-10:16-20;9-84:10-84:13-10:16-21;9-87:10-87:13-11:16-22;9-91:10-91:13-11:16-23
94,蛋壳帽,,10054,1;5;10;15;20;25;30,11-100:12-90:97-60;11-105:12-94:97-63;11-110:12-99:97-66;11-115:12-103:97-69;11-120:12-108:97-72;11-125:12-112:97-75;11-130:12-117:97-78
95,天使发圈,,10055,1;5;10;15;20;25;30,7-1000:9-45:10-45:15-6;7-1050:9-47:10-47:15-6;7-1100:9-49:10-49:15-6;7-1150:9-51:10-51:15-6;7-1200:9-54:10-54:15-7;7-1250:9-56:10-56:15-7;7-1300:9-58:10-58:15-7
96,波利耳机,,10059,1;5;10;15;20;25;30,9-95:10-95:93-70:94-70;9-100:10-100:93-72:94-72;9-105:10-105:93-74:94-74;9-110:10-110:93-76:94-76;9-115:10-115:93-78:94-78;9-120:10-120:93-80:94-80;9-125:10-125:93-82:94-82
97,南瓜头,,10070,1;5;10;15;20;25;30,13-7:16-14:97-50;13-7:16-14:97-52;13-7:16-15:97-55;13-8:16-16:97-57;13-8:16-16:97-60;13-8:16-17:97-62;13-9:16-18:97-65
98,伊夫利特面具,,10071,1;5;10;15;20;25;30,7-1900:9-115:10-115:97-110;7-1995:9-120:10-120:97-115;7-2090:9-126:10-126:97-121;7-2185:9-132:10-132:97-126;7-2280:9-138:10-138:97-132;7-2375:9-143:10-143:97-137;7-2470:9-149:10-149:97-143
99,巴风特帽子,,10072,1;5;10;15;20;25;30,9-185:10-185:91-110:92-110;9-194:10-194:91-115:92-115;9-203:10-203:91-121:92-121;9-212:10-212:91-126:92-126;9-222:10-222:91-132:92-132;9-231:10-231:91-137:92-137;9-240:10-240:91-143:92-143
100,武士头盔（男）,,10073,1;5;10;15;20;25;30,7-2600:9-160:10-160:11-240;7-2730:9-168:10-168:11-252;7-2860:9-176:10-176:11-264;7-2990:9-184:10-184:11-276;7-3120:9-192:10-192:11-288;7-3250:9-200:10-200:11-300;7-3380:9-208:10-208:11-312
101,武士护额（女）,,10074,1;5;10;15;20;25;30,7-2600:9-160:10-160:11-240;7-2730:9-168:10-168:11-252;7-2860:9-176:10-176:11-264;7-2990:9-184:10-184:11-276;7-3120:9-192:10-192:11-288;7-3250:9-200:10-200:11-300;7-3380:9-208:10-208:11-312
102,礼服头饰（男）,,10075,1;5;10;15;20;25;30,7-3000:9-180:10-180:12-250;7-3150:9-189:10-189:12-262;7-3300:9-198:10-198:12-275;7-3450:9-207:10-207:12-287;7-3600:9-216:10-216:12-300;7-3750:9-225:10-225:12-312;7-3900:9-234:10-234:12-325
103,礼服头饰（女）,,10076,1;5;10;15;20;25;30,7-3000:9-180:10-180:12-250;7-3150:9-189:10-189:12-262;7-3300:9-198:10-198:12-275;7-3450:9-207:10-207:12-287;7-3600:9-216:10-216:12-300;7-3750:9-225:10-225:12-312;7-3900:9-234:10-234:12-325
104,恶魔翅膀耳饰,,20002,1;5;10;15;20;25;30,7-1000:9-45:10-45:15-6;7-1050:9-47:10-47:15-6;7-1100:9-49:10-49:15-6;7-1150:9-51:10-51:15-6;7-1200:9-54:10-54:15-7;7-1250:9-56:10-56:15-7;7-1300:9-58:10-58:15-7
105,黑框眼镜,,20007,1;5;10;15;20;25;30,7-1000:9-45:10-45:15-6;7-1050:9-47:10-47:15-6;7-1100:9-49:10-49:15-6;7-1150:9-51:10-51:15-6;7-1200:9-54:10-54:15-7;7-1250:9-56:10-56:15-7;7-1300:9-58:10-58:15-7
106,红晕,,20008,1;5;10;15;20;25;30,7-1700:9-105:10-105;7-1785:9-110:10-110;7-1870:9-115:10-115;7-1955:9-120:10-120;7-2040:9-126:10-126;7-2125:9-131:10-131;7-2210:9-136:10-136
107,独眼巨人的护目镜,,20009,1;5;10;15;20;25;30,7-1800:93-80:94-80:13-14;7-1890:93-84:94-84:13-14;7-1980:93-88:94-88:13-15;7-2070:93-92:94-92:13-16;7-2160:93-96:94-96:13-16;7-2250:93-100:94-100:13-17;7-2340:93-104:94-104:13-18
108,妖精长耳朵,,20010,1;5;10;15;20;25;30,7-1600:92-60:96-160:13-12;7-1680:92-63:96-168:13-12;7-1760:92-66:96-176:13-13;7-1840:92-69:96-184:13-13;7-1920:92-72:96-192:13-14;7-2000:92-75:96-200:13-15;7-2080:92-78:96-208:13-15
109,花叶,,30001,1;5;10;15;20;25;30,9-75:10-75:95-120:96-120;9-78:10-78:95-126:96-126;9-82:10-82:95-132:96-132;9-86:10-86:95-138:96-138;9-90:10-90:95-144:96-144;9-93:10-93:95-150:96-150;9-97:10-97:95-156:96-156
110,草叶,,30002,1;5;10;15;20;25;30,12-90:13-8:16-17;12-94:13-8:16-17;12-99:13-8:16-18;12-103:13-9:16-19;12-108:13-9:16-20;12-112:13-10:16-21;12-117:13-10:16-22
111,奶嘴,,30005,1;5;10;15;20;25;30,11-175:91-70:92-70;11-183:91-73:92-73;11-192:91-77:92-77;11-201:91-80:92-80;11-210:91-84:92-84;11-218:91-87:92-87;11-227:91-91:92-91
112,口罩,,30007,1;5;10;15;20;25;30,12-50:9-35:10-35:13-4;12-52:9-36:10-36:13-4;12-55:9-38:10-38:13-4;12-57:9-40:10-40:13-4;12-60:9-42:10-42:13-4;12-62:9-43:10-43:13-5;12-65:9-45:10-45:13-5
113,刺客面罩,,30008,1;5;10;15;20;25;30,9-75:10-75:91-40:92-40;9-78:10-78:91-42:92-42;9-82:10-82:91-44:92-44;9-86:10-86:91-46:92-46;9-90:10-90:91-48:92-48;9-93:10-93:91-50:92-50;9-97:10-97:91-52:92-52
114,棒棒糖,,30009,1;5;10;15;20;25;30,7-1000:9-100:10-100;7-1500:9-150:10-150;7-2000:9-200:10-200;7-2500:9-250:10-250;7-3000:9-320:10-320;7-4000:9-390:10-390;7-5000:9-470:10-470
115,圣诞老人胡子,,30010,1;5;10;15;20;25;30,7-900:12-80:96-90;7-945:12-84:96-94;7-990:12-88:96-99;7-1035:12-92:96-103;7-1080:12-96:96-108;7-1125:12-100:96-112;7-1170:12-104:96-117
116,深红玫瑰,,30011,1;5;10;15;20;25;30,7-900:12-80:95-90;7-945:12-84:95-94;7-990:12-88:95-99;7-1035:12-92:95-103;7-1080:12-96:95-108;7-1125:12-100:95-112;7-1170:12-104:95-117
117,红色面罩,,30012,1;5;10;15;20;25;30,9-75:93-50:91-40;9-78:93-52:91-42;9-82:93-55:91-44;9-86:93-57:91-46;9-90:93-60:91-48;9-93:93-62:91-50;9-97:93-65:91-52
119,忍者卷轴,,30014,1;5;10;15;20;25;30,7-1400:9-85:10-85;7-1470:9-89:10-89;7-1540:9-93:10-93;7-1610:9-97:10-97;7-1680:9-102:10-102;7-1750:9-106:10-106;7-1820:9-110:10-110
120,武士面具,,30015,1;5;10;15;20;25;30,9-160:10-160:11-245;9-168:10-168:11-257;9-176:10-176:11-269;9-184:10-184:11-281;9-192:10-192:11-294;9-200:10-200:11-306;9-208:10-208:11-318
121,青春有你（男）,,40001,1;5;10;15;20;25;30,7-1700:9-100:10-100:15-26;7-1785:9-105:10-105:15-27;7-1870:9-110:10-110:15-28;7-1955:9-115:10-115:15-29;7-2040:9-120:10-120:15-31;7-2125:9-125:10-125:15-32;7-2210:9-130:10-130:15-33
122,青春有你（女）,,40002,1;5;10;15;20;25;30,7-1700:9-100:10-100:15-26;7-1785:9-105:10-105:15-27;7-1870:9-110:10-110:15-28;7-1955:9-115:10-115:15-29;7-2040:9-120:10-120:15-31;7-2125:9-125:10-125:15-32;7-2210:9-130:10-130:15-33
123,风林火山（男）,,40003,1;5;10;15;20;25;30,7-2800:9-170:10-170:14-21;7-2940:9-178:10-178:14-22;7-3080:9-187:10-187:14-23;7-3220:9-195:10-195:14-24;7-3360:9-204:10-204:14-25;7-3500:9-212:10-212:14-26;7-3640:9-221:10-221:14-27
124,风林火山（女）,,40004,1;5;10;15;20;25;30,7-2800:9-170:10-170:14-21;7-2940:9-178:10-178:14-22;7-3080:9-187:10-187:14-23;7-3220:9-195:10-195:14-24;7-3360:9-204:10-204:14-25;7-3500:9-212:10-212:14-26;7-3640:9-221:10-221:14-27
125,礼服（男）,,40005,1;5;10;15;20;25;30,12-145:95-170:96-170:13-13;12-152:95-178:96-178:13-13;12-159:95-187:96-187:13-14;12-166:95-195:96-195:13-14;12-174:95-204:96-204:13-15;12-181:95-212:96-212:13-16;12-188:95-221:96-221:13-16
126,礼服（女）,,40006,1;5;10;15;20;25;30,12-145:95-170:96-170:13-13;12-152:95-178:96-178:13-13;12-159:95-187:96-187:13-14;12-166:95-195:96-195:13-14;12-174:95-204:96-204:13-15;12-181:95-212:96-212:13-16;12-188:95-221:96-221:13-16
127,胡萝卜短剑,,50001,1;5;10;15;20;25;30,9-55:93-40:97-50;9-57:93-42:97-52;9-60:93-44:97-55;9-63:93-46:97-57;9-66:93-48:97-60;9-68:93-50:97-62;9-71:93-52:97-65
128,咸鱼长剑,,50002,1;5;10;15;20;25;30,9-60:93-40:97-60;9-63:93-42:97-63;9-66:93-44:97-66;9-69:93-46:97-69;9-72:93-48:97-72;9-75:93-50:97-75;9-78:93-52:97-78
129,波板糖权杖,,50003,1;5;10;15;20;25;30,10-60:94-40:97-60;10-63:94-42:97-63;10-66:94-44:97-66;10-69:94-46:97-69;10-72:94-48:97-72;10-75:94-50:97-75;10-78:94-52:97-78
130,荆棘蔷薇弓,,50004,1;5;10;15;20;25;30,9-75:93-50:97-70;9-78:93-52:97-73;9-82:93-55:97-77;9-86:93-57:97-80;9-90:93-60:97-84;9-93:93-62:97-87;9-97:93-65:97-91
131,向日葵法杖,,50005,1;5;10;15;20;25;30,10-55:94-40:97-50;10-57:94-42:97-52;10-60:94-44:97-55;10-63:94-46:97-57;10-66:94-48:97-60;10-68:94-50:97-62;10-71:94-52:97-65
132,大太刀,,50006,1;5;10;15;20;25;30,9-150:93-110:91-90;9-157:93-115:91-94;9-165:93-121:91-99;9-172:93-126:91-103;9-180:93-132:91-108;9-187:93-137:91-112;9-195:93-143:91-117
133,团扇,,50007,1;5;10;15;20;25;30,10-150:94-110:92-90;10-157:94-115:92-94;10-165:94-121:92-99;10-172:94-126:92-103;10-180:94-132:92-108;10-187:94-137:92-112;10-195:94-143:92-117
134,大弓,,50008,1;5;10;15;20;25;30,9-150:93-110:91-90;9-157:93-115:91-94;9-165:93-121:91-99;9-172:93-126:91-103;9-180:93-132:91-108;9-187:93-137:91-112;9-195:93-143:91-117
135,苦无,,50009,1;5;10;15;20;25;30,9-150:93-110:91-90;9-157:93-115:91-94;9-165:93-121:91-99;9-172:93-126:91-103;9-180:93-132:91-108;9-187:93-137:91-112;9-195:93-143:91-117
136,折扇,,50011,1;5;10;15;20;25;30,10-150:94-110:92-90;10-157:94-115:92-94;10-165:94-121:92-99;10-172:94-126:92-103;10-180:94-132:92-108;10-187:94-137:92-112;10-195:94-143:92-117
137,双刀,,50012,1;5;10;15;20;25;30,9-150:93-110:91-90;9-157:93-115:91-94;9-165:93-121:91-99;9-172:93-126:91-103;9-180:93-132:91-108;9-187:93-137:91-112;9-195:93-143:91-117
138,笼手,,50014,1;5;10;15;20;25;30,10-150:94-110:92-90;10-157:94-115:92-94;10-165:94-121:92-99;10-172:94-126:92-103;10-180:94-132:92-108;10-187:94-137:92-112;10-195:94-143:92-117
139,纳户特基格双剑,,50016,1;5;10;15;20;25;30,9-80:93-60:91-50;9-84:93-63:91-52;9-88:93-66:91-55;9-92:93-69:91-57;9-96:93-72:91-60;9-100:93-75:91-62;9-104:93-78:91-65
140,纳户特基格法杖,,50017,1;5;10;15;20;25;30,10-90:94-60:92-50;10-94:94-63:92-52;10-99:94-66:92-55;10-103:94-69:92-57;10-108:94-72:92-60;10-112:94-75:92-62;10-117:94-78:92-65
141,纳户特基格冰火弓,,50018,1;5;10;15;20;25;30,9-100:93-70:91-60;9-105:93-73:91-63;9-110:93-77:91-66;9-115:93-80:91-69;9-120:93-84:91-72;9-125:93-87:91-75;9-130:93-91:91-78
143,纳户特基格短剑,,50021,1;5;10;15;20;25;30,9-95:93-70:91-60;9-99:93-73:91-63;9-104:93-77:91-66;9-109:93-80:91-69;9-114:93-84:91-72;9-118:93-87:91-75;9-123:93-91:91-78
144,纳户特基格权杖,,50022,1;5;10;15;20;25;30,10-85:94-60:92-50;10-89:94-63:92-52;10-93:94-66:92-55;10-97:94-69:92-57;10-102:94-72:92-60;10-106:94-75:92-62;10-110:94-78:92-65
145,纳户特基格剑盾,,50023,1;5;10;15;20;25;30,9-100:93-70:91-60;9-105:93-73:91-63;9-110:93-77:91-66;9-115:93-80:91-69;9-120:93-84:91-72;9-125:93-87:91-75;9-130:93-91:91-78
146,纳户特基格拳套,,50025,1;5;10;15;20;25;30,9-85:93-60:91-50;9-89:93-63:91-52;9-93:93-66:91-55;9-97:93-69:91-57;9-102:93-72:91-60;9-106:93-75:91-62;9-110:93-78:91-65
147,莱瓦汀·胜利之剑,,50027,1;5;10;15;20;25;30,9-115:93-80:91-70;9-120:93-84:91-73;9-126:93-88:91-77;9-132:93-92:91-80;9-138:93-96:91-84;9-143:93-100:91-87;9-149:93-104:91-91
148,莱瓦汀·灾厄之枝,,50028,1;5;10;15;20;25;30,10-90:94-70:92-50;10-94:94-73:92-52;10-99:94-77:92-55;10-103:94-80:92-57;10-108:94-84:92-60;10-112:94-87:92-62;10-117:94-91:92-65
149,莱瓦汀·落日之弓,,50029,1;5;10;15;20;25;30,9-105:93-70:91-60;9-110:93-73:91-63;9-115:93-77:91-66;9-120:93-80:91-69;9-126:93-84:91-72;9-131:93-87:91-75;9-136:93-91:91-78
150,莱瓦汀·破晓之锋,,50030,1;5;10;15;20;25;30,9-95:93-70:91-60;9-99:93-73:91-63;9-104:93-77:91-66;9-109:93-80:91-69;9-114:93-84:91-72;9-118:93-87:91-75;9-123:93-91:91-78
151,莱瓦汀·灭世之火,,50032,1;5;10;15;20;25;30,10-90:94-60:92-50;10-94:94-63:92-52;10-99:94-66:92-55;10-103:94-69:92-57;10-108:94-72:92-60;10-112:94-75:92-62;10-117:94-78:92-65
152,莱瓦汀·覆天之炎,,50033,1;5;10;15;20;25;30,9-90:93-60:91-50;9-94:93-63:91-52;9-99:93-66:91-55;9-103:93-69:91-57;9-108:93-72:91-60;9-112:93-75:91-62;9-117:93-78:91-65
153,莱瓦汀·余烬之怒,,50035,1;5;10;15;20;25;30,9-115:93-80:91-70;9-120:93-84:91-73;9-126:93-88:91-77;9-132:93-92:91-80;9-138:93-96:91-84;9-143:93-100:91-87;9-149:93-104:91-91
154,小恶魔翅膀,,60001,1;5;10;15;20;25;30,7-1600:9-95:10-95;7-1680:9-99:10-99;7-1760:9-104:10-104;7-1840:9-109:10-109;7-1920:9-114:10-114;7-2000:9-118:10-118;7-2080:9-123:10-123
155,波利背包,,60003,1;5;10;15;20;25;30,7-1100:10-65:92-40;7-1155:10-68:92-42;7-1210:10-71:92-44;7-1265:10-74:92-46;7-1320:10-78:92-48;7-1375:10-81:92-50;7-1430:10-84:92-52
156,天使翅膀,,60007,1;5;10;15;20;25;30,7-3000:9-180:10-180:16-46;7-3150:9-189:10-189:16-48;7-3300:9-198:10-198:16-50;7-3450:9-207:10-207:16-52;7-3600:9-216:10-216:16-55;7-3750:9-225:10-225:16-57;7-3900:9-234:10-234:16-59
157,布偶兔背包,,60008,1;5;10;15;20;25;30,7-1000:12-80:16-15;7-1050:12-84:16-15;7-1100:12-88:16-16;7-1150:12-92:16-17;7-1200:12-96:16-18;7-1250:12-100:16-18;7-1300:12-104:16-19
158,上紧发条,,60009,1;5;10;15;20;25;30,7-1500:11-140:14-11;7-1575:11-147:14-11;7-1650:11-154:14-12;7-1725:11-161:14-12;7-1800:11-168:14-13;7-1875:11-175:14-13;7-1950:11-182:14-14
159,巴风特布偶,,60010,1;5;10;15;20;25;30,7-2800:9-170:10-170:14-21;7-2940:9-178:10-178:14-22;7-3080:9-187:10-187:14-23;7-3220:9-195:10-195:14-24;7-3360:9-204:10-204:14-25;7-3500:9-212:10-212:14-26;7-3640:9-221:10-221:14-27
160,小恶魔背包,,60011,1;5;10;15;20;25;30,7-1900:9-120:96-190;7-1995:9-126:96-199;7-2090:9-132:96-209;7-2185:9-138:96-218;7-2280:9-144:96-228;7-2375:9-150:96-237;7-2470:9-156:96-247
161,太阳神光环,,60012,1;5;10;15;20;25;30,9-90:10-90:14-11:13-11;9-94:10-94:14-11:13-11;9-99:10-99:14-12:13-12;9-103:10-103:14-12:13-12;9-108:10-108:14-13:13-13;9-112:10-112:14-13:13-13;9-117:10-117:14-14:13-14
162,东南亚鼓,,60013,1;5;10;15;20;25;30,10-120:94-90:14-15;10-126:94-94:14-15;10-132:94-99:14-16;10-138:94-103:14-17;10-144:94-108:14-18;10-150:94-112:14-18;10-156:94-117:14-19
163,古斯里琴,,60014,1;5;10;15;20;25;30,10-95:11-145:16-24;10-99:11-152:16-25;10-104:11-159:16-26;10-109:11-166:16-27;10-114:11-174:16-28;10-118:11-181:16-30;10-123:11-188:16-31
164,撒旦之翼,,60005,1;5;10;15;20;25;30,7-3000:9-180:10-180:16-46;7-3150:9-189:10-189:16-48;7-3300:9-198:10-198:16-50;7-3450:9-207:10-207:16-52;7-3600:9-216:10-216:16-55;7-3750:9-225:10-225:16-57;7-3900:9-234:10-234:16-59
165,礼帽,,10009,1;5;10;15;20;25;30,8-2:12-70:92-60;8-4:12-140:92-120;8-6:12-210:92-180;8-8:12-280:92-240;8-10:12-350:92-300;8-12:12-420:92-360;8-14:12-490:92-420
166,贤者之冠,,10019,1;5;10;15;20;25;30,9-85:10-85:95-100;9-170:10-170:95-200;9-255:10-255:95-300;9-340:10-340:95-400;9-425:10-425:95-500;9-510:10-510:95-600;9-595:10-595:95-700
167,圣职之帽,,10020,1;5;10;15;20;25;30,9-80:10-80:96-90;9-160:10-160:96-180;9-240:10-240:96-270;9-320:10-320:96-360;9-400:10-400:96-450;9-480:10-480:96-540;9-560:10-560:96-630
168,耳机,,10026,1;5;10;15;20;25;30,7-900:15-20:16-15;7-1800:15-40:16-30;7-2700:15-60:16-45;7-3600:15-80:16-60;7-4500:15-100:16-75;7-5400:15-120:16-90;7-6300:15-140:16-105
169,绒线小蓝帽,,10027,1;5;10;15;20;25;30,9-85:10-85:14-15;9-170:10-170:14-30;9-255:10-255:14-45;9-340:10-340:14-60;9-425:10-425:14-75;9-510:10-510:14-90;9-595:10-595:14-105
170,爱丽丝女仆娃娃,,10064,1;5;10;15;20;25;30,11-85:9-85:93-70;11-170:9-170:93-140;11-255:9-255:93-210;11-340:9-340:93-280;11-425:9-425:93-350;11-510:9-510:93-420;11-595:9-595:93-490
171,骸骨头盔,,10028,1;5;10;15;20;25;30,12-70:10-80:94-70;12-140:10-160:94-140;12-210:10-240:94-210;12-280:10-320:94-280;12-350:10-400:94-350;12-420:10-480:94-420;12-490:10-560:94-490
172,灵魂发箍,,10029,1;5;10;15;20;25;30,7-800:9-80:10-80;7-1600:9-160:10-160;7-2400:9-240:10-240;7-3200:9-320:10-320;7-4000:9-400:10-400;7-4800:9-480:10-480;7-5600:9-560:10-560
173,守护之冠,,10030,1;5;10;15;20;25;30,9-80:10-80:13-10;9-160:10-160:13-20;9-240:10-240:13-30;9-320:10-320:13-40;9-400:10-400:13-50;9-480:10-480:13-60;9-560:10-560:13-70
174,骨制头盔,,10031,1;5;10;15;20;25;30,7-900:8-2:91-60;7-1800:8-4:91-120;7-2700:8-6:91-180;7-3600:8-8:91-240;7-4500:8-10:91-300;7-5400:8-12:91-360;7-6300:8-14:91-420
175,妖道帽子,,10032,1;5;10;15;20;25;30,7-900:11-85:97-60;7-1800:11-170:97-120;7-2700:11-255:97-180;7-3600:11-340:97-240;7-4500:11-425:97-300;7-5400:11-510:97-360;7-6300:11-595:97-420
176,艾咪斯可鲁,,10035,1;5;10;15;20;25;30,8-2:12-70:92-60;8-4:12-140:92-120;8-6:12-210:92-180;8-8:12-280:92-240;8-10:12-350:92-300;8-12:12-420:92-360;8-14:12-490:92-420
177,绵绵羊帽子,,10037,1;5;10;15;20;25;30,7-900:9-80:93-70;7-1800:9-160:93-140;7-2700:9-240:93-210;7-3600:9-320:93-280;7-4500:9-400:93-350;7-5400:9-480:93-420;7-6300:9-560:93-490
178,萌萌鲨鱼,,10041,1;5;10;15;20;25;30,7-900:10-80:94-70;7-1800:10-160:94-140;7-2700:10-240:94-210;7-3600:10-320:94-280;7-4500:10-400:94-350;7-5400:10-480:94-420;7-6300:10-560:94-490
179,恶魔角,,10043,1;5;10;15;20;25;30,7-900:9-90:95-100;7-1800:9-180:95-200;7-2700:9-270:95-300;7-3600:9-360:95-400;7-4500:9-450:95-500;7-5400:9-540:95-600;7-6300:9-630:95-700
180,麦得斯之耳语,,10044,1;5;10;15;20;25;30,7-900:10-80:96-100;7-1800:10-160:96-200;7-2700:10-240:96-300;7-3600:10-320:96-400;7-4500:10-400:96-500;7-5400:10-480:96-600;7-6300:10-560:96-700
181,后冠,,10047,1;5;10;15;20;25;30,7-900:9-85:10-85;7-1800:9-170:10-170;7-2700:9-255:10-255;7-3600:9-340:10-340;7-4500:9-425:10-425;7-5400:9-510:10-510;7-6300:9-595:10-595
182,发箍,,10048,1;5;10;15;20;25;30,7-900:9-80:10-80;7-1800:9-160:10-160;7-2700:9-240:10-240;7-3600:9-320:10-320;7-4500:9-400:10-400;7-5400:9-480:10-480;7-6300:9-560:10-560
183,垂死天鹅,,10053,1;5;10;15;20;25;30,7-900:9-80:10-80;7-1800:9-160:10-160;7-2700:9-240:10-240;7-3600:9-320:10-320;7-4500:9-400:10-400;7-5400:9-480:10-480;7-6300:9-560:10-560
184,王冠,,10056,1;5;10;15;20;25;30,9-75:10-75:95-90;9-150:10-150:95-180;9-225:10-225:95-270;9-300:10-300:95-360;9-375:10-375:95-450;9-450:10-450:95-540;9-525:10-525:95-630
185,红色少女礼帽,,10057,1;5;10;15;20;25;30,9-90:10-90:96-100;9-180:10-180:96-200;9-270:10-270:96-300;9-360:10-360:96-400;9-450:10-450:96-500;9-540:10-540:96-600;9-630:10-630:96-700
186,红色蝴蝶结,,10058,1;5;10;15;20;25;30,7-900:15-25:16-20;7-1800:15-50:16-40;7-2700:15-75:16-60;7-3600:15-100:16-80;7-4500:15-125:16-100;7-5400:15-150:16-120;7-6300:15-175:16-140
189,吐司,,30006,1;5;10;15;20;25;30,12-80:10-85:94-80;12-160:10-170:94-160;12-240:10-255:94-240;12-320:10-340:94-320;12-400:10-425:94-400;12-480:10-510:94-480;12-560:10-595:94-560
190,梦幻海星头饰,,10077,1;5;10;15;20;25;30,7-1100:9-105:10-105;7-1210:9-115:10-115;7-1320:9-126:10-126;7-1430:9-136:10-136;7-1540:9-147:10-147;7-1650:9-157:10-157;7-1760:9-168:10-168
191,逐梦眼镜头饰,,10078,1;5;10;15;20;25;30,7-1100:9-105:10-105;7-1210:9-115:10-115;7-1320:9-126:10-126;7-1430:9-136:10-136;7-1540:9-147:10-147;7-1650:9-157:10-157;7-1760:9-168:10-168
192,甜蜜海星头饰,,10079,1;5;10;15;20;25;30,9-110:10-110:13-15;9-121:10-121:13-16;9-132:10-132:13-18;9-143:10-143:13-19;9-154:10-154:13-21;9-165:10-165:13-22;9-176:10-176:13-24
193,觅心眼镜头饰,,10080,1;5;10;15;20;25;30,9-110:10-110:13-15;9-121:10-121:13-16;9-132:10-132:13-18;9-143:10-143:13-19;9-154:10-154:13-21;9-165:10-165:13-22;9-176:10-176:13-24
194,蔚蓝阳光头饰,,10081,1;5;10;15;20;25;30,7-1200:8-2:91-80;7-1320:8-2:91-88;7-1440:8-2:91-96;7-1560:8-2:91-104;7-1680:8-2:91-112;7-1800:8-3:91-120;7-1920:8-3:91-128
195,蔚蓝阳光头饰,,10082,1;5;10;15;20;25;30,7-1200:8-2:91-80;7-1320:8-2:91-88;7-1440:8-2:91-96;7-1560:8-2:91-104;7-1680:8-2:91-112;7-1800:8-3:91-120;7-1920:8-3:91-128
196,粉红阳光头饰,,10083,1;5;10;15;20;25;30,7-1200:11-105:97-80;7-1320:11-115:97-88;7-1440:11-126:97-96;7-1560:11-136:97-104;7-1680:11-147:97-112;7-1800:11-157:97-120;7-1920:11-168:97-128
197,粉红阳光头饰,,10084,1;5;10;15;20;25;30,7-1200:11-105:97-80;7-1320:11-115:97-88;7-1440:11-126:97-96;7-1560:11-136:97-104;7-1680:11-147:97-112;7-1800:11-157:97-120;7-1920:11-168:97-128
198,稻荷姬,,10085,1;5;10;15;20;25;30,8-3:12-105:92-90;8-3:12-115:92-99;8-3:12-126:92-108;8-3:12-136:92-117;8-4:12-147:92-126;8-4:12-157:92-135;8-4:12-168:92-144
199,稻荷神,,10086,1;5;10;15;20;25;30,8-3:12-105:92-90;8-3:12-115:92-99;8-3:12-126:92-108;8-3:12-136:92-117;8-4:12-147:92-126;8-4:12-157:92-135;8-4:12-168:92-144
200,梦想水手服饰,,40007,1;5;10;15;20;25;30,7-1200:9-110:10-110;7-1320:9-121:10-121;7-1440:9-132:10-132;7-1560:9-143:10-143;7-1680:9-154:10-154;7-1800:9-165:10-165;7-1920:9-176:10-176
201,梦想水手服饰,,40008,1;5;10;15;20;25;30,7-1200:9-110:10-110;7-1320:9-121:10-121;7-1440:9-132:10-132;7-1560:9-143:10-143;7-1680:9-154:10-154;7-1800:9-165:10-165;7-1920:9-176:10-176
202,甜心水手服饰,,40009,1;5;10;15;20;25;30,7-1200:9-115:10-115;7-1320:9-126:10-126;7-1440:9-138:10-138;7-1560:9-149:10-149;7-1680:9-161:10-161;7-1800:9-172:10-172;7-1920:9-184:10-184
203,甜心水手服饰,,40010,1;5;10;15;20;25;30,7-1200:9-115:10-115;7-1320:9-126:10-126;7-1440:9-138:10-138;7-1560:9-149:10-149;7-1680:9-161:10-161;7-1800:9-172:10-172;7-1920:9-184:10-184
204,蔚蓝派对服饰,,40011,1;5;10;15;20;25;30,9-110:10-110:13-15;9-121:10-121:13-16;9-132:10-132:13-18;9-143:10-143:13-19;9-154:10-154:13-21;9-165:10-165:13-22;9-176:10-176:13-24
205,蔚蓝派对服饰,,40012,1;5;10;15;20;25;30,9-110:10-110:13-15;9-121:10-121:13-16;9-132:10-132:13-18;9-143:10-143:13-19;9-154:10-154:13-21;9-165:10-165:13-22;9-176:10-176:13-24
206,粉红派对服饰,,40013,1;5;10;15;20;25;30,7-1200:8-2:91-80;7-1320:8-2:91-88;7-1440:8-2:91-96;7-1560:8-2:91-104;7-1680:8-2:91-112;7-1800:8-3:91-120;7-1920:8-3:91-128
207,粉红派对服饰,,40014,1;5;10;15;20;25;30,7-1200:8-2:91-80;7-1320:8-2:91-88;7-1440:8-2:91-96;7-1560:8-2:91-104;7-1680:8-2:91-112;7-1800:8-3:91-120;7-1920:8-3:91-128
208,花语乘风,,40015,1;5;10;15;20;25;30,7-1200:11-115:97-90;7-1320:11-126:97-99;7-1440:11-138:97-108;7-1560:11-149:97-117;7-1680:11-161:97-126;7-1800:11-172:97-135;7-1920:11-184:97-144
209,天霜胧月,,40016,1;5;10;15;20;25;30,7-1200:11-115:97-90;7-1320:11-126:97-99;7-1440:11-138:97-108;7-1560:11-149:97-117;7-1680:11-161:97-126;7-1800:11-172:97-135;7-1920:11-184:97-144
210,梦想水手,,10077;40007,1;5;10;15;20;25;30,8-3:12-105:92-90;8-6:12-210:92-180;8-9:12-315:92-270;8-12:12-420:92-360;8-15:12-525:92-450;8-18:12-630:92-540;8-21:12-735:92-630
211,梦想水手,,10078;40008,1;5;10;15;20;25;30,8-3:12-105:92-90;8-6:12-210:92-180;8-9:12-315:92-270;8-12:12-420:92-360;8-15:12-525:92-450;8-18:12-630:92-540;8-21:12-735:92-630
212,甜心水手,,10079;40009,1;5;10;15;20;25;30,7-1100:9-105:10-105;7-2200:9-210:10-210;7-3300:9-315:10-315;7-4400:9-420:10-420;7-5500:9-525:10-525;7-6600:9-630:10-630;7-7700:9-735:10-735
213,甜心水手,,10080;40010,1;5;10;15;20;25;30,7-1100:9-105:10-105;7-2200:9-210:10-210;7-3300:9-315:10-315;7-4400:9-420:10-420;7-5500:9-525:10-525;7-6600:9-630:10-630;7-7700:9-735:10-735
214,蔚蓝派对,,10081;40011,1;5;10;15;20;25;30,7-1100:9-105:10-105;7-2200:9-210:10-210;7-3300:9-315:10-315;7-4400:9-420:10-420;7-5500:9-525:10-525;7-6600:9-630:10-630;7-7700:9-735:10-735
215,蔚蓝派对,,10082;40012,1;5;10;15;20;25;30,7-1100:9-105:10-105;7-2200:9-210:10-210;7-3300:9-315:10-315;7-4400:9-420:10-420;7-5500:9-525:10-525;7-6600:9-630:10-630;7-7700:9-735:10-735
216,粉红派对,,10083;40013,1;5;10;15;20;25;30,7-1300:9-115:10-115;7-2600:9-230:10-230;7-3900:9-345:10-345;7-5200:9-460:10-460;7-6500:9-575:10-575;7-7800:9-690:10-690;7-9100:9-805:10-805
217,粉红派对,,10084;40014,1;5;10;15;20;25;30,7-1300:9-115:10-115;7-2600:9-230:10-230;7-3900:9-345:10-345;7-5200:9-460:10-460;7-6500:9-575:10-575;7-7800:9-690:10-690;7-9100:9-805:10-805
218,风花雪月,,10085;40015,1;5;10;15;20;25;30,7-1300:9-115:10-115;7-2600:9-230:10-230;7-3900:9-345:10-345;7-5200:9-460:10-460;7-6500:9-575:10-575;7-7800:9-690:10-690;7-9100:9-805:10-805
219,风花雪月,,10086;40016,1;5;10;15;20;25;30,7-1300:9-115:10-115;7-2600:9-230:10-230;7-3900:9-345:10-345;7-5200:9-460:10-460;7-6500:9-575:10-575;7-7800:9-690:10-690;7-9100:9-805:10-805
220,红色少女,,10057;10058,1;5;10;15;20;25;30,7-900:15-25:16-20;7-1800:15-50:16-40;7-2700:15-75:16-60;7-3600:15-100:16-80;7-4500:15-125:16-100;7-5400:15-150:16-120;7-6300:15-175:16-140
221,王者之冠,,10030;10047;10048;10056,1;5;10;15;20;25;30,9-85:10-85:14-20;9-170:10-170:14-40;9-255:10-255:14-60;9-340:10-340:14-80;9-425:10-425:14-100;9-510:10-510:14-120;9-595:10-595:14-140
222,有骨气,,10028;10031,1;5;10;15;20;25;30,11-80:9-80:93-70;11-160:9-160:93-140;11-240:9-240:93-210;11-320:9-320:93-280;11-400:9-400:93-350;11-480:9-480:93-420;11-560:9-560:93-490
223,恶向耳边生,,10043;10044,1;5;10;15;20;25;30,12-80:10-90:94-80;12-160:10-180:94-160;12-240:10-270:94-240;12-320:10-360:94-320;12-400:10-450:94-400;12-480:10-540:94-480;12-560:10-630:94-560
224,懒羊羊,,10035;10037,1;5;10;15;20;25;30,7-800:9-80:10-80;7-1600:9-160:10-160;7-2400:9-240:10-240;7-3200:9-320:10-320;7-4000:9-400:10-400;7-4800:9-480:10-480;7-5600:9-560:10-560
225,神职者,,10019;10020,1;5;10;15;20;25;30,9-85:10-85:13-10;9-170:10-170:13-20;9-255:10-255:13-30;9-340:10-340:13-40;9-425:10-425:13-50;9-510:10-510:13-60;9-595:10-595:13-70
226,死或生,,10029;10053,1;5;10;15;20;25;30,7-900:8-2:91-70;7-1800:8-4:91-140;7-2700:8-6:91-210;7-3600:8-8:91-280;7-4500:8-10:91-350;7-5400:8-12:91-420;7-6300:8-14:91-490
227,有礼貌,,10009;10057,1;5;10;15;20;25;30,7-900:11-90:97-70;7-1800:11-180:97-140;7-2700:11-270:97-210;7-3600:11-360:97-280;7-4500:11-450:97-350;7-5400:11-540:97-420;7-6300:11-630:97-490
228,有妖气,,60005;10032,1;5;10;15;20;25;30,8-2:12-80:92-70;8-4:12-160:92-140;8-6:12-240:92-210;8-8:12-320:92-280;8-10:12-400:92-350;8-12:12-480:92-420;8-14:12-560:92-490
229,光头冬天冷,,10026;10027,1;5;10;15;20;25;30,7-900:9-80:93-70;7-1800:9-160:93-140;7-2700:9-240:93-210;7-3600:9-320:93-280;7-4500:9-400:93-350;7-5400:9-480:93-420;7-6300:9-560:93-490
230,萌萌脑袋,,10041;10064,1;5;10;15;20;25;30,7-800:10-80:94-70;7-1600:10-160:94-140;7-2400:10-240:94-210;7-3200:10-320:94-280;7-4000:10-400:94-350;7-4800:10-480:94-420;7-5600:10-560:94-490
232,红豆粽子,,10087,1;5;10;15;20;25;30,7-900:11-100:15-20;7-1800:11-160:15-30;7-2700:11-220:15-45;7-3600:11-280:15-65;7-4500:11-360:15-85;7-5400:11-460:15-100;7-6300:11-600:15-125
233,五花粽子,,10088,1;5;10;15;20;25;30,7-900:12-100:16-20;7-1800:12-160:16-30;7-2700:12-220:16-45;7-3600:12-280:16-65;7-4500:12-360:16-85;7-5400:12-460:16-100;7-6300:12-600:16-125
234,蝴蝶翅膀,,60002,1;5;10;15;20;25;30,7-1000:9-100:10-100;7-1800:9-160:10-160;7-2700:9-260:10-260;7-3600:9-400:10-400;7-4500:9-560:10-560;7-5400:9-740:10-740;7-6300:9-940:10-940
235,黄凤蝶翅膀,,60004,1;5;10;15;20;25;30,7-1000:9-100:10-100;7-1800:9-160:10-160;7-2700:9-260:10-260;7-3600:9-400:10-400;7-4500:9-560:10-560;7-5400:9-740:10-740;7-6300:9-940:10-940
236,梦幻双马尾,,10089,1;5;10;15;20;25;30,9-120:10-120:15-18;9-235:10-235:15-42;9-350:10-350:15-66;9-465:10-465:15-90;9-580:10-580:15-114;9-695:10-695:15-138;9-810:10-810:15-162
237,光辉岁月,,10090,1;5;10;15;20;25;30,9-120:10-120:14-18;9-235:10-235:14-42;9-350:10-350:14-66;9-465:10-465:14-90;9-580:10-580:14-114;9-695:10-695:14-138;9-810:10-810:14-162
238,夜空圆舞曲,,40017,1;5;10;15;20;25;30,11-100:12-100:13-22;11-200:12-200:13-44;11-300:12-300:13-66;11-400:12-400:13-88;11-500:12-500:13-110;11-600:12-600:13-132;11-700:12-700:13-154
239,光辉交响乐,,40018,1;5;10;15;20;25;30,11-100:12-100:16-22;11-200:12-200:16-44;11-300:12-300:16-66;11-400:12-400:16-88;11-500:12-500:16-110;11-600:12-600:16-132;11-700:12-700:16-154
240,校园偶像,,10089;40017,1;5;10;15;20;25;30,7-1400:9-140:10-140;7-2800:9-260:10-260;7-4200:9-380:10-380;7-5600:9-500:10-500;7-7000:9-620:10-620;7-8400:9-740:10-740;7-9800:9-860:10-860
241,校园偶像,,10090;40018,1;5;10;15;20;25;30,7-1400:9-140:10-140;7-2800:9-260:10-260;7-4200:9-380:10-380;7-5600:9-500:10-500;7-7000:9-620:10-620;7-8400:9-740:10-740;7-9800:9-860:10-860
242,甜蜜雪人,,10091,1;5;10;15;20;25;30,7-1000:11-100:12-100;7-2000:11-200:12-200;7-3000:11-300:12-300;7-4000:11-400:12-400;7-5000:11-500:12-500;7-6000:11-600:12-600;7-7000:11-700:12-700
243,冰之翼,,60015,1;5;10;15;20;25;30,7-1500:9-170:10-170;7-3000:9-330:10-330;7-4500:9-480:10-480;7-6000:9-630:10-630;7-7500:9-780:10-780;7-9000:9-920:10-920;7-10500:9-1200:10-1200
244,冰天雪地,,10091;60015,1;5;10;15;20;25;30,7-2200:13-18:15-18;7-3800:13-42:15-42;7-5400:13-66:15-66;7-7000:13-90:15-90;7-8600:13-114:15-114;7-10200:13-138:15-138;7-11800:13-162:15-162
245,火之翼,,60016,1;5;10;15;20;25;30,7-1500:9-170:10-170;7-3000:9-330:10-330;7-4500:9-480:10-480;7-6000:9-630:10-630;7-7500:9-780:10-780;7-9000:9-920:10-920;7-10500:9-1200:10-1200
246,兔耳头饰,,10092,1;5;10;15;20;25;30,7-1000:13-18:15-18;7-1500:13-42:15-42;7-2000:13-66:15-66;7-2500:13-90:15-90;7-3000:13-114:15-114;7-3500:13-138:15-138;7-4000:13-162:15-162
247,兔女郎服饰,1,40019,1;5;10;15;20;25;30,7-1000:11-100:12-100;7-1500:11-200:12-200;7-2000:11-300:12-300;7-2800:11-400:12-400;7-3600:11-500:12-500;7-4400:11-600:12-600;7-5200:11-700:12-700
248,兔郎服饰,2,40020,1;5;10;15;20;25;30,7-1000:11-100:12-100;7-1500:11-200:12-200;7-2000:11-300:12-300;7-2800:11-400:12-400;7-3600:11-500:12-500;7-4400:11-600:12-600;7-5200:11-700:12-700
249,兔女郎,1,40019;10092,1;5;10;15;20;25;30,7-1200:12-100:13-18;7-1800:12-200:13-42;7-2400:12-300:13-66;7-3200:12-400:13-90;7-4000:12-500:13-114;7-4800:12-600:13-138;7-5600:12-700:13-162
250,兔郎,2,40020;10092,1;5;10;15;20;25;30,7-1200:11-100:16-18;7-1800:11-200:16-42;7-2400:11-300:16-66;7-3200:11-400:16-90;7-4000:11-500:16-114;7-4800:11-600:16-138;7-5600:11-700:16-162
251,乌云,,10093,1;5;10;15;20;25;30,7-1000:9-120:10-120;7-1500:9-240:10-240;7-2000:9-360:10-360;7-2500:9-480:10-480;7-3000:9-600:10-600;7-3500:9-720:10-720;7-4000:9-840:10-840
252,绚丽烟花棒,,10094,1;5;10;15;20;25;30,7-1000:9-120:10-120;7-1500:9-240:10-240;7-2000:9-360:10-360;7-2500:9-480:10-480;7-3000:9-600:10-600;7-3500:9-720:10-720;7-4000:9-840:10-840
253,小南瓜,,60017,1;5;10;15;20;25;30,7-1000:11-100:12-100;7-1500:11-200:12-200;7-2000:11-300:12-300;7-2500:11-400:12-400;7-3000:11-500:12-500;7-3500:11-600:12-600;7-4000:11-700:12-700
254,棺材,,60018,1;5;10;15;20;25;30,7-1200:9-140:10-140;7-1700:9-260:10-260;7-2200:9-380:10-380;7-2700:9-500:10-500;7-3200:9-620:10-620;7-3700:9-740:10-740;7-4200:9-860:10-860
255,奇幻双马尾,1,10095,1;5;10;15;20;25;30,7-1000:13-18:15-18;7-1500:13-42:15-42;7-2000:13-66:15-66;7-2800:13-90:15-90;7-3600:13-114:15-114;7-4400:13-138:15-138;7-5200:13-162:15-162
256,奇幻舞会,1,40021,1;5;10;15;20;25;30,7-1000:11-120:12-120;7-1500:11-240:12-240;7-2000:11-360:12-360;7-2800:11-480:12-480;7-3600:11-600:12-600;7-4400:11-720:12-720;7-5200:11-840:12-840
257,万圣奇幻之夜,1,10095;40021,1;5;10;15;20;25;30,7-1000:9-160:10-160;7-1500:9-320:10-320;7-2000:9-480:10-480;7-2800:9-640:10-640;7-3600:9-800:10-800;7-4400:9-960:10-960;7-5200:9-1120:10-1120
258,奇异短发,2,10096,1;5;10;15;20;25;30,7-1000:13-18:15-18;7-1500:13-42:15-42;7-2000:13-66:15-66;7-2800:13-90:15-90;7-3600:13-114:15-114;7-4400:13-138:15-138;7-5200:13-162:15-162
259,奇异舞会,2,40022,1;5;10;15;20;25;30,7-1000:11-120:12-120;7-1500:11-240:12-240;7-2000:11-360:12-360;7-2800:11-480:12-480;7-3600:11-600:12-600;7-4400:11-720:12-720;7-5200:11-840:12-840
260,万圣奇异之夜,2,10096;40022,1;5;10;15;20;25;30,7-1000:9-160:10-160;7-1500:9-320:10-320;7-2000:9-480:10-480;7-2800:9-640:10-640;7-3600:9-800:10-800;7-4400:9-960:10-960;7-5200:9-1120:10-1120
261,恐怖童话,,60017;60018,1;5;10;15;20;25;30,7-1000:13-18:15-18;7-1500:13-42:15-42;7-2000:13-66:15-66;7-2500:13-90:15-90;7-3000:13-114:15-114;7-3500:13-138:15-138;7-4000:13-162:15-162
