状态id,状态类型,状态组,buff类型,伤害打断,禁止移动,禁止普攻,禁止技能,闪避,状态特效,状态特效
Id,FunctionType,Group,BuffType,HurtStop,ForbidMove,ForbidAttack,ForbidSkill,Dodge,Effect,EndEffect
int,int,int,int,int,int,int,int,int,int,int
10001,1,1,2,0,0,0,0,0,,
10002,1,1,3,0,0,0,0,0,,
10003,2,1,1,0,0,0,0,0,,
10004,3,1,1,0,0,0,0,0,,
10005,4,1,1,0,0,0,0,0,,
10023,16,1,2,0,0,0,0,0,,
10024,16,1,3,0,0,0,0,0,,
10025,17,1,2,0,0,0,0,0,,
10026,17,1,3,0,0,0,0,0,,
10027,18,1,2,0,0,0,0,0,,
10028,18,1,3,0,0,0,0,0,,
10029,19,1,2,0,0,0,0,0,,
10030,19,1,3,0,0,0,0,0,,
10031,20,1,2,0,0,0,0,0,,
10032,20,1,3,0,0,0,0,0,,
10033,21,1,2,0,0,0,0,0,,
10034,21,1,3,0,0,0,0,0,,
10035,22,1,2,0,0,0,0,0,,
10036,22,1,3,0,0,0,0,0,10756,
10037,23,1,2,0,0,0,0,0,,
10038,23,1,3,0,0,0,0,0,10756,
10039,24,1,2,0,0,0,0,0,10939,
10040,25,1,2,0,0,0,0,0,20005,
10041,26,1,3,0,1,1,1,1,10040,
10042,27,1,3,0,0,0,1,0,10037,
10043,28,1,3,0,0,0,0,0,,
10044,29,1,3,0,0,0,0,0,,
10045,30,1,3,0,0,0,0,1,,
10046,31,1,3,0,1,0,0,0,10153,
10047,32,1,3,0,0,0,0,0,20006,
10048,33,1,3,1,1,1,1,1,10750,
10049,34,1,3,1,1,1,1,1,,
10050,35,1,3,0,0,0,0,0,10753,
10051,36,1,3,0,0,0,0,0,10754,
10052,37,1,3,0,0,0,1,0,10037,
10053,38,1,3,0,0,1,0,0,,
10054,39,1,4,0,0,0,0,0,11097,
10055,40,1,4,0,0,0,0,0,,
10056,32,1,2,0,0,0,0,0,,
10057,41,1,3,0,0,0,0,0,10041,
10058,107,1,5,0,0,0,0,0,,
10059,43,1,5,0,0,0,0,0,,
10060,44,1,4,0,0,0,0,0,,
10061,45,1,2,0,0,0,0,0,10729,
10062,46,1,2,0,0,0,0,0,,
10063,47,1,2,0,0,0,0,0,10729,
10064,48,1,2,0,0,0,0,0,,
10065,48,1,3,0,0,0,0,0,,
10066,49,1,2,0,0,0,0,0,,
10067,49,1,3,0,0,0,0,0,,
10068,50,1,3,0,0,0,0,0,,
10069,50,1,2,0,0,0,0,0,,
10070,51,1,3,0,0,0,0,0,,
10071,51,1,2,0,0,0,0,0,,
10072,52,1,2,0,0,0,0,0,,
10073,52,1,3,0,0,0,0,0,,
10074,53,1,2,0,0,0,0,0,,
10075,53,1,3,0,0,0,0,0,,
10076,54,1,2,0,0,0,0,0,,
10077,54,1,3,0,0,0,0,0,,
10078,55,1,2,0,0,0,0,0,,
10079,55,1,3,0,0,0,0,0,,
10080,56,1,4,0,0,1,1,0,,
10081,57,1,4,0,0,0,0,0,,
10082,57,1,4,0,0,0,0,0,,
10083,58,1,4,0,0,0,0,0,,
10084,58,1,3,0,0,0,0,0,,
10085,59,1,2,0,0,0,0,0,10154,
10086,59,1,3,0,0,0,0,0,10745,
10087,60,1,2,0,0,0,0,0,10154,
10088,60,1,3,0,0,0,0,0,10745,
10089,61,1,2,0,0,0,0,0,10746,
10090,61,1,3,0,0,0,0,0,10747,
10091,62,1,2,0,0,0,0,0,10746,
10092,62,1,3,0,0,0,0,0,10747,
10093,63,1,2,0,0,0,0,0,10155,
10094,63,1,3,0,0,0,0,0,,
10095,67,1,4,0,0,0,0,0,,
10096,68,1,4,0,0,0,0,0,,
10097,69,1,4,0,0,0,0,0,,
10099,66,1,2,0,0,0,0,0,10751,
10100,66,1,3,0,0,0,0,0,10752,
10101,70,1,2,0,0,0,0,0,,
10102,70,1,3,0,0,0,0,0,,
10103,71,1,2,0,0,0,0,0,,
10104,71,1,3,0,0,0,0,0,,
10105,72,1,2,0,0,0,0,0,,
10106,72,1,3,0,0,0,0,0,,
10107,73,1,2,0,0,0,0,0,,
10108,73,1,3,0,0,0,0,0,,
10109,74,1,1,0,0,0,0,0,,
10110,75,1,1,0,0,0,0,0,,
10111,76,1,2,0,0,0,0,0,,
10112,77,1,2,0,0,0,0,0,,
10113,78,1,3,0,0,0,0,0,10159,
10114,79,1,2,0,0,0,0,0,,
10115,80,1,2,0,0,0,0,0,,
10116,81,1,2,0,0,0,0,0,,
10117,81,1,3,0,0,0,0,0,,
10118,82,1,2,0,0,0,0,0,,
10119,83,1,2,0,0,0,0,0,,
10120,84,1,2,0,0,0,0,0,,
10121,85,1,2,0,0,0,0,0,,
10122,86,1,3,0,0,0,0,0,,
10123,87,1,3,0,0,0,0,0,,
10124,88,1,3,0,0,0,0,0,,
10125,89,1,3,0,0,0,0,0,,
10126,90,1,3,0,0,0,0,0,,
10127,91,1,3,0,0,0,0,0,,
10128,92,1,3,0,0,0,0,0,,
10129,93,1,3,0,0,0,0,0,,
10130,94,1,3,0,0,0,0,0,10164,
10131,95,1,3,0,0,0,0,0,10162,
10132,96,1,3,0,0,0,0,0,,
10133,97,1,3,0,0,0,0,0,,
10134,98,1,3,0,0,0,0,0,,
10135,99,1,3,0,0,0,0,0,,
10136,100,1,3,0,0,0,0,0,,
10137,101,1,3,0,0,0,0,0,,
10138,102,1,3,0,0,0,0,0,,
10139,103,1,3,0,0,0,0,0,10164,
10140,104,1,3,0,0,0,0,0,,
10141,37,1,3,0,1,1,1,0,,
10142,105,1,2,0,0,0,0,0,10729,
10143,106,1,5,0,0,0,0,0,,
10144,107,1,5,0,0,0,0,0,,
10145,95,1,3,0,0,0,0,0,10162,
10146,19,1,4,0,0,0,0,0,,
10147,18,1,4,0,0,0,0,0,,
10148,109,1,4,0,0,0,0,0,,
10149,112,1,4,0,0,0,0,0,,
10150,129,1,2,0,0,0,0,0,,
10151,103,1,4,0,0,0,0,0,,
10152,110,1,3,0,0,0,0,0,,
10153,111,1,3,0,0,0,0,0,10753,
10154,113,1,4,0,0,0,0,0,,
10155,114,1,4,0,0,0,0,0,,
10156,115,1,4,0,0,0,0,0,,
10157,116,1,4,0,0,0,0,0,,
10158,117,1,4,0,0,0,0,0,,
10159,118,1,4,0,0,0,0,0,,
10160,119,1,4,0,0,0,0,0,,
10161,120,1,4,0,0,0,0,0,,
10162,113,1,4,0,0,0,0,0,,
10163,114,1,4,0,0,0,0,0,,
10164,115,1,4,0,0,0,0,0,,
10165,116,1,4,0,0,0,0,0,,
10166,117,1,4,0,0,0,0,0,,
10167,118,1,4,0,0,0,0,0,,
10168,119,1,4,0,0,0,0,0,,
10169,120,1,4,0,0,0,0,0,,
10170,121,1,4,0,0,0,0,0,,
10171,122,1,4,0,0,0,0,0,,
10172,123,1,4,0,0,0,0,0,,
10173,124,1,4,0,0,0,0,0,,
10174,125,1,4,0,0,0,0,0,,
10175,126,1,4,0,0,0,0,0,,
10176,127,1,4,0,0,0,0,0,,
10177,128,1,4,0,0,0,0,0,,
10178,121,1,4,0,0,0,0,0,,
10179,122,1,4,0,0,0,0,0,,
10180,123,1,4,0,0,0,0,0,,
10181,124,1,4,0,0,0,0,0,,
10182,125,1,4,0,0,0,0,0,,
10183,126,1,4,0,0,0,0,0,,
10184,127,1,4,0,0,0,0,0,,
10185,128,1,4,0,0,0,0,0,,
10186,74,1,4,0,0,0,0,0,10754,
10187,105,1,4,0,0,0,0,0,10729,
10188,130,1,2,0,0,0,0,0,,
10189,131,1,2,0,0,0,0,0,,
10190,131,1,3,0,0,0,0,0,,
10191,132,1,2,0,0,0,0,0,,
10192,132,1,3,0,0,0,0,0,,
10193,133,1,2,0,0,0,0,0,,
10194,133,1,3,0,0,0,0,0,,
10195,134,1,2,0,0,0,0,0,,
10196,134,1,3,0,0,0,0,0,,
10197,135,1,2,0,0,0,0,0,,
10198,135,1,3,0,0,0,0,0,,
10199,136,1,2,0,0,0,0,0,,
10200,136,1,3,0,0,0,0,0,,
10201,137,1,2,0,0,0,0,0,,
10202,137,1,3,0,0,0,0,0,,
10203,138,1,2,0,0,0,0,0,,
10204,138,1,3,0,0,0,0,0,,
10205,139,1,2,0,0,0,0,0,,
10206,139,1,3,0,0,0,0,0,,
10207,140,1,2,0,0,0,0,0,,
10208,140,1,3,0,0,0,0,0,,
10209,141,1,2,0,0,0,0,0,,
10210,141,1,3,0,0,0,0,0,,
10211,142,1,2,0,0,0,0,0,,
10212,142,1,3,0,0,0,0,0,,
10213,143,1,2,0,0,0,0,0,,
10214,143,1,3,0,0,0,0,0,,
10215,144,1,2,0,0,0,0,0,,
10216,144,1,3,0,0,0,0,0,,
10217,145,1,2,0,0,0,0,0,,
10218,145,1,3,0,0,0,0,0,,
10219,146,1,2,0,0,0,0,0,,
10220,146,1,3,0,0,0,0,0,,
10221,147,1,1,0,0,0,0,0,,
10222,148,1,1,0,0,0,0,0,,
10223,149,1,1,0,0,0,0,0,,
10224,150,1,2,0,0,0,0,0,,
10225,151,1,2,0,0,0,0,0,,
10226,152,1,2,0,0,0,0,0,,
10227,153,1,2,0,0,0,0,0,,
10228,154,1,2,0,0,0,0,0,,
10229,155,1,3,0,0,0,0,0,,
10230,155,1,2,0,0,0,0,0,,
10231,156,1,3,0,0,0,0,0,,
10232,156,1,2,0,0,0,0,0,,
10233,157,1,3,0,0,0,0,0,,
10234,157,1,2,0,0,0,0,0,,
10235,158,1,3,0,0,0,0,0,,
10236,158,1,2,0,0,0,0,0,,
10237,94,1,3,0,0,0,0,0,10162,
10238,135,1,4,0,0,0,0,0,,
10239,61,2,4,0,0,0,0,0,,
10240,132,1,4,0,0,0,0,0,,
20001,1,2,2,0,0,0,0,0,,
20002,1,2,3,0,0,0,0,0,,
20003,2,2,1,0,0,0,0,0,,
20004,3,2,1,0,0,0,0,0,,
20005,4,2,1,0,0,0,0,0,,
20006,5,2,1,0,0,0,0,0,,
20007,6,2,1,0,0,0,0,0,,
20008,7,2,1,0,0,0,0,0,,
20009,8,2,1,0,0,0,0,0,,
20010,9,2,1,0,0,0,0,0,,
20023,16,2,2,0,0,0,0,0,,
20024,16,2,3,0,0,0,0,0,,
20025,17,2,2,0,0,0,0,0,,
20026,17,2,3,0,0,0,0,0,,
20027,18,2,2,0,0,0,0,0,,
20028,18,2,3,0,0,0,0,0,,
20029,19,2,2,0,0,0,0,0,,
20030,19,2,3,0,0,0,0,0,,
20031,20,2,2,0,0,0,0,0,,
20032,20,2,3,0,0,0,0,0,,
20033,21,2,2,0,0,0,0,0,,
20034,21,2,3,0,0,0,0,0,,
20035,22,2,2,0,0,0,0,0,,
20036,22,2,3,0,0,0,0,0,,
20037,23,2,2,0,0,0,0,0,,
20038,23,2,3,0,0,0,0,0,,
20039,24,2,2,0,0,0,0,0,,
20040,25,2,2,0,0,0,0,0,20005,
20041,26,2,3,0,1,1,1,1,10040,
20042,27,2,3,0,0,0,1,0,,
20043,28,2,3,0,0,0,0,0,,
20044,29,2,3,0,0,0,0,0,,
20045,30,2,3,0,0,0,0,1,,
20046,31,2,3,0,1,0,0,0,,
20047,32,2,3,0,0,0,0,0,20006,
20048,33,2,3,1,1,1,1,1,,
20049,34,2,3,1,1,1,1,1,,
20050,35,2,3,0,0,0,0,0,,
20051,36,2,3,0,0,0,0,0,,
20052,37,2,3,0,0,1,1,0,10037,
20053,38,2,3,0,0,1,0,0,,
20054,39,2,4,0,0,0,0,0,,
20055,40,2,4,0,0,0,0,0,,
20056,32,2,2,0,0,0,0,0,,
20057,41,2,3,0,0,0,0,0,,
20058,42,2,5,0,0,0,0,0,,
20059,43,2,5,0,0,0,0,0,,
20060,44,2,4,0,0,0,0,0,,
20061,45,2,2,0,0,0,0,0,10729,
20062,46,2,2,0,0,0,0,0,10081,
20063,47,2,2,0,0,0,0,0,10729,
20064,48,2,2,0,0,0,0,0,,
20065,48,2,3,0,0,0,0,0,,
20066,49,2,2,0,0,0,0,0,,
20067,49,2,3,0,0,0,0,0,,
20068,50,2,3,0,0,0,0,0,,
20069,50,2,2,0,0,0,0,0,,
20070,51,2,3,0,0,0,0,0,,
20071,51,2,2,0,0,0,0,0,,
20072,52,2,2,0,0,0,0,0,,
20073,52,2,3,0,0,0,0,0,,
20074,53,2,2,0,0,0,0,0,,
20075,53,2,3,0,0,0,0,0,,
20076,54,2,2,0,0,0,0,0,,
20077,54,2,3,0,0,0,0,0,,
20078,55,2,2,0,0,0,0,0,,
20079,55,2,3,0,0,0,0,0,,
20080,56,2,4,0,0,0,0,0,,
20081,57,2,4,0,0,0,0,0,,
20082,57,2,4,0,0,0,0,0,,
20083,58,2,4,0,0,0,0,0,,
20084,58,2,3,0,0,0,0,0,,
20085,59,2,2,0,0,0,0,0,10091,
20086,59,2,3,0,0,0,0,0,,
20087,60,2,2,0,0,0,0,0,,
20088,60,2,3,0,0,0,0,0,,
20089,61,2,2,0,0,0,0,0,,
20090,61,2,3,0,0,0,0,0,,
20091,62,2,2,0,0,0,0,0,10746,
20092,62,2,3,0,0,0,0,0,,
20093,63,2,2,0,0,0,0,0,,
20094,63,2,3,0,0,0,0,0,,
20099,66,2,2,0,0,0,0,0,,
20100,66,2,3,0,0,0,0,0,,
20101,70,2,2,0,0,0,0,0,,
20102,70,2,3,0,0,0,0,0,,
20103,71,2,2,0,0,0,0,0,,
20104,71,2,3,0,0,0,0,0,,
20105,72,2,2,0,0,0,0,0,,
20106,72,2,3,0,0,0,0,0,,
20107,73,2,2,0,0,0,0,0,,
20108,73,2,3,0,0,0,0,0,,
20109,74,2,1,0,0,0,0,0,,
20110,75,2,1,0,0,0,0,0,,
20111,76,2,2,0,0,0,0,0,,
20112,77,2,2,0,0,0,0,0,,
20113,78,2,3,0,0,0,0,0,,
20114,79,2,2,0,0,0,0,0,,
20115,80,2,2,0,0,0,0,0,,
20116,81,2,2,0,0,0,0,0,,
20117,81,2,3,0,0,0,0,0,,
20118,82,2,2,0,0,0,0,0,,
20119,83,2,2,0,0,0,0,0,,
20120,84,2,3,0,0,0,0,0,,
20121,85,2,3,0,0,0,0,0,,
20122,86,2,3,0,0,0,0,0,,
20123,87,2,3,0,0,0,0,0,,
20124,88,2,3,0,0,0,0,0,,
20125,89,2,3,0,0,0,0,0,,
20126,90,2,3,0,0,0,0,0,,
20127,91,2,3,0,0,0,0,0,,
20128,92,2,3,0,0,0,0,0,,
20129,93,2,3,0,0,0,0,0,,
20130,94,2,3,0,0,0,0,0,10135,
20131,95,2,3,0,0,0,0,0,10162,
20132,96,2,3,0,0,0,0,0,,
20133,97,2,3,0,0,0,0,0,,
20134,98,2,3,0,0,0,0,0,,
20135,99,2,3,0,0,0,0,0,,
20136,100,2,3,0,0,0,0,0,,
20137,101,2,3,0,0,0,0,0,,
20138,102,2,3,0,0,0,0,0,,
20139,103,2,3,0,0,0,0,0,,
20140,104,2,3,0,0,0,0,0,,
20141,37,2,3,0,1,1,1,0,,
20142,105,2,2,0,0,0,0,0,10729,
20143,106,2,5,0,0,0,0,0,,
20144,107,2,5,0,0,0,0,0,,
20145,95,2,3,0,0,0,0,0,,
20146,19,2,4,0,0,0,0,0,,
20147,18,2,4,0,0,0,0,0,,
20148,109,2,4,0,0,0,0,0,,
20149,112,2,4,0,0,0,0,0,,
20150,129,2,2,0,0,0,0,0,,
20151,103,2,4,0,0,0,0,0,,
20152,110,2,3,0,0,0,0,0,,
20153,111,2,3,0,0,0,0,0,,
20154,113,2,4,0,0,0,0,0,,
20155,114,2,4,0,0,0,0,0,,
20156,115,2,4,0,0,0,0,0,,
20157,116,2,4,0,0,0,0,0,,
20158,117,2,4,0,0,0,0,0,,
20159,118,2,4,0,0,0,0,0,,
20160,119,2,4,0,0,0,0,0,,
20161,120,2,4,0,0,0,0,0,,
20162,113,2,4,0,0,0,0,0,,
20163,114,2,4,0,0,0,0,0,,
20164,115,2,4,0,0,0,0,0,,
20165,116,2,4,0,0,0,0,0,,
20166,117,2,4,0,0,0,0,0,,
20167,118,2,4,0,0,0,0,0,,
20168,119,2,4,0,0,0,0,0,,
20169,120,2,4,0,0,0,0,0,,
20170,121,2,4,0,0,0,0,0,,
20171,122,2,4,0,0,0,0,0,,
20172,123,2,4,0,0,0,0,0,,
20173,124,2,4,0,0,0,0,0,,
20174,125,2,4,0,0,0,0,0,,
20175,126,2,4,0,0,0,0,0,,
20176,127,2,4,0,0,0,0,0,,
20177,128,2,4,0,0,0,0,0,,
20178,121,2,4,0,0,0,0,0,,
20179,122,2,4,0,0,0,0,0,,
20180,123,2,4,0,0,0,0,0,,
20181,124,2,4,0,0,0,0,0,,
20182,125,2,4,0,0,0,0,0,,
20183,126,2,4,0,0,0,0,0,,
20184,127,2,4,0,0,0,0,0,,
20185,128,2,4,0,0,0,0,0,,
20187,105,1,4,0,0,0,0,0,10729,
20188,130,1,2,0,0,0,0,0,,
20189,131,1,2,0,0,0,0,0,,
20190,131,1,3,0,0,0,0,0,,
20191,132,1,2,0,0,0,0,0,,
20192,132,1,3,0,0,0,0,0,,
20193,133,1,2,0,0,0,0,0,,
20194,133,1,3,0,0,0,0,0,,
20195,134,1,2,0,0,0,0,0,,
20196,134,1,3,0,0,0,0,0,,
20197,135,1,2,0,0,0,0,0,,
20198,135,1,3,0,0,0,0,0,,
20199,136,1,2,0,0,0,0,0,,
20200,136,1,3,0,0,0,0,0,,
20201,137,1,2,0,0,0,0,0,,
20202,137,1,3,0,0,0,0,0,,
20203,138,1,2,0,0,0,0,0,,
20204,138,1,3,0,0,0,0,0,,
20205,139,1,2,0,0,0,0,0,,
20206,139,1,3,0,0,0,0,0,,
20207,140,1,2,0,0,0,0,0,,
20208,140,1,3,0,0,0,0,0,,
20209,141,1,2,0,0,0,0,0,,
20210,141,1,3,0,0,0,0,0,,
20211,142,1,2,0,0,0,0,0,,
20212,142,1,3,0,0,0,0,0,,
20213,143,1,2,0,0,0,0,0,,
20214,143,1,3,0,0,0,0,0,,
20215,144,1,2,0,0,0,0,0,,
20216,144,1,3,0,0,0,0,0,,
20217,145,1,2,0,0,0,0,0,,
20218,145,1,3,0,0,0,0,0,,
20219,146,1,2,0,0,0,0,0,,
20220,146,1,3,0,0,0,0,0,,
20221,147,1,1,0,0,0,0,0,,
20222,148,1,1,0,0,0,0,0,,
20223,149,1,1,0,0,0,0,0,,
20224,150,1,2,0,0,0,0,0,,
20225,151,1,2,0,0,0,0,0,,
20226,152,1,2,0,0,0,0,0,,
20227,153,1,2,0,0,0,0,0,,
20228,154,1,2,0,0,0,0,0,,
20229,155,1,3,0,0,0,0,0,,
20230,155,1,2,0,0,0,0,0,,
20231,156,1,3,0,0,0,0,0,,
20232,156,1,2,0,0,0,0,0,,
20233,157,1,3,0,0,0,0,0,,
20234,157,1,2,0,0,0,0,0,,
20235,158,1,3,0,0,0,0,0,,
20236,158,1,2,0,0,0,0,0,,
20237,95,2,4,0,0,0,0,0,10162,
20238,94,2,4,0,0,0,0,0,10135,
20239,94,2,4,0,0,0,0,0,10162,
20240,103,2,4,0,0,0,0,0,,
30001,1,3,2,0,0,0,0,0,,
30002,1,3,3,0,0,0,0,0,,
30003,2,3,1,0,0,0,0,0,,
30004,3,3,1,0,0,0,0,0,,
30005,4,3,1,0,0,0,0,0,,
30006,5,3,1,0,0,0,0,0,,
30007,6,3,1,0,0,0,0,0,,
30008,7,3,1,0,0,0,0,0,,
30009,8,3,1,0,0,0,0,0,,
30010,9,3,1,0,0,0,0,0,,
30023,16,3,2,0,0,0,0,0,,
30024,16,3,3,0,0,0,0,0,,
30025,17,3,2,0,0,0,0,0,,
30026,17,3,3,0,0,0,0,0,,
30027,18,3,2,0,0,0,0,0,,
30028,18,3,3,0,0,0,0,0,,
30029,19,3,2,0,0,0,0,0,,
30030,19,3,3,0,0,0,0,0,,
30031,20,3,2,0,0,0,0,0,,
30032,20,3,3,0,0,0,0,0,,
30033,21,3,2,0,0,0,0,0,,
30034,21,3,3,0,0,0,0,0,,
30035,22,3,2,0,0,0,0,0,,
30036,22,3,3,0,0,0,0,0,,
30037,23,3,2,0,0,0,0,0,,
30038,23,3,3,0,0,0,0,0,,
30039,24,3,2,0,0,0,0,0,,
30040,25,3,2,0,0,0,0,0,20005,
30041,26,3,3,0,1,1,1,1,10040,
30042,27,3,3,0,0,0,1,0,,
30043,28,3,3,0,0,0,0,0,,
30044,29,3,3,0,0,0,0,0,,
30045,30,3,3,0,0,0,0,1,,
30046,31,3,3,0,1,0,0,0,,
30047,32,3,3,0,0,0,0,0,20006,
30048,33,3,3,1,1,1,1,1,,
30049,34,3,3,1,1,1,1,1,,
30050,35,3,3,0,0,0,0,0,,
30051,36,3,3,0,0,0,0,0,,
30052,37,3,3,0,0,1,1,0,10037,
30053,38,3,3,0,0,1,0,0,,
30054,39,3,4,0,0,0,0,0,,
30055,40,3,4,0,0,0,0,0,,
30056,32,3,2,0,0,0,0,0,,
30057,41,3,3,0,0,0,0,0,,
30058,42,3,5,0,0,0,0,0,,
30059,43,3,5,0,0,0,0,0,,
30060,44,3,4,0,0,0,0,0,,
30061,45,3,2,0,0,0,0,0,10729,
30062,46,3,2,0,0,0,0,0,10081,
30063,47,3,2,0,0,0,0,0,10729,
30064,48,3,2,0,0,0,0,0,,
30065,48,3,3,0,0,0,0,0,,
30066,49,3,2,0,0,0,0,0,,
30067,49,3,3,0,0,0,0,0,,
30068,50,3,3,0,0,0,0,0,,
30069,50,3,2,0,0,0,0,0,,
30070,51,3,3,0,0,0,0,0,,
30071,51,3,2,0,0,0,0,0,,
30072,52,3,2,0,0,0,0,0,,
30073,52,3,3,0,0,0,0,0,,
30074,53,3,2,0,0,0,0,0,,
30075,53,3,3,0,0,0,0,0,,
30076,54,3,2,0,0,0,0,0,,
30077,54,3,3,0,0,0,0,0,,
30078,55,3,2,0,0,0,0,0,,
30079,55,3,3,0,0,0,0,0,,
30080,56,3,4,0,0,0,0,0,,
30081,57,3,4,0,0,0,0,0,,
30082,57,3,4,0,0,0,0,0,,
30083,58,3,4,0,0,0,0,0,,
30084,58,3,3,0,0,0,0,0,,
30085,59,3,2,0,0,0,0,0,10091,
30086,59,3,3,0,0,0,0,0,,
30087,60,3,2,0,0,0,0,0,,
30088,60,3,3,0,0,0,0,0,,
30089,61,3,2,0,0,0,0,0,,
30090,61,3,3,0,0,0,0,0,,
30091,62,3,2,0,0,0,0,0,,
30092,62,3,3,0,0,0,0,0,,
30093,63,3,2,0,0,0,0,0,,
30094,63,3,3,0,0,0,0,0,,
30099,66,3,2,0,0,0,0,0,,
30100,66,3,3,0,0,0,0,0,,
30101,70,3,2,0,0,0,0,0,10729,
30102,70,3,3,0,0,0,0,0,,
30103,71,3,2,0,0,0,0,0,,
30104,71,3,3,0,0,0,0,0,,
30105,72,3,2,0,0,0,0,0,,
30106,72,3,3,0,0,0,0,0,,
30107,73,3,2,0,0,0,0,0,,
30108,73,3,3,0,0,0,0,0,,
30109,74,3,1,0,0,0,0,0,,
30110,75,3,1,0,0,0,0,0,,
30111,76,3,2,0,0,0,0,0,,
30112,77,3,2,0,0,0,0,0,,
30113,78,3,3,0,0,0,0,0,,
30114,79,3,2,0,0,0,0,0,,
30115,80,3,2,0,0,0,0,0,,
30116,81,3,2,0,0,0,0,0,,
30117,81,3,3,0,0,0,0,0,,
30118,82,3,2,0,0,0,0,0,,
30119,83,3,2,0,0,0,0,0,,
30120,84,3,2,0,0,0,0,0,,
30121,85,3,2,0,0,0,0,0,,
30122,86,3,3,0,0,0,0,0,,
30123,87,3,3,0,0,0,0,0,,
30124,88,3,3,0,0,0,0,0,,
30125,89,3,3,0,0,0,0,0,,
30126,90,3,3,0,0,0,0,0,,
30127,91,3,3,0,0,0,0,0,,
30128,92,3,3,0,0,0,0,0,,
30129,93,3,3,0,0,0,0,0,,
30130,94,3,3,0,0,0,0,0,10135,
30131,95,3,3,0,0,0,0,0,,
30132,96,3,3,0,0,0,0,0,,
30133,97,3,3,0,0,0,0,0,,
30134,98,3,3,0,0,0,0,0,,
30135,99,3,3,0,0,0,0,0,,
30136,100,3,3,0,0,0,0,0,,
30137,101,3,3,0,0,0,0,0,,
30138,102,3,3,0,0,0,0,0,,
30139,103,3,3,0,0,0,0,0,,10135
30140,104,3,3,0,0,0,0,0,,
30141,37,3,3,0,1,1,1,0,,
30142,105,3,2,0,0,0,0,0,10729,
30143,106,3,5,0,0,0,0,0,,
30144,107,3,5,0,0,0,0,0,,
30145,95,3,3,0,0,0,0,0,,
30146,19,3,4,0,0,0,0,0,,
30147,18,3,4,0,0,0,0,0,,
30148,109,3,4,0,0,0,0,0,,
30149,112,3,4,0,0,0,0,0,,
30150,129,3,2,0,0,0,0,0,,
30151,103,3,4,0,0,0,0,0,,
30152,110,3,3,0,0,0,0,0,,
30153,111,3,3,0,0,0,0,0,,
30154,113,3,4,0,0,0,0,0,,
30155,114,3,4,0,0,0,0,0,,
30156,115,3,4,0,0,0,0,0,,
30157,116,3,4,0,0,0,0,0,,
30158,117,3,4,0,0,0,0,0,,
30159,118,3,4,0,0,0,0,0,,
30160,119,3,4,0,0,0,0,0,,
30161,120,3,4,0,0,0,0,0,,
30162,113,3,4,0,0,0,0,0,,
30163,114,3,4,0,0,0,0,0,,
30164,115,3,4,0,0,0,0,0,,
30165,116,3,4,0,0,0,0,0,,
30166,117,3,4,0,0,0,0,0,,
30167,118,3,4,0,0,0,0,0,,
30168,119,3,4,0,0,0,0,0,,
30169,120,3,4,0,0,0,0,0,,
30170,121,3,4,0,0,0,0,0,,
30171,122,3,4,0,0,0,0,0,,
30172,123,3,4,0,0,0,0,0,,
30173,124,3,4,0,0,0,0,0,,
30174,125,3,4,0,0,0,0,0,,
30175,126,3,4,0,0,0,0,0,,
30176,127,3,4,0,0,0,0,0,,
30177,128,3,4,0,0,0,0,0,,
30178,121,3,4,0,0,0,0,0,,
30179,122,3,4,0,0,0,0,0,,
30180,123,3,4,0,0,0,0,0,,
30181,124,3,4,0,0,0,0,0,,
30182,125,3,4,0,0,0,0,0,,
30183,126,3,4,0,0,0,0,0,,
30184,127,3,4,0,0,0,0,0,,
30185,128,3,4,0,0,0,0,0,,
30187,105,1,4,0,0,0,0,0,10729,
30188,130,1,2,0,0,0,0,0,,
30189,131,1,2,0,0,0,0,0,,
30190,131,1,3,0,0,0,0,0,,
30191,132,1,2,0,0,0,0,0,,
30192,132,1,3,0,0,0,0,0,,
30193,133,1,2,0,0,0,0,0,,
30194,133,1,3,0,0,0,0,0,,
30195,134,1,2,0,0,0,0,0,,
30196,134,1,3,0,0,0,0,0,,
30197,135,1,2,0,0,0,0,0,,
30198,135,1,3,0,0,0,0,0,,
30199,136,1,2,0,0,0,0,0,,
30200,136,1,3,0,0,0,0,0,,
30201,137,1,2,0,0,0,0,0,,
30202,137,1,3,0,0,0,0,0,,
30203,138,1,2,0,0,0,0,0,,
30204,138,1,3,0,0,0,0,0,,
30205,139,1,2,0,0,0,0,0,,
30206,139,1,3,0,0,0,0,0,,
30207,140,1,2,0,0,0,0,0,,
30208,140,1,3,0,0,0,0,0,,
30209,141,1,2,0,0,0,0,0,,
30210,141,1,3,0,0,0,0,0,,
30211,142,1,2,0,0,0,0,0,,
30212,142,1,3,0,0,0,0,0,,
30213,143,1,2,0,0,0,0,0,,
30214,143,1,3,0,0,0,0,0,,
30215,144,1,2,0,0,0,0,0,,
30216,144,1,3,0,0,0,0,0,,
30217,145,1,2,0,0,0,0,0,,
30218,145,1,3,0,0,0,0,0,,
30219,146,1,2,0,0,0,0,0,,
30220,146,1,3,0,0,0,0,0,,
30221,147,1,1,0,0,0,0,0,,
30222,148,1,1,0,0,0,0,0,,
30223,149,1,1,0,0,0,0,0,,
30224,150,1,2,0,0,0,0,0,,
30225,151,1,2,0,0,0,0,0,,
30226,152,1,2,0,0,0,0,0,,
30227,153,1,2,0,0,0,0,0,,
30228,154,1,2,0,0,0,0,0,,
30229,155,1,3,0,0,0,0,0,,
30230,155,1,2,0,0,0,0,0,,
30231,156,1,3,0,0,0,0,0,,
30232,156,1,2,0,0,0,0,0,,
30233,157,1,3,0,0,0,0,0,,
30234,157,1,2,0,0,0,0,0,,
30235,158,1,3,0,0,0,0,0,,
30236,158,1,2,0,0,0,0,0,,
40001,1,4,2,0,0,0,0,0,,
40002,1,4,3,0,0,0,0,0,,
40003,2,4,1,0,0,0,0,0,,
40004,3,4,1,0,0,0,0,0,,
40005,4,4,1,0,0,0,0,0,,
40006,5,4,1,0,0,0,0,0,,
40007,6,4,1,0,0,0,0,0,,
40008,7,4,1,0,0,0,0,0,,
40009,8,4,1,0,0,0,0,0,,
40010,9,4,1,0,0,0,0,0,,
40023,16,4,2,0,0,0,0,0,,
40024,16,4,3,0,0,0,0,0,,
40025,17,4,2,0,0,0,0,0,,
40026,17,4,3,0,0,0,0,0,,
40027,18,4,2,0,0,0,0,0,,
40028,18,4,3,0,0,0,0,0,,
40029,19,4,2,0,0,0,0,0,,
40030,19,4,3,0,0,0,0,0,,
40031,20,4,2,0,0,0,0,0,,
40032,20,4,3,0,0,0,0,0,,
40033,21,4,2,0,0,0,0,0,,
40034,21,4,3,0,0,0,0,0,,
40035,22,4,2,0,0,0,0,0,,
40036,22,4,3,0,0,0,0,0,,
40037,23,4,2,0,0,0,0,0,,
40038,23,4,3,0,0,0,0,0,,
40039,24,4,2,0,0,0,0,0,,
40040,25,4,4,0,0,0,0,0,20005,
40041,26,4,3,0,1,1,1,1,10040,
40042,27,4,3,0,0,0,1,0,,
40043,28,4,3,0,0,0,0,0,,
40044,29,4,3,0,0,0,0,0,,
40045,30,4,3,0,0,0,0,1,,
40046,31,4,3,0,1,0,0,0,,
40047,32,4,3,0,0,0,0,0,20006,
40048,33,4,3,1,1,1,1,1,,
40049,34,4,3,1,1,1,1,1,,
40050,35,4,3,0,0,0,0,0,,
40051,36,4,3,0,0,0,0,0,,
40052,37,4,3,0,0,1,1,0,10037,
40053,38,4,3,0,0,1,0,0,,
40054,39,4,4,0,0,0,0,0,,
40055,40,4,4,0,0,0,0,0,,
40056,32,4,2,0,0,0,0,0,,
40057,41,4,3,0,0,0,0,0,,
40058,42,4,5,0,0,0,0,0,,
40059,43,4,5,0,0,0,0,0,,
40060,44,4,4,0,0,0,0,0,,
40061,45,4,2,0,0,0,0,0,,
40062,46,4,2,0,0,0,0,0,10081,
40063,47,4,2,0,0,0,0,0,,
40064,48,4,2,0,0,0,0,0,,
40065,48,4,3,0,0,0,0,0,,
40066,49,4,2,0,0,0,0,0,,
40067,49,4,3,0,0,0,0,0,,
40068,50,4,3,0,0,0,0,0,,
40069,50,4,2,0,0,0,0,0,,
40070,51,4,3,0,0,0,0,0,,
40071,51,4,2,0,0,0,0,0,,
40072,52,4,2,0,0,0,0,0,,
40073,52,4,3,0,0,0,0,0,,
40074,53,4,2,0,0,0,0,0,,
40075,53,4,3,0,0,0,0,0,,
40076,54,4,2,0,0,0,0,0,,
40077,54,4,3,0,0,0,0,0,,
40078,55,4,2,0,0,0,0,0,,
40079,55,4,3,0,0,0,0,0,,
40080,56,4,4,0,0,0,0,0,,
40081,57,4,4,0,0,0,0,0,,
40082,57,4,4,0,0,0,0,0,,
40083,58,4,4,0,0,0,0,0,,
40084,58,4,3,0,0,0,0,0,,
40085,59,4,2,0,0,0,0,0,10091,
40086,59,4,3,0,0,0,0,0,,
40087,60,4,2,0,0,0,0,0,,
40088,60,4,3,0,0,0,0,0,,
40089,61,4,2,0,0,0,0,0,,
40090,61,4,3,0,0,0,0,0,,
40091,62,4,2,0,0,0,0,0,,
40092,62,4,3,0,0,0,0,0,,
40093,63,4,2,0,0,0,0,0,,
40094,63,4,3,0,0,0,0,0,,
40099,66,4,2,0,0,0,0,0,,
40100,66,4,3,0,0,0,0,0,,
40101,70,4,2,0,0,0,0,0,,
40102,70,4,3,0,0,0,0,0,,
40103,71,4,2,0,0,0,0,0,,
40104,71,4,3,0,0,0,0,0,,
40105,72,4,2,0,0,0,0,0,,
40106,72,4,3,0,0,0,0,0,,
40107,73,4,2,0,0,0,0,0,,
40108,73,4,3,0,0,0,0,0,,
40109,74,4,1,0,0,0,0,0,,
40110,75,4,1,0,0,0,0,0,,
40111,76,4,2,0,0,0,0,0,,
40112,77,4,2,0,0,0,0,0,,
40113,78,4,3,0,0,0,0,0,,
40114,79,4,2,0,0,0,0,0,,
40115,80,4,2,0,0,0,0,0,,
40116,81,4,2,0,0,0,0,0,,
40117,81,4,3,0,0,0,0,0,,
40118,82,4,2,0,0,0,0,0,,
40119,83,4,2,0,0,0,0,0,,
40120,84,4,2,0,0,0,0,0,,
40121,85,4,2,0,0,0,0,0,,
40122,86,4,3,0,0,0,0,0,,
40123,87,4,3,0,0,0,0,0,,
40124,88,4,3,0,0,0,0,0,,
40125,89,4,3,0,0,0,0,0,,
40126,90,4,3,0,0,0,0,0,,
40127,91,4,3,0,0,0,0,0,,
40128,92,4,3,0,0,0,0,0,,
40129,93,4,3,0,0,0,0,0,,
40130,94,4,3,0,0,0,0,0,10161,
40131,95,4,3,0,0,0,0,0,,
40132,96,4,3,0,0,0,0,0,,
40133,97,4,3,0,0,0,0,0,,
40134,98,4,3,0,0,0,0,0,,
40135,99,4,3,0,0,0,0,0,,
40136,100,4,3,0,0,0,0,0,,
40137,101,4,3,0,0,0,0,0,,
40138,102,4,3,0,0,0,0,0,,
40139,103,4,3,0,0,0,0,0,,
40140,104,4,3,0,0,0,0,0,,
40141,37,4,3,0,1,1,1,0,,
40142,105,4,2,0,0,0,0,0,10729,
40143,106,4,5,0,0,0,0,0,,
40144,107,4,5,0,0,0,0,0,,
40145,95,4,3,0,0,0,0,0,,
40146,19,4,4,0,0,0,0,0,,
40147,18,4,4,0,0,0,0,0,,
40148,109,4,4,0,0,0,0,0,,
40149,112,4,4,0,0,0,0,0,,
40150,129,4,2,0,0,0,0,0,,
40151,103,4,4,0,0,0,0,0,,
40152,110,4,3,0,0,0,0,0,,
40153,111,4,3,0,0,0,0,0,,
40154,113,4,4,0,0,0,0,0,,
40155,114,4,4,0,0,0,0,0,,
40156,115,4,4,0,0,0,0,0,,
40157,116,4,4,0,0,0,0,0,,
40158,117,4,4,0,0,0,0,0,,
40159,118,4,4,0,0,0,0,0,,
40160,119,4,4,0,0,0,0,0,,
40161,120,4,4,0,0,0,0,0,,
40162,113,4,4,0,0,0,0,0,,
40163,114,4,4,0,0,0,0,0,,
40164,115,4,4,0,0,0,0,0,,
40165,116,4,4,0,0,0,0,0,,
40166,117,4,4,0,0,0,0,0,,
40167,118,4,4,0,0,0,0,0,,
40168,119,4,4,0,0,0,0,0,,
40169,120,4,4,0,0,0,0,0,,
40170,121,4,4,0,0,0,0,0,,
40171,122,4,4,0,0,0,0,0,,
40172,123,4,4,0,0,0,0,0,,
40173,124,4,4,0,0,0,0,0,,
40174,125,4,4,0,0,0,0,0,,
40175,126,4,4,0,0,0,0,0,,
40176,127,4,4,0,0,0,0,0,,
40177,128,4,4,0,0,0,0,0,,
40178,121,4,4,0,0,0,0,0,,
40179,122,4,4,0,0,0,0,0,,
40180,123,4,4,0,0,0,0,0,,
40181,124,4,4,0,0,0,0,0,,
40182,125,4,4,0,0,0,0,0,,
40183,126,4,4,0,0,0,0,0,,
40184,127,4,4,0,0,0,0,0,,
40185,128,4,4,0,0,0,0,0,,
40187,105,1,4,0,0,0,0,0,10729,
40188,130,1,2,0,0,0,0,0,,
40189,131,1,2,0,0,0,0,0,,
40190,131,1,3,0,0,0,0,0,,
40191,132,1,2,0,0,0,0,0,,
40192,132,1,3,0,0,0,0,0,,
40193,133,1,2,0,0,0,0,0,,
40194,133,1,3,0,0,0,0,0,,
40195,134,1,2,0,0,0,0,0,,
40196,134,1,3,0,0,0,0,0,,
40197,135,1,2,0,0,0,0,0,,
40198,135,1,3,0,0,0,0,0,,
40199,136,1,2,0,0,0,0,0,,
40200,136,1,3,0,0,0,0,0,,
40201,137,1,2,0,0,0,0,0,,
40202,137,1,3,0,0,0,0,0,,
40203,138,1,2,0,0,0,0,0,,
40204,138,1,3,0,0,0,0,0,,
40205,139,1,2,0,0,0,0,0,,
40206,139,1,3,0,0,0,0,0,,
40207,140,1,2,0,0,0,0,0,,
40208,140,1,3,0,0,0,0,0,,
40209,141,1,2,0,0,0,0,0,,
40210,141,1,3,0,0,0,0,0,,
40211,142,1,2,0,0,0,0,0,,
40212,142,1,3,0,0,0,0,0,,
40213,143,1,2,0,0,0,0,0,,
40214,143,1,3,0,0,0,0,0,,
40215,144,1,2,0,0,0,0,0,,
40216,144,1,3,0,0,0,0,0,,
40217,145,1,2,0,0,0,0,0,,
40218,145,1,3,0,0,0,0,0,,
40219,146,1,2,0,0,0,0,0,,
40220,146,1,3,0,0,0,0,0,,
40221,147,1,1,0,0,0,0,0,,
40222,148,1,1,0,0,0,0,0,,
40223,149,1,1,0,0,0,0,0,,
40224,150,1,2,0,0,0,0,0,,
40225,151,1,2,0,0,0,0,0,,
40226,152,1,2,0,0,0,0,0,,
40227,153,1,2,0,0,0,0,0,,
40228,154,1,2,0,0,0,0,0,,
40229,155,1,3,0,0,0,0,0,,
40230,155,1,2,0,0,0,0,0,,
40231,156,1,3,0,0,0,0,0,,
40232,156,1,2,0,0,0,0,0,,
40233,157,1,3,0,0,0,0,0,,
40234,157,1,2,0,0,0,0,0,,
40235,158,1,3,0,0,0,0,0,,
40236,158,1,2,0,0,0,0,0,,
50001,1,5,2,0,0,0,0,0,,
50002,1,5,3,0,0,0,0,0,,
50003,2,5,1,0,0,0,0,0,,
50004,3,5,1,0,0,0,0,0,,
50005,4,5,1,0,0,0,0,0,,
50006,5,5,1,0,0,0,0,0,,
50007,6,5,1,0,0,0,0,0,,
50008,7,5,1,0,0,0,0,0,,
50009,8,5,1,0,0,0,0,0,,
50010,9,5,1,0,0,0,0,0,,
50023,16,5,2,0,0,0,0,0,,
50024,16,5,3,0,0,0,0,0,,
50025,17,5,2,0,0,0,0,0,,
50026,17,5,3,0,0,0,0,0,,
50027,18,5,2,0,0,0,0,0,,
50028,18,5,3,0,0,0,0,0,,
50029,19,5,2,0,0,0,0,0,,
50030,19,5,3,0,0,0,0,0,,
50031,20,5,2,0,0,0,0,0,,
50032,20,5,3,0,0,0,0,0,,
50033,21,5,2,0,0,0,0,0,,
50034,21,5,3,0,0,0,0,0,,
50035,22,5,2,0,0,0,0,0,,
50036,22,5,3,0,0,0,0,0,,
50037,23,5,2,0,0,0,0,0,,
50038,23,5,3,0,0,0,0,0,,
50039,24,5,2,0,0,0,0,0,,
50040,25,5,2,0,0,0,0,0,20005,
50041,26,5,3,0,1,1,1,1,10040,
50042,27,5,3,0,0,0,1,0,,
50043,28,5,3,0,0,0,0,0,,
50044,29,5,3,0,0,0,0,0,,
50045,30,5,3,0,0,0,0,1,,
50046,31,5,3,0,1,0,0,0,,
50047,32,5,3,0,0,0,0,0,20006,
50048,33,5,3,1,1,1,1,1,,
50049,34,5,3,1,1,1,1,1,,
50050,35,5,3,0,0,0,0,0,,
50051,36,5,3,0,0,0,0,0,,
50052,37,5,3,0,0,1,1,0,10037,
50053,38,5,3,0,0,1,0,0,,
50054,39,5,4,0,0,0,0,0,,
50055,40,5,4,0,0,0,0,0,,
50056,32,5,2,0,0,0,0,0,,
50057,41,5,3,0,0,0,0,0,,
50058,42,5,5,0,0,0,0,0,,
50059,43,5,5,0,0,0,0,0,,
50060,44,5,4,0,0,0,0,0,,
50061,45,5,2,0,0,0,0,0,10729,
50062,46,5,2,0,0,0,0,0,10081,
50063,47,5,2,0,0,0,0,0,,
50064,48,5,2,0,0,0,0,0,,
50065,48,5,3,0,0,0,0,0,,
50066,49,5,2,0,0,0,0,0,,
50067,49,5,3,0,0,0,0,0,,
50068,50,5,3,0,0,0,0,0,,
50069,50,5,2,0,0,0,0,0,,
50070,51,5,3,0,0,0,0,0,,
50071,51,5,2,0,0,0,0,0,,
50072,52,5,2,0,0,0,0,0,,
50073,52,5,3,0,0,0,0,0,,
50074,53,5,2,0,0,0,0,0,,
50075,53,5,3,0,0,0,0,0,,
50076,54,5,2,0,0,0,0,0,,
50077,54,5,3,0,0,0,0,0,,
50078,55,5,2,0,0,0,0,0,,
50079,55,5,3,0,0,0,0,0,,
50080,56,5,4,0,0,0,0,0,,
50081,57,5,4,0,0,0,0,0,,
50082,57,5,4,0,0,0,0,0,,
50083,58,5,4,0,0,0,0,0,,
50084,58,5,3,0,0,0,0,0,,
50085,59,5,2,0,0,0,0,0,10091,
50086,59,5,3,0,0,0,0,0,,
50087,60,5,2,0,0,0,0,0,,
50088,60,5,3,0,0,0,0,0,,
50089,61,5,2,0,0,0,0,0,,
50090,61,5,3,0,0,0,0,0,,
50091,62,5,2,0,0,0,0,0,,
50092,62,5,3,0,0,0,0,0,,
50093,63,5,2,0,0,0,0,0,,
50094,63,5,3,0,0,0,0,0,,
50099,66,5,2,0,0,0,0,0,,
50100,66,5,3,0,0,0,0,0,,
50101,70,5,2,0,0,0,0,0,,
50102,70,5,3,0,0,0,0,0,,
50103,71,5,2,0,0,0,0,0,,
50104,71,5,3,0,0,0,0,0,,
50105,72,5,2,0,0,0,0,0,,
50106,72,5,3,0,0,0,0,0,,
50107,73,5,2,0,0,0,0,0,,
50108,73,5,3,0,0,0,0,0,,
50109,74,5,1,0,0,0,0,0,,
50110,75,5,1,0,0,0,0,0,,
50111,76,5,2,0,0,0,0,0,,
50112,77,5,2,0,0,0,0,0,,
50113,78,5,3,0,0,0,0,0,,
50114,79,5,2,0,0,0,0,0,,
50115,80,5,2,0,0,0,0,0,,
50116,81,5,2,0,0,0,0,0,,
50117,81,5,3,0,0,0,0,0,,
50118,82,5,2,0,0,0,0,0,,
50119,83,5,2,0,0,0,0,0,,
50120,84,5,2,0,0,0,0,0,,
50121,85,5,2,0,0,0,0,0,,
50122,86,5,3,0,0,0,0,0,,
50123,87,5,3,0,0,0,0,0,,
50124,88,5,3,0,0,0,0,0,,
50125,89,5,3,0,0,0,0,0,,
50126,90,5,3,0,0,0,0,0,,
50127,91,5,3,0,0,0,0,0,,
50128,92,5,3,0,0,0,0,0,,
50129,93,5,3,0,0,0,0,0,,
50130,94,5,3,0,0,0,0,0,,
50131,95,5,4,0,0,0,0,0,,
50132,96,5,3,0,0,0,0,0,,
50133,97,5,3,0,0,0,0,0,,
50134,98,5,3,0,0,0,0,0,,
50135,99,5,3,0,0,0,0,0,,
50136,100,5,3,0,0,0,0,0,,
50137,101,5,3,0,0,0,0,0,,
50138,102,5,3,0,0,0,0,0,,
50139,103,5,3,0,0,0,0,0,,
50140,104,5,3,0,0,0,0,0,,
50141,37,5,3,0,1,1,1,0,,
50142,105,5,2,0,0,0,0,0,10729,
50143,106,5,5,0,0,0,0,0,,
50144,107,5,5,0,0,0,0,0,,
50145,95,5,3,0,0,0,0,0,,
50146,19,5,4,0,0,0,0,0,,
50147,18,5,4,0,0,0,0,0,,
50148,109,5,4,0,0,0,0,0,,
50149,112,5,4,0,0,0,0,0,,
50150,129,5,2,0,0,0,0,0,,
50151,103,5,4,0,0,0,0,0,,
50152,110,5,3,0,0,0,0,0,,
50153,111,5,3,0,0,0,0,0,,
50154,113,5,4,0,0,0,0,0,,
50155,114,5,4,0,0,0,0,0,,
50156,115,5,4,0,0,0,0,0,,
50157,116,5,4,0,0,0,0,0,,
50158,117,5,4,0,0,0,0,0,,
50159,118,5,4,0,0,0,0,0,,
50160,119,5,4,0,0,0,0,0,,
50161,120,5,4,0,0,0,0,0,,
50162,113,5,4,0,0,0,0,0,,
50163,114,5,4,0,0,0,0,0,,
50164,115,5,4,0,0,0,0,0,,
50165,116,5,4,0,0,0,0,0,,
50166,117,5,4,0,0,0,0,0,,
50167,118,5,4,0,0,0,0,0,,
50168,119,5,4,0,0,0,0,0,,
50169,120,5,4,0,0,0,0,0,,
50170,121,5,4,0,0,0,0,0,,
50171,122,5,4,0,0,0,0,0,,
50172,123,5,4,0,0,0,0,0,,
50173,124,5,4,0,0,0,0,0,,
50174,125,5,4,0,0,0,0,0,,
50175,126,5,4,0,0,0,0,0,,
50176,127,5,4,0,0,0,0,0,,
50177,128,5,4,0,0,0,0,0,,
50178,121,5,4,0,0,0,0,0,,
50179,122,5,4,0,0,0,0,0,,
50180,123,5,4,0,0,0,0,0,,
50181,124,5,4,0,0,0,0,0,,
50182,125,5,4,0,0,0,0,0,,
50183,126,5,4,0,0,0,0,0,,
50184,127,5,4,0,0,0,0,0,,
50185,128,5,4,0,0,0,0,0,,
50187,105,1,4,0,0,0,0,0,10729,
50188,130,1,2,0,0,0,0,0,,
50189,131,1,2,0,0,0,0,0,,
50190,131,1,3,0,0,0,0,0,,
50191,132,1,2,0,0,0,0,0,,
50192,132,1,3,0,0,0,0,0,,
50193,133,1,2,0,0,0,0,0,,
50194,133,1,3,0,0,0,0,0,,
50195,134,1,2,0,0,0,0,0,,
50196,134,1,3,0,0,0,0,0,,
50197,135,1,2,0,0,0,0,0,,
50198,135,1,3,0,0,0,0,0,,
50199,136,1,2,0,0,0,0,0,,
50200,136,1,3,0,0,0,0,0,,
50201,137,1,2,0,0,0,0,0,,
50202,137,1,3,0,0,0,0,0,,
50203,138,1,2,0,0,0,0,0,,
50204,138,1,3,0,0,0,0,0,,
50205,139,1,2,0,0,0,0,0,,
50206,139,1,3,0,0,0,0,0,,
50207,140,1,2,0,0,0,0,0,,
50208,140,1,3,0,0,0,0,0,,
50209,141,1,2,0,0,0,0,0,,
50210,141,1,3,0,0,0,0,0,,
50211,142,1,2,0,0,0,0,0,,
50212,142,1,3,0,0,0,0,0,,
50213,143,1,2,0,0,0,0,0,,
50214,143,1,3,0,0,0,0,0,,
50215,144,1,2,0,0,0,0,0,,
50216,144,1,3,0,0,0,0,0,,
50217,145,1,2,0,0,0,0,0,,
50218,145,1,3,0,0,0,0,0,,
50219,146,1,2,0,0,0,0,0,,
50220,146,1,3,0,0,0,0,0,,
50221,147,1,1,0,0,0,0,0,,
50222,148,1,1,0,0,0,0,0,,
50223,149,1,1,0,0,0,0,0,,
50224,150,1,2,0,0,0,0,0,,
50225,151,1,2,0,0,0,0,0,,
50226,152,1,2,0,0,0,0,0,,
50227,153,1,2,0,0,0,0,0,,
50228,154,1,2,0,0,0,0,0,,
50229,155,1,3,0,0,0,0,0,,
50230,155,1,2,0,0,0,0,0,,
50231,156,1,3,0,0,0,0,0,,
50232,156,1,2,0,0,0,0,0,,
50233,157,1,3,0,0,0,0,0,,
50234,157,1,2,0,0,0,0,0,,
50235,158,1,3,0,0,0,0,0,,
50236,158,1,2,0,0,0,0,0,,
60001,1,6,2,0,0,0,0,0,,
60002,1,6,3,0,0,0,0,0,,
60003,2,6,1,0,0,0,0,0,,
60004,3,6,1,0,0,0,0,0,,
60005,4,6,1,0,0,0,0,0,,
60006,5,6,1,0,0,0,0,0,,
60007,6,6,1,0,0,0,0,0,,
60008,7,6,1,0,0,0,0,0,,
60009,8,6,1,0,0,0,0,0,,
60010,9,6,1,0,0,0,0,0,,
60023,16,6,2,0,0,0,0,0,,
60024,16,6,3,0,0,0,0,0,,
60025,17,6,2,0,0,0,0,0,,
60026,17,6,3,0,0,0,0,0,,
60027,18,6,2,0,0,0,0,0,,
60028,18,6,3,0,0,0,0,0,,
60029,19,6,2,0,0,0,0,0,,
60030,19,6,3,0,0,0,0,0,,
60031,20,6,4,0,0,0,0,0,,
60032,20,6,3,0,0,0,0,0,,
60033,21,6,4,0,0,0,0,0,,
60034,21,6,3,0,0,0,0,0,,
60035,22,6,4,0,0,0,0,0,,
60036,22,6,3,0,0,0,0,0,10756,
60037,23,6,4,0,0,0,0,0,,
60038,23,6,3,0,0,0,0,0,10756,
60039,24,6,2,0,0,0,0,0,,
60040,25,6,2,0,0,0,0,0,20005,
60041,26,6,3,0,1,1,1,1,10040,
60042,27,6,3,0,0,0,1,0,10037,
60043,28,6,3,0,0,0,0,0,,
60044,29,6,3,0,0,0,0,0,,
60045,30,6,3,0,0,0,0,1,,
60046,31,6,3,0,1,0,0,0,,
60047,32,6,3,0,0,0,0,0,20006,
60048,33,6,3,1,1,1,1,1,,
60049,34,6,3,1,1,1,1,1,,
60050,35,6,3,0,0,0,0,0,,
60051,36,6,3,0,0,0,0,0,,
60052,37,6,3,0,0,1,1,0,10037,
60053,38,6,3,0,0,1,0,0,,
60054,39,6,4,0,0,0,0,0,,
60055,40,6,4,0,0,0,0,0,,
60056,32,6,2,0,0,0,0,0,,
60057,41,6,3,0,0,0,0,0,,
60058,42,6,5,0,0,0,0,0,,
60059,43,6,5,0,0,0,0,0,,
60060,44,6,4,0,0,0,0,0,,
60061,45,6,2,0,0,0,0,0,,
60062,46,6,2,0,0,0,0,0,10081,
60063,47,6,2,0,0,0,0,0,,
60064,48,6,2,0,0,0,0,0,,
60065,48,6,3,0,0,0,0,0,,
60066,49,6,2,0,0,0,0,0,,
60067,49,6,3,0,0,0,0,0,,
60068,50,6,3,0,0,0,0,0,,
60069,50,6,2,0,0,0,0,0,,
60070,51,6,3,0,0,0,0,0,,
60071,51,6,2,0,0,0,0,0,,
60072,52,6,4,0,0,0,0,0,,
60073,52,6,3,0,0,0,0,0,,
60074,53,6,4,0,0,0,0,0,,
60075,53,6,3,0,0,0,0,0,,
60076,54,6,4,0,0,0,0,0,,
60077,54,6,3,0,0,0,0,0,,
60078,55,6,4,0,0,0,0,0,,
60079,55,6,3,0,0,0,0,0,,
60080,56,6,4,0,0,0,0,0,,
60081,57,6,4,0,0,0,0,0,,
60082,57,6,4,0,0,0,0,0,,
60083,58,6,4,0,0,0,0,0,,
60084,58,6,3,0,0,0,0,0,,
60085,59,6,4,0,0,0,0,0,10154,
60086,59,6,3,0,0,0,0,0,10745,
60087,60,6,4,0,0,0,0,0,10154,
60088,60,6,3,0,0,0,0,0,10745,
60089,61,6,4,0,0,0,0,0,10746,
60090,61,6,3,0,0,0,0,0,10747,
60091,62,6,4,0,0,0,0,0,10746,
60092,62,6,3,0,0,0,0,0,10747,
60093,63,6,2,0,0,0,0,0,10155,
60094,63,6,3,0,0,0,0,0,,
60099,66,6,2,0,0,0,0,0,10751,
60100,66,6,3,0,0,0,0,0,10752,
60101,70,6,4,0,0,0,0,0,,
60102,70,6,3,0,0,0,0,0,,
60103,71,6,4,0,0,0,0,0,,
60104,71,6,3,0,0,0,0,0,,
60105,72,6,4,0,0,0,0,0,,
60106,72,6,3,0,0,0,0,0,,
60107,73,6,4,0,0,0,0,0,,
60108,73,6,3,0,0,0,0,0,,
60109,74,6,1,0,0,0,0,0,,
60110,75,6,1,0,0,0,0,0,,
60111,76,6,4,0,0,0,0,0,,
60112,77,6,4,0,0,0,0,0,,
60113,78,6,3,0,0,0,0,0,,
60114,79,6,4,0,0,0,0,0,,
60115,80,6,4,0,0,0,0,0,,
60116,81,6,4,0,0,0,0,0,,
60117,81,6,3,0,0,0,0,0,,
60118,82,6,4,0,0,0,0,0,,
60119,83,6,4,0,0,0,0,0,,
60120,84,6,4,0,0,0,0,0,,
60121,85,6,4,0,0,0,0,0,,
60122,86,6,3,0,0,0,0,0,,
60123,87,6,3,0,0,0,0,0,,
60124,88,6,3,0,0,0,0,0,,
60125,89,6,3,0,0,0,0,0,,
60126,90,6,3,0,0,0,0,0,,
60127,91,6,3,0,0,0,0,0,,
60128,92,6,3,0,0,0,0,0,,
60129,93,6,3,0,0,0,0,0,,
60130,94,6,3,0,0,0,0,0,10135,
60131,95,6,3,0,0,0,0,0,,
60132,96,6,3,0,0,0,0,0,,
60133,97,6,3,0,0,0,0,0,,
60134,98,6,3,0,0,0,0,0,,
60135,99,6,3,0,0,0,0,0,,
60136,100,6,3,0,0,0,0,0,,
60137,101,6,3,0,0,0,0,0,,
60138,102,6,3,0,0,0,0,0,,
60139,103,6,3,0,0,0,0,0,,
60140,104,6,3,0,0,0,0,0,,
60141,37,6,3,0,1,1,1,0,,
60142,105,6,2,0,0,0,0,0,10729,
60143,106,6,5,0,0,0,0,0,,
60144,107,6,5,0,0,0,0,0,,
60145,95,6,3,0,0,0,0,0,,
60146,19,6,4,0,0,0,0,0,,
60147,18,6,4,0,0,0,0,0,,
60148,109,6,4,0,0,0,0,0,,
60149,112,6,4,0,0,0,0,0,,
60150,129,6,2,0,0,0,0,0,,
60151,103,6,4,0,0,0,0,0,,
60152,110,6,3,0,0,0,0,0,,
60153,111,6,3,0,0,0,0,0,,
60154,113,6,4,0,0,0,0,0,,
60155,114,6,4,0,0,0,0,0,,
60156,115,6,4,0,0,0,0,0,,
60157,116,6,4,0,0,0,0,0,,
60158,117,6,4,0,0,0,0,0,,
60159,118,6,4,0,0,0,0,0,,
60160,119,6,4,0,0,0,0,0,,
60161,120,6,4,0,0,0,0,0,,
60162,113,6,4,0,0,0,0,0,,
60163,114,6,4,0,0,0,0,0,,
60164,115,6,4,0,0,0,0,0,,
60165,116,6,4,0,0,0,0,0,,
60166,117,6,4,0,0,0,0,0,,
60167,118,6,4,0,0,0,0,0,,
60168,119,6,4,0,0,0,0,0,,
60169,120,6,4,0,0,0,0,0,,
60170,121,6,4,0,0,0,0,0,,
60171,122,6,4,0,0,0,0,0,,
60172,123,6,4,0,0,0,0,0,,
60173,124,6,4,0,0,0,0,0,,
60174,125,6,4,0,0,0,0,0,,
60175,126,6,4,0,0,0,0,0,,
60176,127,6,4,0,0,0,0,0,,
60177,128,6,4,0,0,0,0,0,,
60178,121,6,4,0,0,0,0,0,,
60179,122,6,4,0,0,0,0,0,,
60180,123,6,4,0,0,0,0,0,,
60181,124,6,4,0,0,0,0,0,,
60182,125,6,4,0,0,0,0,0,,
60183,126,6,4,0,0,0,0,0,,
60184,127,6,4,0,0,0,0,0,,
60185,128,6,4,0,0,0,0,0,,
60186,105,6,2,0,0,0,0,0,10729,
60187,45,9,2,0,0,0,0,0,10962,
70001,1,7,4,0,0,0,0,0,,
70002,1,7,4,0,0,0,0,0,,
70003,2,7,1,0,0,0,0,0,,
70004,3,7,1,0,0,0,0,0,,
70005,4,7,1,0,0,0,0,0,,
70006,5,7,1,0,0,0,0,0,,
70007,6,7,1,0,0,0,0,0,,
70008,7,7,1,0,0,0,0,0,,
70009,8,7,1,0,0,0,0,0,,
70010,9,7,1,0,0,0,0,0,,
70023,16,7,4,0,0,0,0,0,,
70024,16,7,4,0,0,0,0,0,,
70025,17,7,4,0,0,0,0,0,,
70026,17,7,4,0,0,0,0,0,,
70027,18,7,4,0,0,0,0,0,,
70028,18,7,4,0,0,0,0,0,,
70029,19,7,4,0,0,0,0,0,,
70030,19,7,4,0,0,0,0,0,,
70031,20,7,4,0,0,0,0,0,,
70032,20,7,4,0,0,0,0,0,,
70033,21,7,4,0,0,0,0,0,,
70034,21,7,4,0,0,0,0,0,,
70035,22,7,4,0,0,0,0,0,,
70036,22,7,4,0,0,0,0,0,,
70037,23,7,4,0,0,0,0,0,,
70038,23,7,4,0,0,0,0,0,,
70039,24,7,2,0,0,0,0,0,,
70040,25,7,4,0,0,0,0,0,20005,
70041,26,7,4,0,1,1,1,1,10040,
70042,27,7,4,0,0,0,1,0,,
70043,28,7,4,0,0,0,0,0,,
70044,29,7,4,0,0,0,0,0,,
70045,30,7,4,0,0,0,0,1,,
70046,31,7,4,0,1,0,0,0,,
70047,32,7,4,0,0,0,0,0,20006,
70048,33,7,4,1,1,1,1,1,,
70049,34,7,4,1,1,1,1,1,,
70050,35,7,4,0,0,0,0,0,,
70051,36,7,4,0,0,0,0,0,,
70052,37,7,4,0,0,1,1,0,10037,
70053,38,7,4,0,0,1,0,0,,
70054,39,7,4,0,0,0,0,0,,
70055,40,7,4,0,0,0,0,0,,
70056,32,7,4,0,0,0,0,0,,
70057,41,7,4,0,0,0,0,0,,
70058,42,7,5,0,0,0,0,0,,
70059,43,7,5,0,0,0,0,0,,
70060,44,7,4,0,0,0,0,0,,
70061,45,7,4,0,0,0,0,0,10729,
70062,46,7,4,0,0,0,0,0,10081,
70063,47,7,4,0,0,0,0,0,,
70064,48,7,4,0,0,0,0,0,,
70065,48,7,4,0,0,0,0,0,,
70066,49,7,4,0,0,0,0,0,,
70067,49,7,4,0,0,0,0,0,,
70068,50,7,4,0,0,0,0,0,,
70069,50,7,4,0,0,0,0,0,,
70070,51,7,4,0,0,0,0,0,,
70071,51,7,4,0,0,0,0,0,,
70072,52,7,4,0,0,0,0,0,,
70073,52,7,4,0,0,0,0,0,,
70074,53,7,4,0,0,0,0,0,,
70075,53,7,4,0,0,0,0,0,,
70076,54,7,4,0,0,0,0,0,,
70077,54,7,4,0,0,0,0,0,,
70078,55,7,4,0,0,0,0,0,,
70079,55,7,4,0,0,0,0,0,,
70080,56,7,4,0,0,0,0,0,,
70081,57,7,4,0,0,0,0,0,,
70082,57,7,4,0,0,0,0,0,,
70083,58,7,4,0,0,0,0,0,,
70084,58,7,4,0,0,0,0,0,,
70085,59,7,4,0,0,0,0,0,10091,
70086,59,7,4,0,0,0,0,0,,
70087,60,7,4,0,0,0,0,0,,
70088,60,7,4,0,0,0,0,0,,
70089,61,7,4,0,0,0,0,0,,
70090,61,7,4,0,0,0,0,0,,
70091,62,7,4,0,0,0,0,0,,
70092,62,7,4,0,0,0,0,0,,
70093,63,7,4,0,0,0,0,0,,
70094,63,7,4,0,0,0,0,0,,
70099,66,7,4,0,0,0,0,0,,
70100,66,7,4,0,0,0,0,0,,
70101,70,7,4,0,0,0,0,0,,
70102,70,7,4,0,0,0,0,0,,
70103,71,7,4,0,0,0,0,0,,
70104,71,7,4,0,0,0,0,0,,
70105,72,7,4,0,0,0,0,0,,
70106,72,7,4,0,0,0,0,0,,
70107,73,7,4,0,0,0,0,0,,
70108,73,7,4,0,0,0,0,0,,
70109,74,7,1,0,0,0,0,0,,
70110,75,7,1,0,0,0,0,0,,
70111,76,7,4,0,0,0,0,0,,
70112,77,7,4,0,0,0,0,0,,
70113,78,7,4,0,0,0,0,0,,
70114,79,7,4,0,0,0,0,0,,
70115,80,7,4,0,0,0,0,0,,
70116,81,7,4,0,0,0,0,0,,
70117,81,7,4,0,0,0,0,0,,
70118,82,7,4,0,0,0,0,0,,
70119,83,7,4,0,0,0,0,0,,
70120,84,7,4,0,0,0,0,0,,
70121,85,7,4,0,0,0,0,0,,
70122,86,7,4,0,0,0,0,0,,
70123,87,7,4,0,0,0,0,0,,
70124,88,7,4,0,0,0,0,0,,
70125,89,7,4,0,0,0,0,0,,
70126,90,7,4,0,0,0,0,0,,
70127,91,7,4,0,0,0,0,0,,
70128,92,7,4,0,0,0,0,0,,
70129,93,7,4,0,0,0,0,0,,
70130,94,7,4,0,0,0,0,0,10754,
70131,95,7,4,0,0,0,0,0,,
70132,96,7,4,0,0,0,0,0,,
70133,97,7,4,0,0,0,0,0,,
70134,98,7,4,0,0,0,0,0,,
70135,99,7,4,0,0,0,0,0,,
70136,100,7,4,0,0,0,0,0,,
70137,101,7,4,0,0,0,0,0,,
70138,102,7,4,0,0,0,0,0,,
70139,103,7,4,0,0,0,0,0,,
70140,104,7,4,0,0,0,0,0,,
70141,37,7,4,0,1,1,1,0,,
70142,105,7,4,0,0,0,0,0,10301,
70143,106,7,4,0,0,0,0,0,,
70144,107,7,4,0,0,0,0,0,,
70145,95,7,4,0,0,0,0,0,,
70146,19,7,4,0,0,0,0,0,,
70147,18,7,4,0,0,0,0,0,,
70148,109,7,4,0,0,0,0,0,,
70149,112,7,4,0,0,0,0,0,,
70150,129,7,4,0,0,0,0,0,,
70151,103,7,4,0,0,0,0,0,,
70152,110,7,4,0,0,0,0,0,,
70153,111,7,4,0,0,0,0,0,,
70154,113,7,4,0,0,0,0,0,,
70155,114,7,4,0,0,0,0,0,,
70156,115,7,4,0,0,0,0,0,,
70157,116,7,4,0,0,0,0,0,,
70158,117,7,4,0,0,0,0,0,,
70159,118,7,4,0,0,0,0,0,,
70160,119,7,4,0,0,0,0,0,,
70161,120,7,4,0,0,0,0,0,,
70162,113,7,4,0,0,0,0,0,,
70163,114,7,4,0,0,0,0,0,,
70164,115,7,4,0,0,0,0,0,,
70165,116,7,4,0,0,0,0,0,,
70166,117,7,4,0,0,0,0,0,,
70167,118,7,4,0,0,0,0,0,,
70168,119,7,4,0,0,0,0,0,,
70169,120,7,4,0,0,0,0,0,,
70170,121,7,4,0,0,0,0,0,,
70171,122,7,4,0,0,0,0,0,,
70172,123,7,4,0,0,0,0,0,,
70173,124,7,4,0,0,0,0,0,,
70174,125,7,4,0,0,0,0,0,,
70175,126,7,4,0,0,0,0,0,,
70176,127,7,4,0,0,0,0,0,,
70177,128,7,4,0,0,0,0,0,,
70178,121,7,4,0,0,0,0,0,,
70179,122,7,4,0,0,0,0,0,,
70180,123,7,4,0,0,0,0,0,,
70181,124,7,4,0,0,0,0,0,,
70182,125,7,4,0,0,0,0,0,,
70183,126,7,4,0,0,0,0,0,,
70184,127,7,4,0,0,0,0,0,,
70185,128,7,4,0,0,0,0,0,,
70187,105,1,4,0,0,0,0,0,10729,
70188,130,1,2,0,0,0,0,0,,
70189,131,1,2,0,0,0,0,0,,
70190,131,1,3,0,0,0,0,0,,
70191,132,1,2,0,0,0,0,0,,
70192,132,1,3,0,0,0,0,0,,
70193,133,1,2,0,0,0,0,0,,
70194,133,1,3,0,0,0,0,0,,
70195,134,1,2,0,0,0,0,0,,
70196,134,1,3,0,0,0,0,0,,
70197,135,1,2,0,0,0,0,0,,
70198,135,1,3,0,0,0,0,0,,
70199,136,1,2,0,0,0,0,0,,
70200,136,1,3,0,0,0,0,0,,
70201,137,1,2,0,0,0,0,0,,
70202,137,1,3,0,0,0,0,0,,
70203,138,1,2,0,0,0,0,0,,
70204,138,1,3,0,0,0,0,0,,
70205,139,1,2,0,0,0,0,0,,
70206,139,1,3,0,0,0,0,0,,
70207,140,1,2,0,0,0,0,0,,
70208,140,1,3,0,0,0,0,0,,
70209,141,1,2,0,0,0,0,0,,
70210,141,1,3,0,0,0,0,0,,
70211,142,1,2,0,0,0,0,0,,
70212,142,1,3,0,0,0,0,0,,
70213,143,1,2,0,0,0,0,0,,
70214,143,1,3,0,0,0,0,0,,
70215,144,1,2,0,0,0,0,0,,
70216,144,1,3,0,0,0,0,0,,
70217,145,1,2,0,0,0,0,0,,
70218,145,1,3,0,0,0,0,0,,
70219,146,1,2,0,0,0,0,0,,
70220,146,1,3,0,0,0,0,0,,
70221,147,1,1,0,0,0,0,0,,
70222,148,1,1,0,0,0,0,0,,
70223,149,1,1,0,0,0,0,0,,
70224,150,1,2,0,0,0,0,0,,
70225,151,1,2,0,0,0,0,0,,
70226,152,1,2,0,0,0,0,0,,
70227,153,1,2,0,0,0,0,0,,
70228,154,1,2,0,0,0,0,0,,
70229,155,1,3,0,0,0,0,0,,
70230,155,1,2,0,0,0,0,0,,
70231,156,1,3,0,0,0,0,0,,
70232,156,1,2,0,0,0,0,0,,
70233,157,1,3,0,0,0,0,0,,
70234,157,1,2,0,0,0,0,0,,
70235,158,1,3,0,0,0,0,0,,
70236,158,1,2,0,0,0,0,0,,
80001,1,8,4,0,0,0,0,0,,
80002,1,8,4,0,0,0,0,0,,
80003,2,8,1,0,0,0,0,0,,
80004,3,8,1,0,0,0,0,0,,
80005,4,8,1,0,0,0,0,0,,
80006,5,8,1,0,0,0,0,0,,
80007,6,8,1,0,0,0,0,0,,
80008,7,8,1,0,0,0,0,0,,
80009,8,8,1,0,0,0,0,0,,
80010,9,8,1,0,0,0,0,0,,
80023,16,8,4,0,0,0,0,0,,
80024,16,8,4,0,0,0,0,0,,
80025,17,8,4,0,0,0,0,0,,
80026,17,8,4,0,0,0,0,0,,
80027,18,8,4,0,0,0,0,0,,
80028,18,8,4,0,0,0,0,0,,
80029,19,8,4,0,0,0,0,0,,
80030,19,8,4,0,0,0,0,0,,
80031,20,8,4,0,0,0,0,0,,
80032,20,8,4,0,0,0,0,0,,
80033,21,8,4,0,0,0,0,0,,
80034,21,8,4,0,0,0,0,0,,
80035,22,8,4,0,0,0,0,0,,
80036,22,8,4,0,0,0,0,0,,
80037,23,8,4,0,0,0,0,0,,
80038,23,8,4,0,0,0,0,0,,
80039,24,8,4,0,0,0,0,0,,
80040,25,8,4,0,0,0,0,0,20005,
80041,26,8,4,0,1,1,1,1,10040,
80042,27,8,4,0,0,0,1,0,,
80043,28,8,4,0,0,0,0,0,,
80044,29,8,4,0,0,0,0,0,,
80045,30,8,4,0,0,0,0,1,,
80046,31,8,4,0,1,0,0,0,,
80047,32,8,4,0,0,0,0,0,20006,
80048,33,8,4,1,1,1,1,1,,
80049,34,8,4,1,1,1,1,1,,
80050,35,8,4,0,0,0,0,0,,
80051,36,8,4,0,0,0,0,0,,
80052,37,8,4,0,0,1,1,0,10037,
80053,38,8,4,0,0,1,0,0,,
80054,39,8,4,0,0,0,0,0,,
80055,40,8,4,0,0,0,0,0,,
80056,32,8,4,0,0,0,0,0,,
80057,41,8,4,0,0,0,0,0,,
80058,42,8,5,0,0,0,0,0,,
80059,43,8,5,0,0,0,0,0,,
80060,44,8,4,0,0,0,0,0,,
80061,45,8,4,0,0,0,0,0,10729,
80062,46,8,4,0,0,0,0,0,10081,
80063,47,8,4,0,0,0,0,0,,
80064,48,8,4,0,0,0,0,0,,
80065,48,8,4,0,0,0,0,0,,
80066,49,8,4,0,0,0,0,0,,
80067,49,8,4,0,0,0,0,0,,
80068,50,8,4,0,0,0,0,0,,
80069,50,8,4,0,0,0,0,0,,
80070,51,8,4,0,0,0,0,0,,
80071,51,8,4,0,0,0,0,0,,
80072,52,8,4,0,0,0,0,0,,
80073,52,8,4,0,0,0,0,0,,
80074,53,8,4,0,0,0,0,0,,
80075,53,8,4,0,0,0,0,0,,
80076,54,8,4,0,0,0,0,0,,
80077,54,8,4,0,0,0,0,0,,
80078,55,8,4,0,0,0,0,0,,
80079,55,8,4,0,0,0,0,0,,
80080,56,8,4,0,0,0,0,0,,
80081,57,8,4,0,0,0,0,0,,
80082,57,8,4,0,0,0,0,0,,
80083,58,8,4,0,0,0,0,0,,
80084,58,8,4,0,0,0,0,0,,
80085,59,8,4,0,0,0,0,0,10091,
80086,59,8,4,0,0,0,0,0,,
80087,60,8,4,0,0,0,0,0,,
80088,60,8,4,0,0,0,0,0,,
80089,61,8,4,0,0,0,0,0,,
80090,61,8,4,0,0,0,0,0,,
80091,62,8,4,0,0,0,0,0,,
80092,62,8,4,0,0,0,0,0,,
80093,63,8,4,0,0,0,0,0,,
80094,63,8,4,0,0,0,0,0,,
80099,66,8,4,0,0,0,0,0,,
80100,66,8,4,0,0,0,0,0,,
80101,70,8,4,0,0,0,0,0,,
80102,70,8,4,0,0,0,0,0,,
80103,71,8,4,0,0,0,0,0,,
80104,71,8,4,0,0,0,0,0,,
80105,72,8,4,0,0,0,0,0,,
80106,72,8,4,0,0,0,0,0,,
80107,73,8,4,0,0,0,0,0,,
80108,73,8,4,0,0,0,0,0,,
80109,74,8,1,0,0,0,0,0,,
80110,75,8,1,0,0,0,0,0,,
80111,76,8,4,0,0,0,0,0,,
80112,77,8,4,0,0,0,0,0,,
80113,78,8,4,0,0,0,0,0,,
80114,79,8,4,0,0,0,0,0,,
80115,80,8,4,0,0,0,0,0,,
80116,81,8,4,0,0,0,0,0,,
80117,81,8,4,0,0,0,0,0,,
80118,82,8,4,0,0,0,0,0,,
80119,83,8,4,0,0,0,0,0,,
80120,84,8,4,0,0,0,0,0,,
80121,85,8,4,0,0,0,0,0,,
80122,86,8,4,0,0,0,0,0,,
80123,87,8,4,0,0,0,0,0,,
80124,88,8,4,0,0,0,0,0,,
80125,89,8,4,0,0,0,0,0,,
80126,90,8,4,0,0,0,0,0,,
80127,91,8,4,0,0,0,0,0,,
80128,92,8,4,0,0,0,0,0,,
80129,93,8,4,0,0,0,0,0,,
80130,94,8,3,0,0,0,0,0,,
80131,95,8,4,0,0,0,0,0,,
80132,96,8,4,0,0,0,0,0,,
80133,97,8,4,0,0,0,0,0,,
80134,98,8,4,0,0,0,0,0,,
80135,99,8,4,0,0,0,0,0,,
80136,100,8,4,0,0,0,0,0,,
80137,101,8,4,0,0,0,0,0,,
80138,102,8,4,0,0,0,0,0,,
80139,103,8,4,0,0,0,0,0,,
80140,104,8,4,0,0,0,0,0,,
80141,37,8,4,0,1,1,1,0,,
80142,105,8,4,0,0,0,0,0,10729,
80143,106,8,4,0,0,0,0,0,,
80144,107,8,4,0,0,0,0,0,,
80145,95,8,4,0,0,0,0,0,,
80146,19,8,4,0,0,0,0,0,,
80147,18,8,4,0,0,0,0,0,,
80148,109,8,4,0,0,0,0,0,,
80149,112,8,4,0,0,0,0,0,,
80150,129,8,4,0,0,0,0,0,,
80151,103,8,4,0,0,0,0,0,,
80152,110,8,4,0,0,0,0,0,,
80153,111,8,4,0,0,0,0,0,,
80154,113,8,4,0,0,0,0,0,,
80155,114,8,4,0,0,0,0,0,,
80156,115,8,4,0,0,0,0,0,,
80157,116,8,4,0,0,0,0,0,,
80158,117,8,4,0,0,0,0,0,,
80159,118,8,4,0,0,0,0,0,,
80160,119,8,4,0,0,0,0,0,,
80161,120,8,4,0,0,0,0,0,,
80162,113,8,4,0,0,0,0,0,,
80163,114,8,4,0,0,0,0,0,,
80164,115,8,4,0,0,0,0,0,,
80165,116,8,4,0,0,0,0,0,,
80166,117,8,4,0,0,0,0,0,,
80167,118,8,4,0,0,0,0,0,,
80168,119,8,4,0,0,0,0,0,,
80169,120,8,4,0,0,0,0,0,,
80170,121,8,4,0,0,0,0,0,,
80171,122,8,4,0,0,0,0,0,,
80172,123,8,4,0,0,0,0,0,,
80173,124,8,4,0,0,0,0,0,,
80174,125,8,4,0,0,0,0,0,,
80175,126,8,4,0,0,0,0,0,,
80176,127,8,4,0,0,0,0,0,,
80177,128,8,4,0,0,0,0,0,,
80178,121,8,4,0,0,0,0,0,,
80179,122,8,4,0,0,0,0,0,,
80180,123,8,4,0,0,0,0,0,,
80181,124,8,4,0,0,0,0,0,,
80182,125,8,4,0,0,0,0,0,,
80183,126,8,4,0,0,0,0,0,,
80184,127,8,4,0,0,0,0,0,,
80185,128,8,4,0,0,0,0,0,,
80187,105,1,4,0,0,0,0,0,10729,
80188,130,1,2,0,0,0,0,0,,
80189,131,1,2,0,0,0,0,0,,
80190,131,1,3,0,0,0,0,0,,
80191,132,1,2,0,0,0,0,0,,
80192,132,1,3,0,0,0,0,0,,
80193,133,1,2,0,0,0,0,0,,
80194,133,1,3,0,0,0,0,0,,
80195,134,1,2,0,0,0,0,0,,
80196,134,1,3,0,0,0,0,0,,
80197,135,1,2,0,0,0,0,0,,
80198,135,1,3,0,0,0,0,0,,
80199,136,1,2,0,0,0,0,0,,
80200,136,1,3,0,0,0,0,0,,
80201,137,1,2,0,0,0,0,0,,
80202,137,1,3,0,0,0,0,0,,
80203,138,1,2,0,0,0,0,0,,
80204,138,1,3,0,0,0,0,0,,
80205,139,1,2,0,0,0,0,0,,
80206,139,1,3,0,0,0,0,0,,
80207,140,1,2,0,0,0,0,0,,
80208,140,1,3,0,0,0,0,0,,
80209,141,1,2,0,0,0,0,0,,
80210,141,1,3,0,0,0,0,0,,
80211,142,1,2,0,0,0,0,0,,
80212,142,1,3,0,0,0,0,0,,
80213,143,1,2,0,0,0,0,0,,
80214,143,1,3,0,0,0,0,0,,
80215,144,1,2,0,0,0,0,0,,
80216,144,1,3,0,0,0,0,0,,
80217,145,1,2,0,0,0,0,0,,
80218,145,1,3,0,0,0,0,0,,
80219,146,1,2,0,0,0,0,0,,
80220,146,1,3,0,0,0,0,0,,
80221,147,1,1,0,0,0,0,0,,
80222,148,1,1,0,0,0,0,0,,
80223,149,1,1,0,0,0,0,0,,
80224,150,1,2,0,0,0,0,0,,
80225,151,1,2,0,0,0,0,0,,
80226,152,1,2,0,0,0,0,0,,
80227,153,1,2,0,0,0,0,0,,
80228,154,1,2,0,0,0,0,0,,
80229,155,1,3,0,0,0,0,0,,
80230,155,1,2,0,0,0,0,0,,
80231,156,1,3,0,0,0,0,0,,
80232,156,1,2,0,0,0,0,0,,
80233,157,1,3,0,0,0,0,0,,
80234,157,1,2,0,0,0,0,0,,
80235,158,1,3,0,0,0,0,0,,
80236,158,1,2,0,0,0,0,0,,
90024,16,9,4,0,0,0,0,0,,
90031,20,9,4,0,0,0,0,0,,
90032,20,9,4,0,0,0,0,0,,
90033,21,9,4,0,0,0,0,0,,
90034,21,9,4,0,0,0,0,0,,
90035,22,9,4,0,0,0,0,0,,
90036,22,9,4,0,0,0,0,0,,
90037,23,9,4,0,0,0,0,0,,
90038,23,9,4,0,0,0,0,0,,
90039,24,9,4,0,0,0,0,0,,
90040,25,9,4,0,0,0,0,0,,
90041,26,9,4,0,1,1,1,1,,
90047,32,9,4,0,0,0,0,0,10159,
90085,59,9,4,0,0,0,0,0,,
90086,59,9,4,0,0,0,0,0,,
90087,60,9,4,0,0,0,0,0,,
90088,60,9,4,0,0,0,0,0,,
90089,61,9,4,0,0,0,0,0,,
90090,61,9,4,0,0,0,0,0,,
90091,62,9,4,0,0,0,0,0,,
90092,62,9,4,0,0,0,0,0,,
90110,75,9,1,0,0,0,0,0,,
90200,108,9,4,0,0,0,0,0,,
90150,21,9,4,0,0,0,0,0,10795,
90151,21,9,4,0,0,0,0,0,10823,
90152,21,9,4,0,0,0,0,0,10845,
90153,21,9,4,0,0,0,0,0,10872,
90154,21,9,4,0,0,0,0,0,10874,
90155,45,9,2,0,0,0,0,0,10552,
90156,21,9,2,0,0,0,0,0,10106,
90157,21,10,2,0,0,0,0,0,10885,
90158,21,10,2,0,0,0,0,0,10609,
90159,45,9,4,0,0,0,0,0,10823,
90160,82,1,2,0,0,0,0,0,,
90161,83,1,2,0,0,0,0,0,10786,
90162,45,80,2,0,0,0,0,0,10945,
90163,82,1,4,0,0,0,0,0,,
90164,83,1,4,0,0,0,0,0,,
90165,25,1,4,0,0,0,0,0,,
91166,45,99,2,0,0,0,0,0,20007,20010
91167,45,99,2,0,0,0,0,0,20008,20011
91168,45,99,2,0,0,0,0,0,20009,20012
91169,21,9,2,0,0,0,0,0,10984,
91170,45,9,2,0,0,0,0,0,10987,
91171,21,9,2,0,0,0,0,0,11000,
91172,111,99,3,0,0,0,0,0,,
91173,21,9,4,0,0,0,0,0,11014,
91174,59,99,2,0,0,0,0,0,11007,
91175,20,99,2,0,0,0,0,0,,
91176,22,98,2,0,0,0,0,0,11011,
91177,59,99,2,0,0,0,0,0,11027,
91178,30,1,3,1,1,1,0,1,,
91179,73,6,4,0,0,0,0,0,,
91180,111,99,4,0,0,0,0,0,10162,
91181,59,9,4,0,0,0,0,0,10154,
91183,20,9,4,0,0,0,0,0,,
91184,20,9,4,0,0,0,0,0,,
91185,61,9,4,0,0,0,0,0,10746,
91186,61,9,4,0,0,0,0,0,10747,
91187,22,9,4,0,0,0,0,0,,
91188,22,9,4,0,0,0,0,0,10756,
91189,59,9,4,0,0,0,0,0,10745,
91190,79,8,4,0,0,0,0,0,,
91191,80,8,4,0,0,0,0,0,,
91192,84,1,4,0,0,0,0,0,,
91193,85,1,4,0,0,0,0,0,,
91194,94,4,3,0,0,0,0,0,10270,
91195,59,9,2,0,0,0,0,0,11053,
91196,78,1,2,0,0,0,0,0,,
91197,46,9,2,0,0,0,0,0,11062,
91198,95,2,3,0,0,0,0,0,11081,
99001,1,7,4,0,0,0,0,0,,
99002,1,7,4,0,0,0,0,0,,
99003,2,7,1,0,0,0,0,0,,
99004,3,7,1,0,0,0,0,0,,
99005,4,7,1,0,0,0,0,0,,
99006,5,7,1,0,0,0,0,0,,
99007,6,7,1,0,0,0,0,0,,
99008,7,7,1,0,0,0,0,0,,
99009,8,7,1,0,0,0,0,0,,
99010,9,7,1,0,0,0,0,0,,
99023,16,7,4,0,0,0,0,0,,
99024,16,7,4,0,0,0,0,0,,
99025,17,7,4,0,0,0,0,0,,
99026,17,7,4,0,0,0,0,0,,
99027,18,7,4,0,0,0,0,0,,
99028,18,7,4,0,0,0,0,0,,
99029,19,7,4,0,0,0,0,0,,
99030,19,7,4,0,0,0,0,0,,
99031,20,7,4,0,0,0,0,0,,
99032,20,7,4,0,0,0,0,0,,
99033,21,7,4,0,0,0,0,0,,
99034,21,7,4,0,0,0,0,0,,
99035,22,7,4,0,0,0,0,0,,
99036,22,7,4,0,0,0,0,0,,
99037,23,7,4,0,0,0,0,0,,
99038,23,7,4,0,0,0,0,0,,
99039,24,7,4,0,0,0,0,0,,
99040,25,7,4,0,0,0,0,0,20005,
99041,26,7,4,0,1,1,1,1,10040,
99042,27,7,4,0,0,0,1,0,,
99043,28,7,4,0,0,0,0,0,,
99044,29,7,4,0,0,0,0,0,,
99045,30,7,4,0,0,0,0,1,,
99046,31,7,4,0,1,0,0,0,,
99047,32,7,4,0,0,0,0,0,20006,
99048,33,7,4,1,1,1,1,1,,
99049,34,7,4,1,1,1,1,1,,
99050,35,7,4,0,0,0,0,0,,
99051,36,7,4,0,0,0,0,0,,
99052,37,7,4,0,0,1,1,0,10037,
99053,38,7,4,0,0,1,0,0,,
99054,39,7,4,0,0,0,0,0,,
99055,40,7,4,0,0,0,0,0,,
99056,32,7,4,0,0,0,0,0,,
99057,41,7,4,0,0,0,0,0,,
99058,42,7,5,0,0,0,0,0,,
99059,43,7,5,0,0,0,0,0,,
99060,44,7,4,0,0,0,0,0,,
99061,45,7,4,0,0,0,0,0,10729,
99062,46,7,4,0,0,0,0,0,10081,
99063,47,7,4,0,0,0,0,0,,
99064,48,7,4,0,0,0,0,0,,
99065,48,7,4,0,0,0,0,0,,
99066,49,7,4,0,0,0,0,0,,
99067,49,7,4,0,0,0,0,0,,
99068,50,7,4,0,0,0,0,0,,
99069,50,7,4,0,0,0,0,0,,
99070,51,7,4,0,0,0,0,0,,
99071,51,7,4,0,0,0,0,0,,
99072,52,7,4,0,0,0,0,0,,
99073,52,7,4,0,0,0,0,0,,
99074,53,7,4,0,0,0,0,0,,
99075,53,7,4,0,0,0,0,0,,
99076,54,7,4,0,0,0,0,0,,
99077,54,7,4,0,0,0,0,0,,
99078,55,7,4,0,0,0,0,0,,
99079,55,7,4,0,0,0,0,0,,
99080,56,7,4,0,0,0,0,0,,
99081,57,7,4,0,0,0,0,0,,
99082,57,7,4,0,0,0,0,0,,
99083,58,7,4,0,0,0,0,0,,
99084,58,7,4,0,0,0,0,0,,
99085,59,7,4,0,0,0,0,0,10091,
99086,59,7,4,0,0,0,0,0,,
99087,60,7,4,0,0,0,0,0,,
99088,60,7,4,0,0,0,0,0,,
99089,61,7,4,0,0,0,0,0,,
99090,61,7,4,0,0,0,0,0,,
99091,62,7,4,0,0,0,0,0,,
99092,62,7,4,0,0,0,0,0,,
99093,63,7,4,0,0,0,0,0,,
99094,63,7,4,0,0,0,0,0,,
99099,66,7,4,0,0,0,0,0,,
99100,66,7,4,0,0,0,0,0,,
99101,70,7,4,0,0,0,0,0,,
99102,70,7,4,0,0,0,0,0,,
99103,71,7,4,0,0,0,0,0,,
99104,71,7,4,0,0,0,0,0,,
99105,72,7,4,0,0,0,0,0,,
99106,72,7,4,0,0,0,0,0,,
99107,73,7,4,0,0,0,0,0,,
99108,73,7,4,0,0,0,0,0,,
99109,74,7,1,0,0,0,0,0,,
99110,75,7,1,0,0,0,0,0,,
99111,76,7,4,0,0,0,0,0,,
99112,77,7,4,0,0,0,0,0,,
99113,78,7,4,0,0,0,0,0,,
99114,79,7,4,0,0,0,0,0,,
99115,80,7,4,0,0,0,0,0,,
99116,81,7,4,0,0,0,0,0,,
99117,81,7,4,0,0,0,0,0,,
99118,82,7,4,0,0,0,0,0,,
99119,83,7,4,0,0,0,0,0,,
99120,84,7,4,0,0,0,0,0,,
99121,85,7,4,0,0,0,0,0,,
99122,86,7,4,0,0,0,0,0,,
99123,87,7,4,0,0,0,0,0,,
99124,88,7,4,0,0,0,0,0,,
99125,89,7,4,0,0,0,0,0,,
99126,90,7,4,0,0,0,0,0,,
99127,91,7,4,0,0,0,0,0,,
99128,92,7,4,0,0,0,0,0,,
99129,93,7,4,0,0,0,0,0,,
99130,94,7,4,0,0,0,0,0,10754,
99131,95,7,4,0,0,0,0,0,,
99132,96,7,4,0,0,0,0,0,,
99133,97,7,4,0,0,0,0,0,,
99134,98,7,4,0,0,0,0,0,,
99135,99,7,4,0,0,0,0,0,,
99136,100,7,4,0,0,0,0,0,,
99137,101,7,4,0,0,0,0,0,,
99138,102,7,4,0,0,0,0,0,,
99139,103,7,4,0,0,0,0,0,,
99140,104,7,4,0,0,0,0,0,,
99141,37,7,4,0,1,1,1,0,,
99142,105,7,4,0,0,0,0,0,10729,
99143,106,7,4,0,0,0,0,0,,
99144,107,7,4,0,0,0,0,0,,
99145,95,7,4,0,0,0,0,0,,
99146,19,7,4,0,0,0,0,0,,
99147,18,7,4,0,0,0,0,0,,
99148,109,7,4,0,0,0,0,0,,
99149,112,7,4,0,0,0,0,0,,
99150,129,7,4,0,0,0,0,0,,
99151,103,7,4,0,0,0,0,0,,
99152,110,7,4,0,0,0,0,0,,
99153,111,7,4,0,0,0,0,0,,
99154,113,7,4,0,0,0,0,0,,
99155,114,7,4,0,0,0,0,0,,
99156,115,7,4,0,0,0,0,0,,
99157,116,7,4,0,0,0,0,0,,
99158,117,7,4,0,0,0,0,0,,
99159,118,7,4,0,0,0,0,0,,
99160,119,7,4,0,0,0,0,0,,
99161,120,7,4,0,0,0,0,0,,
99162,113,7,4,0,0,0,0,0,,
99163,114,7,4,0,0,0,0,0,,
99164,115,7,4,0,0,0,0,0,,
99165,116,7,4,0,0,0,0,0,,
99166,117,7,4,0,0,0,0,0,,
99167,118,7,4,0,0,0,0,0,,
99168,119,7,4,0,0,0,0,0,,
99169,120,7,4,0,0,0,0,0,,
99170,121,7,4,0,0,0,0,0,,
99171,122,7,4,0,0,0,0,0,,
99172,123,7,4,0,0,0,0,0,,
99173,124,7,4,0,0,0,0,0,,
99174,125,7,4,0,0,0,0,0,,
99175,126,7,4,0,0,0,0,0,,
99176,127,7,4,0,0,0,0,0,,
99177,128,7,4,0,0,0,0,0,,
99178,121,7,4,0,0,0,0,0,,
99179,122,7,4,0,0,0,0,0,,
99180,123,7,4,0,0,0,0,0,,
99181,124,7,4,0,0,0,0,0,,
99182,125,7,4,0,0,0,0,0,,
99183,126,7,4,0,0,0,0,0,,
99184,127,7,4,0,0,0,0,0,,
99185,128,7,4,0,0,0,0,0,,
99187,105,1,4,0,0,0,0,0,10729,
99188,130,1,2,0,0,0,0,0,,
99189,131,1,2,0,0,0,0,0,,
99190,131,1,3,0,0,0,0,0,,
99191,132,1,2,0,0,0,0,0,,
99192,132,1,3,0,0,0,0,0,,
99193,133,1,2,0,0,0,0,0,,
99194,133,1,3,0,0,0,0,0,,
99195,134,1,2,0,0,0,0,0,,
99196,134,1,3,0,0,0,0,0,,
99197,135,1,2,0,0,0,0,0,,
99198,135,1,3,0,0,0,0,0,,
99199,136,1,2,0,0,0,0,0,,
99200,136,1,3,0,0,0,0,0,,
99201,137,1,2,0,0,0,0,0,,
99202,137,1,3,0,0,0,0,0,,
99203,138,1,2,0,0,0,0,0,,
99204,138,1,3,0,0,0,0,0,,
99205,139,1,2,0,0,0,0,0,,
99206,139,1,3,0,0,0,0,0,,
99207,140,1,2,0,0,0,0,0,,
99208,140,1,3,0,0,0,0,0,,
99209,141,1,2,0,0,0,0,0,,
99210,141,1,3,0,0,0,0,0,,
99211,142,1,2,0,0,0,0,0,,
99212,142,1,3,0,0,0,0,0,,
99213,143,1,2,0,0,0,0,0,,
99214,143,1,3,0,0,0,0,0,,
99215,144,1,2,0,0,0,0,0,,
99216,144,1,3,0,0,0,0,0,,
99217,145,1,2,0,0,0,0,0,,
99218,145,1,3,0,0,0,0,0,,
99219,146,1,2,0,0,0,0,0,,
99220,146,1,3,0,0,0,0,0,,
99221,147,1,1,0,0,0,0,0,,
99222,148,1,1,0,0,0,0,0,,
99223,149,1,1,0,0,0,0,0,,
99224,150,1,2,0,0,0,0,0,,
99225,151,1,2,0,0,0,0,0,,
99226,152,1,2,0,0,0,0,0,,
99227,153,1,2,0,0,0,0,0,,
99228,154,1,2,0,0,0,0,0,,
99229,155,1,3,0,0,0,0,0,,
99230,155,1,2,0,0,0,0,0,,
99231,156,1,3,0,0,0,0,0,,
99232,156,1,2,0,0,0,0,0,,
99233,157,1,3,0,0,0,0,0,,
99234,157,1,2,0,0,0,0,0,,
99235,158,1,3,0,0,0,0,0,,
99236,158,1,2,0,0,0,0,0,,
99237,32,1,4,0,0,0,0,0,20006,
