唯一ID,印记等级,印记ID,升级所需材料,属性,战斗力
Id,PetEquipLevel,PetEquipID,Cost,Nature,FightPower
int,int,int,list,list,int
1,1,16001,45:100;1:10000,9:117;15:1;16:3;,650
2,2,16001,45:200;1:15000,9:124;15:1;16:3;,690
3,3,16001,45:300;1:20000,9:130;15:1;16:3;,740
4,4,16001,45:400;1:25000,9:137;15:1;16:4;,780
5,5,16001,45:600;1:30000,9:144;15:2;16:4;,820
6,6,16001,45:800;1:35000,9:153;15:2;16:5;,880
7,7,16001,45:1000;1:40000,9:163;15:2;16:5;,950
8,8,16001,45:1200;1:45000,9:173;15:3;16:6;,1010
9,9,16001,45:1400;1:50000,9:183;15:3;16:7;,1080
10,10,16001,45:1700;1:55000,9:193;15:3;16:7;,1140
11,11,16001,45:2000;1:60000,9:206;15:4;16:8;,1230
12,12,16001,45:2300;1:65000,9:219;15:4;16:9;,1310
13,13,16001,45:2600;1:70000,9:233;15:5;16:10;,1400
14,14,16001,45:2900;1:75000,9:246;15:5;16:10;,1480
15,15,16001,45:3300;1:80000,9:259;15:6;16:11;,1570
16,16,16001,45:3700;1:85000,9:276;15:6;16:12;,1670
17,17,16001,45:4100;1:90000,9:292;15:7;16:13;,1780
18,18,16001,45:4500;1:95000,9:309;15:7;16:14;,1890
19,19,16001,45:4900;1:100000,9:325;15:8;16:15;,1990
20,20,16001,,9:342;15:9;16:16;,2100
21,1,16002,45:2000;1:20000,9:381;15:10;16:19;,2350
22,2,16002,45:2500;1:30000,9:408;15:11;16:20;,2530
23,3,16002,45:3000;1:40000,9:434;15:12;16:22;,2700
24,4,16002,45:3500;1:50000,9:460;15:13;16:24;,2870
25,5,16002,45:4000;1:60000,9:487;15:14;16:25;,3040
26,6,16002,45:4500;1:70000,9:520;15:15;16:27;,3250
27,7,16002,45:5000;1:80000,9:553;15:16;16:29;,3460
28,8,16002,45:5500;1:90000,9:586;15:17;16:31;,3680
29,9,16002,45:6000;1:100000,9:619;15:18;16:33;,3890
30,10,16002,45:6500;1:110000,9:652;15:20;16:35;,4100
31,11,16002,45:7000;1:120000,9:692;15:21;16:38;,4360
32,12,16002,45:7500;1:130000,9:731;15:22;16:40;,4610
33,13,16002,45:8000;1:140000,9:771;15:24;16:43;,4870
34,14,16002,45:8500;1:150000,9:810;15:25;16:45;,5120
35,15,16002,45:9000;1:160000,9:850;15:27;16:47;,5380
36,16,16002,45:9500;1:170000,9:896;15:28;16:50;,5680
37,17,16002,45:10000;1:180000,9:942;15:30;16:53;,5980
38,18,16002,45:10500;1:190000,9:989;15:32;16:56;,6270
39,19,16002,45:11000;1:200000,9:1035;15:33;16:59;,6570
40,20,16002,,9:1081;15:35;16:62;,6870
41,1,16003,45:10000;1:30000,9:1160;15:38;16:67;,7380
42,2,16003,45:12000;1:45000,9:1213;15:40;16:70;,7720
43,3,16003,45:14000;1:60000,9:1266;15:41;16:73;,8060
44,4,16003,45:16000;1:75000,9:1319;15:43;16:76;,8400
45,5,16003,45:18000;1:90000,9:1372;15:45;16:79;,8750
46,6,16003,45:20000;1:105000,9:1431;15:47;16:83;,9130
47,7,16003,45:22000;1:120000,9:1490;15:49;16:87;,9510
48,8,16003,45:24000;1:135000,9:1550;15:51;16:90;,9900
49,9,16003,45:26000;1:150000,9:1609;15:54;16:94;,10280
50,10,16003,45:28000;1:165000,9:1669;15:56;16:98;,10660
51,11,16003,45:30000;1:180000,9:1735;15:58;16:102;,11090
52,12,16003,45:32000;1:195000,9:1801;15:60;16:106;,11510
53,13,16003,45:34000;1:210000,9:1867;15:63;16:110;,11940
54,14,16003,45:36000;1:225000,9:1933;15:65;16:114;,12370
55,15,16003,45:38000;1:240000,9:1999;15:67;16:118;,12790
56,16,16003,45:40000;1:255000,9:2072;15:70;16:122;,13260
57,17,16003,45:42000;1:270000,9:2144;15:73;16:127;,13730
58,18,16003,45:44000;1:285000,9:2217;15:75;16:131;,14200
59,19,16003,45:46000;1:300000,9:2289;15:78;16:136;,14670
60,20,16003,,9:2362;15:80;16:140;,15140
61,1,16004,45:45000;1:40000,9:2494;15:85;16:148;,15990
62,2,16004,45:50000;1:60000,9:2573;15:88;16:153;,16500
63,3,16004,45:55000;1:80000,9:2653;15:91;16:158;,17010
64,4,16004,45:60000;1:100000,9:2732;15:93;16:163;,17520
65,5,16004,45:65000;1:120000,9:2811;15:96;16:168;,18030
66,6,16004,45:70000;1:140000,9:2897;15:99;16:173;,18590
67,7,16004,45:75000;1:160000,9:2983;15:102;16:178;,19140
68,8,16004,45:80000;1:180000,9:3069;15:105;16:184;,19690
69,9,16004,45:85000;1:200000,9:3154;15:108;16:189;,20250
70,10,16004,45:90000;1:220000,9:3240;15:111;16:194;,20800
71,11,16004,45:95000;1:240000,9:3333;15:115;16:200;,21400
72,12,16004,45:100000;1:260000,9:3425;15:118;16:205;,22000
73,13,16004,45:105000;1:280000,9:3518;15:121;16:211;,22590
74,14,16004,45:110000;1:300000,9:3610;15:125;16:217;,23190
75,15,16004,45:115000;1:320000,9:3702;15:128;16:222;,23780
76,16,16004,45:120000;1:340000,9:3801;15:131;16:229;,24420
77,17,16004,45:125000;1:360000,9:3900;15:135;16:235;,25060
78,18,16004,45:130000;1:380000,9:4000;15:138;16:241;,25700
79,19,16004,45:135000;1:400000,9:4099;15:142;16:247;,26340
80,20,16004,,9:4198;15:145;16:253;,26980
81,1,16005,45:150000;1:50000,9:4382;15:152;16:264;,28170
82,2,16005,45:160000;1:80000,9:4488;15:156;16:271;,28850
83,3,16005,45:170000;1:110000,9:4594;15:160;16:277;,29540
84,4,16005,45:180000;1:140000,9:4699;15:163;16:284;,30220
85,5,16005,45:190000;1:170000,9:4805;15:167;16:290;,30900
86,6,16005,45:200000;1:200000,9:4917;15:171;16:297;,31620
87,7,16005,45:210000;1:230000,9:5030;15:175;16:304;,32350
88,8,16005,45:220000;1:260000,9:5142;15:179;16:311;,33070
89,9,16005,45:230000;1:290000,9:5254;15:183;16:318;,33800
90,10,16005,45:240000;1:320000,9:5366;15:187;16:325;,34520
91,11,16005,45:250000;1:350000,9:5485;15:191;16:332;,35290
92,12,16005,45:260000;1:380000,9:5604;15:195;16:339;,36050
93,13,16005,45:270000;1:410000,9:5723;15:200;16:346;,36820
94,14,16005,45:280000;1:440000,9:5842;15:204;16:354;,37590
95,15,16005,45:290000;1:470000,9:5960;15:208;16:361;,38360
96,16,16005,45:300000;1:500000,9:6086;15:212;16:369;,39160
97,17,16005,45:310000;1:530000,9:6211;15:217;16:376;,39970
98,18,16005,45:320000;1:560000,9:6337;15:221;16:384;,40780
99,19,16005,45:330000;1:590000,9:6462;15:226;16:392;,41590
100,20,16005,,9:6588;15:230;16:400;,42400
101,1,16006,45:100;1:10000,10:117;12:57;13:1;,900
102,2,16006,45:200;1:15000,10:124;12:59;13:2;,950
103,3,16006,45:300;1:20000,10:130;12:61;13:2;,1000
104,4,16006,45:400;1:25000,10:137;12:62;13:2;,1050
105,5,16006,45:600;1:30000,10:144;12:64;13:3;,1090
106,6,16006,45:800;1:35000,10:153;12:67;13:3;,1160
107,7,16006,45:1000;1:40000,10:163;12:69;13:4;,1230
108,8,16006,45:1200;1:45000,10:173;12:72;13:5;,1310
109,9,16006,45:1400;1:50000,10:183;12:74;13:5;,1380
110,10,16006,45:1700;1:55000,10:193;12:77;13:6;,1450
111,11,16006,45:2000;1:60000,10:206;12:80;13:6;,1540
112,12,16006,45:2300;1:65000,10:219;12:84;13:7;,1640
113,13,16006,45:2600;1:70000,10:233;12:87;13:8;,1730
114,14,16006,45:2900;1:75000,10:246;12:90;13:9;,1820
115,15,16006,45:3300;1:80000,10:259;12:94;13:9;,1920
116,16,16006,45:3700;1:85000,10:276;12:98;13:10;,2040
117,17,16006,45:4100;1:90000,10:292;12:102;13:11;,2150
118,18,16006,45:4500;1:95000,10:309;12:107;13:12;,2270
119,19,16006,45:4900;1:100000,10:325;12:111;13:13;,2390
120,20,16006,,10:342;12:115;13:14;,2510
121,1,16007,45:2000;1:20000,10:381;12:125;13:16;,2790
122,2,16007,45:2500;1:30000,10:408;12:132;13:18;,2980
123,3,16007,45:3000;1:40000,10:434;12:139;13:19;,3170
124,4,16007,45:3500;1:50000,10:460;12:146;13:21;,3360
125,5,16007,45:4000;1:60000,10:487;12:153;13:22;,3550
126,6,16007,45:4500;1:70000,10:520;12:161;13:24;,3780
127,7,16007,45:5000;1:80000,10:553;12:170;13:26;,4020
128,8,16007,45:5500;1:90000,10:586;12:178;13:28;,4250
129,9,16007,45:6000;1:100000,10:619;12:187;13:30;,4490
130,10,16007,45:6500;1:110000,10:652;12:195;13:32;,4730
131,11,16007,45:7000;1:120000,10:692;12:206;13:34;,5010
132,12,16007,45:7500;1:130000,10:731;12:216;13:36;,5290
133,13,16007,45:8000;1:140000,10:771;12:226;13:38;,5570
134,14,16007,45:8500;1:150000,10:810;12:236;13:41;,5860
135,15,16007,45:9000;1:160000,10:850;12:247;13:43;,6140
136,16,16007,45:9500;1:170000,10:896;12:259;13:46;,6470
137,17,16007,45:10000;1:180000,10:942;12:271;13:48;,6800
138,18,16007,45:10500;1:190000,10:989;12:283;13:51;,7130
139,19,16007,45:11000;1:200000,10:1035;12:294;13:53;,7460
140,20,16007,,10:1081;12:306;13:56;,7790
141,1,16008,45:10000;1:30000,10:1160;12:327;13:61;,8360
142,2,16008,45:12000;1:45000,10:1213;12:341;13:64;,8740
143,3,16008,45:14000;1:60000,10:1266;12:354;13:67;,9110
144,4,16008,45:16000;1:75000,10:1319;12:368;13:70;,9490
145,5,16008,45:18000;1:90000,10:1372;12:382;13:73;,9870
146,6,16008,45:20000;1:105000,10:1431;12:397;13:76;,10290
147,7,16008,45:22000;1:120000,10:1490;12:412;13:79;,10720
148,8,16008,45:24000;1:135000,10:1550;12:428;13:83;,11140
149,9,16008,45:26000;1:150000,10:1609;12:443;13:86;,11570
150,10,16008,45:28000;1:165000,10:1669;12:458;13:89;,11990
151,11,16008,45:30000;1:180000,10:1735;12:475;13:93;,12460
152,12,16008,45:32000;1:195000,10:1801;12:493;13:97;,12930
153,13,16008,45:34000;1:210000,10:1867;12:510;13:101;,13410
154,14,16008,45:36000;1:225000,10:1933;12:527;13:104;,13880
155,15,16008,45:38000;1:240000,10:1999;12:544;13:108;,14350
156,16,16008,45:40000;1:255000,10:2072;12:563;13:112;,14870
157,17,16008,45:42000;1:270000,10:2144;12:581;13:116;,15390
158,18,16008,45:44000;1:285000,10:2217;12:600;13:121;,15910
159,19,16008,45:46000;1:300000,10:2289;12:619;13:125;,16420
160,20,16008,,10:2362;12:638;13:129;,16940
161,1,16009,45:45000;1:40000,10:2494;12:672;13:136;,17890
162,2,16009,45:50000;1:60000,10:2573;12:692;13:141;,18450
163,3,16009,45:55000;1:80000,10:2653;12:713;13:145;,19020
164,4,16009,45:60000;1:100000,10:2732;12:733;13:150;,19580
165,5,16009,45:65000;1:120000,10:2811;12:754;13:154;,20150
166,6,16009,45:70000;1:140000,10:2897;12:776;13:159;,20760
167,7,16009,45:75000;1:160000,10:2983;12:798;13:164;,21380
168,8,16009,45:80000;1:180000,10:3069;12:820;13:169;,21990
169,9,16009,45:85000;1:200000,10:3154;12:843;13:174;,22600
170,10,16009,45:90000;1:220000,10:3240;12:865;13:179;,23220
171,11,16009,45:95000;1:240000,10:3333;12:889;13:184;,23880
172,12,16009,45:100000;1:260000,10:3425;12:913;13:189;,24540
173,13,16009,45:105000;1:280000,10:3518;12:936;13:194;,25200
174,14,16009,45:110000;1:300000,10:3610;12:960;13:200;,25860
175,15,16009,45:115000;1:320000,10:3702;12:984;13:205;,26520
176,16,16009,45:120000;1:340000,10:3801;12:1010;13:211;,27230
177,17,16009,45:125000;1:360000,10:3900;12:1035;13:216;,27930
178,18,16009,45:130000;1:380000,10:4000;12:1061;13:222;,28640
179,19,16009,45:135000;1:400000,10:4099;12:1087;13:227;,29350
180,20,16009,,10:4198;12:1112;13:233;,30060
181,1,16010,45:150000;1:50000,10:4382;12:1160;13:244;,31380
182,2,16010,45:160000;1:80000,10:4488;12:1187;13:250;,32130
183,3,16010,45:170000;1:110000,10:4594;12:1215;13:256;,32890
184,4,16010,45:180000;1:140000,10:4699;12:1242;13:262;,33640
185,5,16010,45:190000;1:170000,10:4805;12:1269;13:268;,34400
186,6,16010,45:200000;1:200000,10:4917;12:1298;13:274;,35200
187,7,16010,45:210000;1:230000,10:5030;12:1327;13:280;,36000
188,8,16010,45:220000;1:260000,10:5142;12:1356;13:287;,36800
189,9,16010,45:230000;1:290000,10:5254;12:1385;13:293;,37600
190,10,16010,45:240000;1:320000,10:5366;12:1414;13:299;,38410
191,11,16010,45:250000;1:350000,10:5485;12:1445;13:306;,39260
192,12,16010,45:260000;1:380000,10:5604;12:1476;13:313;,40100
193,13,16010,45:270000;1:410000,10:5723;12:1507;13:320;,40950
194,14,16010,45:280000;1:440000,10:5842;12:1537;13:326;,41800
195,15,16010,45:290000;1:470000,10:5960;12:1568;13:333;,42650
196,16,16010,45:300000;1:500000,10:6086;12:1601;13:340;,43550
197,17,16010,45:310000;1:530000,10:6211;12:1633;13:347;,44440
198,18,16010,45:320000;1:560000,10:6337;12:1665;13:354;,45340
199,19,16010,45:330000;1:590000,10:6462;12:1698;13:362;,46240
200,20,16010,,10:6588;12:1730;13:369;,47130
201,1,16011,45:100;1:10000,7:1846;11:57;13:1;,1230
202,2,16011,45:200;1:15000,7:1944;11:59;13:1;,1290
203,3,16011,45:300;1:20000,7:2043;11:61;13:1;,1350
204,4,16011,45:400;1:25000,7:2141;11:63;13:1;,1420
205,5,16011,45:600;1:30000,7:2240;11:65;13:2;,1480
206,6,16011,45:800;1:35000,7:2388;11:68;13:2;,1570
207,7,16011,45:1000;1:40000,7:2536;11:71;13:2;,1670
208,8,16011,45:1200;1:45000,7:2684;11:73;13:3;,1760
209,9,16011,45:1400;1:50000,7:2832;11:76;13:3;,1850
210,10,16011,45:1700;1:55000,7:2979;11:79;13:3;,1950
211,11,16011,45:2000;1:60000,7:3177;11:83;13:4;,2070
212,12,16011,45:2300;1:65000,7:3374;11:87;13:4;,2190
213,13,16011,45:2600;1:70000,7:3571;11:91;13:5;,2320
214,14,16011,45:2900;1:75000,7:3768;11:94;13:5;,2440
215,15,16011,45:3300;1:80000,7:3965;11:98;13:6;,2570
216,16,16011,45:3700;1:85000,7:4212;11:103;13:6;,2720
217,17,16011,45:4100;1:90000,7:4458;11:108;13:7;,2880
218,18,16011,45:4500;1:95000,7:4705;11:112;13:7;,3040
219,19,16011,45:4900;1:100000,7:4951;11:117;13:8;,3190
220,20,16011,,7:5198;11:122;13:9;,3350
221,1,16012,45:2000;1:20000,7:5789;11:133;13:10;,3720
222,2,16012,45:2500;1:30000,7:6183;11:141;13:11;,3970
223,3,16012,45:3000;1:40000,7:6578;11:149;13:12;,4220
224,4,16012,45:3500;1:50000,7:6972;11:156;13:13;,4470
225,5,16012,45:4000;1:60000,7:7367;11:164;13:14;,4720
226,6,16012,45:4500;1:70000,7:7859;11:173;13:15;,5030
227,7,16012,45:5000;1:80000,7:8352;11:183;13:16;,5340
228,8,16012,45:5500;1:90000,7:8845;11:192;13:17;,5650
229,9,16012,45:6000;1:100000,7:9338;11:202;13:18;,5970
230,10,16012,45:6500;1:110000,7:9831;11:211;13:20;,6280
231,11,16012,45:7000;1:120000,7:10423;11:223;13:21;,6650
232,12,16012,45:7500;1:130000,7:11014;11:234;13:22;,7030
233,13,16012,45:8000;1:140000,7:11606;11:246;13:24;,7400
234,14,16012,45:8500;1:150000,7:12197;11:257;13:25;,7770
235,15,16012,45:9000;1:160000,7:12789;11:268;13:27;,8150
236,16,16012,45:9500;1:170000,7:13479;11:282;13:28;,8580
237,17,16012,45:10000;1:180000,7:14169;11:295;13:30;,9020
238,18,16012,45:10500;1:190000,7:14859;11:308;13:32;,9460
239,19,16012,45:11000;1:200000,7:15549;11:322;13:33;,9890
240,20,16012,,7:16239;11:335;13:35;,10330
241,1,16013,45:10000;1:30000,7:17422;11:358;13:38;,11080
242,2,16013,45:12000;1:45000,7:18211;11:373;13:40;,11570
243,3,16013,45:14000;1:60000,7:19000;11:388;13:41;,12070
244,4,16013,45:16000;1:75000,7:19789;11:404;13:43;,12570
245,5,16013,45:18000;1:90000,7:20577;11:419;13:45;,13070
246,6,16013,45:20000;1:105000,7:21464;11:436;13:47;,13630
247,7,16013,45:22000;1:120000,7:22352;11:453;13:49;,14190
248,8,16013,45:24000;1:135000,7:23239;11:470;13:51;,14750
249,9,16013,45:26000;1:150000,7:24126;11:487;13:54;,15310
250,10,16013,45:28000;1:165000,7:25014;11:505;13:56;,15880
251,11,16013,45:30000;1:180000,7:26000;11:524;13:58;,16500
252,12,16013,45:32000;1:195000,7:26985;11:543;13:60;,17120
253,13,16013,45:34000;1:210000,7:27971;11:562;13:63;,17750
254,14,16013,45:36000;1:225000,7:28957;11:581;13:65;,18370
255,15,16013,45:38000;1:240000,7:29943;11:600;13:67;,18990
256,16,16013,45:40000;1:255000,7:31027;11:621;13:70;,19680
257,17,16013,45:42000;1:270000,7:32112;11:642;13:73;,20360
258,18,16013,45:44000;1:285000,7:33196;11:662;13:75;,21050
259,19,16013,45:46000;1:300000,7:34281;11:683;13:78;,21730
260,20,16013,,7:35365;11:704;13:80;,22420
261,1,16014,45:45000;1:40000,7:37337;11:742;13:85;,23670
262,2,16014,45:50000;1:60000,7:38520;11:765;13:88;,24410
263,3,16014,45:55000;1:80000,7:39703;11:788;13:91;,25160
264,4,16014,45:60000;1:100000,7:40886;11:811;13:93;,25910
265,5,16014,45:65000;1:120000,7:42069;11:834;13:96;,26660
266,6,16014,45:70000;1:140000,7:43351;11:859;13:99;,27470
267,7,16014,45:75000;1:160000,7:44632;11:883;13:102;,28280
268,8,16014,45:80000;1:180000,7:45914;11:908;13:105;,29090
269,9,16014,45:85000;1:200000,7:47196;11:933;13:108;,29900
270,10,16014,45:90000;1:220000,7:48477;11:958;13:111;,30710
271,11,16014,45:95000;1:240000,7:49858;11:984;13:115;,31580
272,12,16014,45:100000;1:260000,7:51238;11:1011;13:118;,32450
273,13,16014,45:105000;1:280000,7:52618;11:1037;13:121;,33330
274,14,16014,45:110000;1:300000,7:53998;11:1064;13:125;,34200
275,15,16014,45:115000;1:320000,7:55378;11:1091;13:128;,35070
276,16,16014,45:120000;1:340000,7:56857;11:1119;13:131;,36010
277,17,16014,45:125000;1:360000,7:58336;11:1148;13:135;,36940
278,18,16014,45:130000;1:380000,7:59815;11:1176;13:138;,37880
279,19,16014,45:135000;1:400000,7:61294;11:1205;13:142;,38810
280,20,16014,,7:62772;11:1234;13:145;,39750
281,1,16015,45:150000;1:50000,7:65533;11:1287;13:152;,41490
282,2,16015,45:160000;1:80000,7:67110;11:1317;13:156;,42490
283,3,16015,45:170000;1:110000,7:68688;11:1348;13:160;,43490
284,4,16015,45:180000;1:140000,7:70265;11:1378;13:163;,44480
285,5,16015,45:190000;1:170000,7:71843;11:1409;13:167;,45480
286,6,16015,45:200000;1:200000,7:73518;11:1441;13:171;,46540
287,7,16015,45:210000;1:230000,7:75194;11:1473;13:175;,47600
288,8,16015,45:220000;1:260000,7:76870;11:1506;13:179;,48660
289,9,16015,45:230000;1:290000,7:78546;11:1538;13:183;,49720
290,10,16015,45:240000;1:320000,7:80222;11:1570;13:187;,50780
291,11,16015,45:250000;1:350000,7:81997;11:1605;13:191;,51900
292,12,16015,45:260000;1:380000,7:83772;11:1639;13:195;,53020
293,13,16015,45:270000;1:410000,7:85546;11:1673;13:200;,54140
294,14,16015,45:280000;1:440000,7:87321;11:1707;13:204;,55260
295,15,16015,45:290000;1:470000,7:89095;11:1742;13:208;,56390
296,16,16015,45:300000;1:500000,7:90968;11:1778;13:212;,57570
297,17,16015,45:310000;1:530000,7:92842;11:1814;13:217;,58760
298,18,16015,45:320000;1:560000,7:94715;11:1850;13:221;,59940
299,19,16015,45:330000;1:590000,7:96588;11:1886;13:226;,61120
300,20,16015,,7:98461;11:1923;13:230;,62310
301,1,16016,45:100;1:10000,7:1153;9:73;12:92;,1410
302,2,16016,45:200;1:15000,7:1215;9:77;12:95;,1470
303,3,16016,45:300;1:20000,7:1277;9:81;12:97;,1540
304,4,16016,45:400;1:25000,7:1338;9:85;12:100;,1600
305,5,16016,45:600;1:30000,7:1400;9:90;12:103;,1670
306,6,16016,45:800;1:35000,7:1492;9:96;12:107;,1760
307,7,16016,45:1000;1:40000,7:1585;9:102;12:111;,1860
308,8,16016,45:1200;1:45000,7:1677;9:108;12:115;,1960
309,9,16016,45:1400;1:50000,7:1770;9:114;12:119;,2060
310,10,16016,45:1700;1:55000,7:1862;9:120;12:123;,2150
311,11,16016,45:2000;1:60000,7:1985;9:129;12:129;,2280
312,12,16016,45:2300;1:65000,7:2108;9:137;12:134;,2420
313,13,16016,45:2600;1:70000,7:2232;9:145;12:140;,2550
314,14,16016,45:2900;1:75000,7:2355;9:153;12:145;,2680
315,15,16016,45:3300;1:80000,7:2478;9:162;12:151;,2810
316,16,16016,45:3700;1:85000,7:2632;9:172;12:157;,2970
317,17,16016,45:4100;1:90000,7:2786;9:182;12:164;,3130
318,18,16016,45:4500;1:95000,7:2940;9:193;12:171;,3290
319,19,16016,45:4900;1:100000,7:3094;9:203;12:178;,3460
320,20,16016,,7:3248;9:213;12:185;,3620
321,1,16017,45:2000;1:20000,7:3618;9:238;12:201;,4010
322,2,16017,45:2500;1:30000,7:3864;9:255;12:212;,4270
323,3,16017,45:3000;1:40000,7:4111;9:271;12:223;,4530
324,4,16017,45:3500;1:50000,7:4357;9:288;12:234;,4790
325,5,16017,45:4000;1:60000,7:4604;9:304;12:245;,5050
326,6,16017,45:4500;1:70000,7:4912;9:325;12:258;,5380
327,7,16017,45:5000;1:80000,7:5220;9:345;12:272;,5700
328,8,16017,45:5500;1:90000,7:5528;9:366;12:286;,6030
329,9,16017,45:6000;1:100000,7:5836;9:387;12:299;,6350
330,10,16017,45:6500;1:110000,7:6144;9:407;12:313;,6680
331,11,16017,45:7000;1:120000,7:6514;9:432;12:329;,7070
332,12,16017,45:7500;1:130000,7:6884;9:457;12:346;,7460
333,13,16017,45:8000;1:140000,7:7253;9:482;12:362;,7850
334,14,16017,45:8500;1:150000,7:7623;9:506;12:379;,8240
335,15,16017,45:9000;1:160000,7:7993;9:531;12:395;,8630
336,16,16017,45:9500;1:170000,7:8424;9:560;12:414;,9090
337,17,16017,45:10000;1:180000,7:8855;9:589;12:433;,9540
338,18,16017,45:10500;1:190000,7:9287;9:618;12:452;,10000
339,19,16017,45:11000;1:200000,7:9718;9:647;12:471;,10450
340,20,16017,,7:10149;9:676;12:491;,10910
341,1,16018,45:10000;1:30000,7:10889;9:725;12:523;,11690
342,2,16018,45:12000;1:45000,7:11382;9:758;12:545;,12210
343,3,16018,45:14000;1:60000,7:11875;9:791;12:567;,12730
344,4,16018,45:16000;1:75000,7:12368;9:824;12:589;,13250
345,5,16018,45:18000;1:90000,7:12861;9:857;12:611;,13780
346,6,16018,45:20000;1:105000,7:13415;9:894;12:635;,14360
347,7,16018,45:22000;1:120000,7:13970;9:931;12:660;,14950
348,8,16018,45:24000;1:135000,7:14524;9:969;12:685;,15530
349,9,16018,45:26000;1:150000,7:15079;9:1006;12:709;,16120
350,10,16018,45:28000;1:165000,7:15633;9:1043;12:734;,16700
351,11,16018,45:30000;1:180000,7:16250;9:1084;12:761;,17360
352,12,16018,45:32000;1:195000,7:16866;9:1125;12:788;,18010
353,13,16018,45:34000;1:210000,7:17482;9:1167;12:816;,18660
354,14,16018,45:36000;1:225000,7:18098;9:1208;12:843;,19310
355,15,16018,45:38000;1:240000,7:18714;9:1249;12:870;,19960
356,16,16018,45:40000;1:255000,7:19392;9:1295;12:900;,20680
357,17,16018,45:42000;1:270000,7:20070;9:1340;12:930;,21390
358,18,16018,45:44000;1:285000,7:20748;9:1385;12:960;,22110
359,19,16018,45:46000;1:300000,7:21425;9:1431;12:990;,22820
360,20,16018,,7:22103;9:1476;12:1021;,23540
361,1,16019,45:45000;1:40000,7:23335;9:1559;12:1075;,24840
362,2,16019,45:50000;1:60000,7:24075;9:1608;12:1108;,25620
363,3,16019,45:55000;1:80000,7:24814;9:1658;12:1141;,26400
364,4,16019,45:60000;1:100000,7:25554;9:1707;12:1174;,27190
365,5,16019,45:65000;1:120000,7:26293;9:1757;12:1206;,27970
366,6,16019,45:70000;1:140000,7:27094;9:1810;12:1242;,28810
367,7,16019,45:75000;1:160000,7:27895;9:1864;12:1277;,29660
368,8,16019,45:80000;1:180000,7:28696;9:1918;12:1313;,30510
369,9,16019,45:85000;1:200000,7:29497;9:1971;12:1348;,31350
370,10,16019,45:90000;1:220000,7:30298;9:2025;12:1384;,32200
371,11,16019,45:95000;1:240000,7:31161;9:2083;12:1422;,33110
372,12,16019,45:100000;1:260000,7:32023;9:2140;12:1460;,34020
373,13,16019,45:105000;1:280000,7:32886;9:2198;12:1499;,34930
374,14,16019,45:110000;1:300000,7:33749;9:2256;12:1537;,35840
375,15,16019,45:115000;1:320000,7:34611;9:2314;12:1575;,36760
376,16,16019,45:120000;1:340000,7:35536;9:2376;12:1616;,37730
377,17,16019,45:125000;1:360000,7:36460;9:2438;12:1657;,38710
378,18,16019,45:130000;1:380000,7:37384;9:2500;12:1698;,39680
379,19,16019,45:135000;1:400000,7:38308;9:2561;12:1739;,40660
380,20,16019,,7:39233;9:2623;12:1780;,41640
381,1,16020,45:150000;1:50000,7:40958;9:2739;12:1856;,43460
382,2,16020,45:160000;1:80000,7:41944;9:2805;12:1900;,44500
383,3,16020,45:170000;1:110000,7:42930;9:2871;12:1944;,45540
384,4,16020,45:180000;1:140000,7:43916;9:2937;12:1988;,46590
385,5,16020,45:190000;1:170000,7:44901;9:3003;12:2031;,47630
386,6,16020,45:200000;1:200000,7:45949;9:3073;12:2078;,48730
387,7,16020,45:210000;1:230000,7:46996;9:3143;12:2124;,49840
388,8,16020,45:220000;1:260000,7:48044;9:3213;12:2171;,50950
389,9,16020,45:230000;1:290000,7:49091;9:3284;12:2217;,52050
390,10,16020,45:240000;1:320000,7:50139;9:3354;12:2263;,53160
391,11,16020,45:250000;1:350000,7:51248;9:3428;12:2313;,54330
392,12,16020,45:260000;1:380000,7:52357;9:3502;12:2362;,55500
393,13,16020,45:270000;1:410000,7:53466;9:3577;12:2411;,56680
394,14,16020,45:280000;1:440000,7:54575;9:3651;12:2460;,57850
395,15,16020,45:290000;1:470000,7:55684;9:3725;12:2509;,59020
396,16,16020,45:300000;1:500000,7:56855;9:3804;12:2561;,60260
397,17,16020,45:310000;1:530000,7:58026;9:3882;12:2613;,61490
398,18,16020,45:320000;1:560000,7:59197;9:3960;12:2665;,62730
399,19,16020,45:330000;1:590000,7:60367;9:4039;12:2717;,63970
400,20,16020,,7:61538;9:4117;12:2769;,65200
401,1,16021,45:100;1:10000,9:58;10:58;15:1;,620
402,2,16021,45:200;1:15000,9:62;10:62;15:2;,650
403,3,16021,45:300;1:20000,9:65;10:65;15:2;,690
404,4,16021,45:400;1:25000,9:68;10:68;15:2;,730
405,5,16021,45:600;1:30000,9:72;10:72;15:3;,770
406,6,16021,45:800;1:35000,9:76;10:76;15:3;,830
407,7,16021,45:1000;1:40000,9:81;10:81;15:4;,890
408,8,16021,45:1200;1:45000,9:86;10:86;15:5;,940
409,9,16021,45:1400;1:50000,9:91;10:91;15:5;,1000
410,10,16021,45:1700;1:55000,9:96;10:96;15:6;,1060
411,11,16021,45:2000;1:60000,9:103;10:103;15:6;,1140
412,12,16021,45:2300;1:65000,9:109;10:109;15:7;,1210
413,13,16021,45:2600;1:70000,9:116;10:116;15:8;,1290
414,14,16021,45:2900;1:75000,9:123;10:123;15:9;,1370
415,15,16021,45:3300;1:80000,9:129;10:129;15:9;,1450
416,16,16021,45:3700;1:85000,9:138;10:138;15:10;,1540
417,17,16021,45:4100;1:90000,9:146;10:146;15:11;,1640
418,18,16021,45:4500;1:95000,9:154;10:154;15:12;,1740
419,19,16021,45:4900;1:100000,9:162;10:162;15:13;,1830
420,20,16021,,9:171;10:171;15:14;,1930
421,1,16022,45:2000;1:20000,9:190;10:190;15:16;,2160
422,2,16022,45:2500;1:30000,9:204;10:204;15:18;,2320
423,3,16022,45:3000;1:40000,9:217;10:217;15:19;,2470
424,4,16022,45:3500;1:50000,9:230;10:230;15:21;,2630
425,5,16022,45:4000;1:60000,9:243;10:243;15:22;,2780
426,6,16022,45:4500;1:70000,9:260;10:260;15:24;,2970
427,7,16022,45:5000;1:80000,9:276;10:276;15:26;,3170
428,8,16022,45:5500;1:90000,9:293;10:293;15:28;,3360
429,9,16022,45:6000;1:100000,9:309;10:309;15:30;,3550
430,10,16022,45:6500;1:110000,9:326;10:326;15:32;,3750
431,11,16022,45:7000;1:120000,9:346;10:346;15:34;,3980
432,12,16022,45:7500;1:130000,9:365;10:365;15:36;,4210
433,13,16022,45:8000;1:140000,9:385;10:385;15:38;,4440
434,14,16022,45:8500;1:150000,9:405;10:405;15:41;,4670
435,15,16022,45:9000;1:160000,9:425;10:425;15:43;,4900
436,16,16022,45:9500;1:170000,9:448;10:448;15:46;,5180
437,17,16022,45:10000;1:180000,9:471;10:471;15:48;,5450
438,18,16022,45:10500;1:190000,9:494;10:494;15:51;,5720
439,19,16022,45:11000;1:200000,9:517;10:517;15:53;,5990
440,20,16022,,9:540;10:540;15:56;,6260
441,1,16023,45:10000;1:30000,9:580;10:580;15:61;,6720
442,2,16023,45:12000;1:45000,9:606;10:606;15:64;,7030
443,3,16023,45:14000;1:60000,9:633;10:633;15:67;,7340
444,4,16023,45:16000;1:75000,9:659;10:659;15:70;,7650
445,5,16023,45:18000;1:90000,9:686;10:686;15:73;,7960
446,6,16023,45:20000;1:105000,9:715;10:715;15:76;,8300
447,7,16023,45:22000;1:120000,9:745;10:745;15:79;,8650
448,8,16023,45:24000;1:135000,9:775;10:775;15:83;,9000
449,9,16023,45:26000;1:150000,9:804;10:804;15:86;,9350
450,10,16023,45:28000;1:165000,9:834;10:834;15:89;,9700
451,11,16023,45:30000;1:180000,9:867;10:867;15:93;,10080
452,12,16023,45:32000;1:195000,9:900;10:900;15:97;,10470
453,13,16023,45:34000;1:210000,9:933;10:933;15:101;,10850
454,14,16023,45:36000;1:225000,9:966;10:966;15:104;,11240
455,15,16023,45:38000;1:240000,9:999;10:999;15:108;,11630
456,16,16023,45:40000;1:255000,9:1036;10:1036;15:112;,12050
457,17,16023,45:42000;1:270000,9:1072;10:1072;15:116;,12480
458,18,16023,45:44000;1:285000,9:1108;10:1108;15:121;,12900
459,19,16023,45:46000;1:300000,9:1144;10:1144;15:125;,13330
460,20,16023,,9:1181;10:1181;15:129;,13750
461,1,16024,45:45000;1:40000,9:1247;10:1247;15:136;,14530
462,2,16024,45:50000;1:60000,9:1286;10:1286;15:141;,14990
463,3,16024,45:55000;1:80000,9:1326;10:1326;15:145;,15450
464,4,16024,45:60000;1:100000,9:1366;10:1366;15:150;,15920
465,5,16024,45:65000;1:120000,9:1405;10:1405;15:154;,16380
466,6,16024,45:70000;1:140000,9:1448;10:1448;15:159;,16880
467,7,16024,45:75000;1:160000,9:1491;10:1491;15:164;,17380
468,8,16024,45:80000;1:180000,9:1534;10:1534;15:169;,17890
469,9,16024,45:85000;1:200000,9:1577;10:1577;15:174;,18390
470,10,16024,45:90000;1:220000,9:1620;10:1620;15:179;,18890
471,11,16024,45:95000;1:240000,9:1666;10:1666;15:184;,19430
472,12,16024,45:100000;1:260000,9:1712;10:1712;15:189;,19970
473,13,16024,45:105000;1:280000,9:1759;10:1759;15:194;,20510
474,14,16024,45:110000;1:300000,9:1805;10:1805;15:200;,21050
475,15,16024,45:115000;1:320000,9:1851;10:1851;15:205;,21600
476,16,16024,45:120000;1:340000,9:1900;10:1900;15:211;,22180
477,17,16024,45:125000;1:360000,9:1950;10:1950;15:216;,22750
478,18,16024,45:130000;1:380000,9:2000;10:2000;15:222;,23330
479,19,16024,45:135000;1:400000,9:2049;10:2049;15:227;,23910
480,20,16024,,9:2099;10:2099;15:233;,24490
481,1,16025,45:150000;1:50000,9:2191;10:2191;15:244;,25580
482,2,16025,45:160000;1:80000,9:2244;10:2244;15:250;,26190
483,3,16025,45:170000;1:110000,9:2297;10:2297;15:256;,26810
484,4,16025,45:180000;1:140000,9:2349;10:2349;15:262;,27430
485,5,16025,45:190000;1:170000,9:2402;10:2402;15:268;,28050
486,6,16025,45:200000;1:200000,9:2458;10:2458;15:274;,28700
487,7,16025,45:210000;1:230000,9:2515;10:2515;15:280;,29360
488,8,16025,45:220000;1:260000,9:2571;10:2571;15:287;,30020
489,9,16025,45:230000;1:290000,9:2627;10:2627;15:293;,30680
490,10,16025,45:240000;1:320000,9:2683;10:2683;15:299;,31330
491,11,16025,45:250000;1:350000,9:2742;10:2742;15:306;,32030
492,12,16025,45:260000;1:380000,9:2802;10:2802;15:313;,32720
493,13,16025,45:270000;1:410000,9:2861;10:2861;15:320;,33420
494,14,16025,45:280000;1:440000,9:2921;10:2921;15:326;,34110
495,15,16025,45:290000;1:470000,9:2980;10:2980;15:333;,34810
496,16,16025,45:300000;1:500000,9:3043;10:3043;15:340;,35540
497,17,16025,45:310000;1:530000,9:3105;10:3105;15:347;,36280
498,18,16025,45:320000;1:560000,9:3168;10:3168;15:354;,37010
499,19,16025,45:330000;1:590000,9:3231;10:3231;15:362;,37750
500,20,16025,,9:3294;10:3294;15:369;,38480
501,1,16026,45:100;1:10000,10:73;11:92;14:3;,870
502,2,16026,45:200;1:15000,10:77;11:95;14:3;,920
503,3,16026,45:300;1:20000,10:81;11:98;14:3;,960
504,4,16026,45:400;1:25000,10:85;11:101;14:4;,1000
505,5,16026,45:600;1:30000,10:90;11:104;14:4;,1040
506,6,16026,45:800;1:35000,10:96;11:109;14:5;,1100
507,7,16026,45:1000;1:40000,10:102;11:113;14:5;,1170
508,8,16026,45:1200;1:45000,10:108;11:118;14:6;,1230
509,9,16026,45:1400;1:50000,10:114;11:122;14:7;,1290
510,10,16026,45:1700;1:55000,10:120;11:127;14:7;,1360
511,11,16026,45:2000;1:60000,10:129;11:133;14:8;,1440
512,12,16026,45:2300;1:65000,10:137;11:139;14:9;,1520
513,13,16026,45:2600;1:70000,10:145;11:145;14:10;,1610
514,14,16026,45:2900;1:75000,10:153;11:151;14:10;,1690
515,15,16026,45:3300;1:80000,10:162;11:157;14:11;,1780
516,16,16026,45:3700;1:85000,10:172;11:165;14:12;,1880
517,17,16026,45:4100;1:90000,10:182;11:173;14:13;,1990
518,18,16026,45:4500;1:95000,10:193;11:180;14:14;,2090
519,19,16026,45:4900;1:100000,10:203;11:188;14:15;,2200
520,20,16026,,10:213;11:195;14:16;,2300
521,1,16027,45:2000;1:20000,10:238;11:214;14:19;,2550
522,2,16027,45:2500;1:30000,10:255;11:226;14:20;,2720
523,3,16027,45:3000;1:40000,10:271;11:238;14:22;,2890
524,4,16027,45:3500;1:50000,10:288;11:250;14:24;,3050
525,5,16027,45:4000;1:60000,10:304;11:262;14:25;,3220
526,6,16027,45:4500;1:70000,10:325;11:278;14:27;,3430
527,7,16027,45:5000;1:80000,10:345;11:293;14:29;,3640
528,8,16027,45:5500;1:90000,10:366;11:308;14:31;,3850
529,9,16027,45:6000;1:100000,10:387;11:323;14:33;,4060
530,10,16027,45:6500;1:110000,10:407;11:338;14:35;,4270
531,11,16027,45:7000;1:120000,10:432;11:357;14:38;,4520
532,12,16027,45:7500;1:130000,10:457;11:375;14:40;,4770
533,13,16027,45:8000;1:140000,10:482;11:393;14:43;,5030
534,14,16027,45:8500;1:150000,10:506;11:412;14:45;,5280
535,15,16027,45:9000;1:160000,10:531;11:430;14:47;,5530
536,16,16027,45:9500;1:170000,10:560;11:451;14:50;,5820
537,17,16027,45:10000;1:180000,10:589;11:472;14:53;,6120
538,18,16027,45:10500;1:190000,10:618;11:494;14:56;,6410
539,19,16027,45:11000;1:200000,10:647;11:515;14:59;,6700
540,20,16027,,10:676;11:536;14:62;,7000
541,1,16028,45:10000;1:30000,10:725;11:573;14:67;,7500
542,2,16028,45:12000;1:45000,10:758;11:597;14:70;,7840
543,3,16028,45:14000;1:60000,10:791;11:622;14:73;,8170
544,4,16028,45:16000;1:75000,10:824;11:646;14:76;,8510
545,5,16028,45:18000;1:90000,10:857;11:670;14:79;,8840
546,6,16028,45:20000;1:105000,10:894;11:698;14:83;,9220
547,7,16028,45:22000;1:120000,10:931;11:725;14:87;,9600
548,8,16028,45:24000;1:135000,10:969;11:753;14:90;,9970
549,9,16028,45:26000;1:150000,10:1006;11:780;14:94;,10350
550,10,16028,45:28000;1:165000,10:1043;11:808;14:98;,10730
551,11,16028,45:30000;1:180000,10:1084;11:838;14:102;,11150
552,12,16028,45:32000;1:195000,10:1125;11:868;14:106;,11570
553,13,16028,45:34000;1:210000,10:1167;11:899;14:110;,11990
554,14,16028,45:36000;1:225000,10:1208;11:929;14:114;,12410
555,15,16028,45:38000;1:240000,10:1249;11:960;14:118;,12830
556,16,16028,45:40000;1:255000,10:1295;11:993;14:122;,13290
557,17,16028,45:42000;1:270000,10:1340;11:1027;14:127;,13750
558,18,16028,45:44000;1:285000,10:1385;11:1060;14:131;,14210
559,19,16028,45:46000;1:300000,10:1431;11:1094;14:136;,14670
560,20,16028,,10:1476;11:1127;14:140;,15130
561,1,16029,45:45000;1:40000,10:1559;11:1188;14:148;,15970
562,2,16029,45:50000;1:60000,10:1608;11:1225;14:153;,16470
563,3,16029,45:55000;1:80000,10:1658;11:1261;14:158;,16980
564,4,16029,45:60000;1:100000,10:1707;11:1298;14:163;,17480
565,5,16029,45:65000;1:120000,10:1757;11:1334;14:168;,17980
566,6,16029,45:70000;1:140000,10:1810;11:1374;14:173;,18530
567,7,16029,45:75000;1:160000,10:1864;11:1414;14:178;,19080
568,8,16029,45:80000;1:180000,10:1918;11:1453;14:184;,19620
569,9,16029,45:85000;1:200000,10:1971;11:1493;14:189;,20170
570,10,16029,45:90000;1:220000,10:2025;11:1532;14:194;,20710
571,11,16029,45:95000;1:240000,10:2083;11:1575;14:200;,21300
572,12,16029,45:100000;1:260000,10:2140;11:1618;14:205;,21880
573,13,16029,45:105000;1:280000,10:2198;11:1660;14:211;,22470
574,14,16029,45:110000;1:300000,10:2256;11:1703;14:217;,23060
575,15,16029,45:115000;1:320000,10:2314;11:1746;14:222;,23650
576,16,16029,45:120000;1:340000,10:2376;11:1791;14:229;,24280
577,17,16029,45:125000;1:360000,10:2438;11:1837;14:235;,24900
578,18,16029,45:130000;1:380000,10:2500;11:1883;14:241;,25530
579,19,16029,45:135000;1:400000,10:2561;11:1928;14:247;,26160
580,20,16029,,10:2623;11:1974;14:253;,26790
581,1,16030,45:150000;1:50000,10:2739;11:2059;14:264;,27970
582,2,16030,45:160000;1:80000,10:2805;11:2108;14:271;,28640
583,3,16030,45:170000;1:110000,10:2871;11:2157;14:277;,29310
584,4,16030,45:180000;1:140000,10:2937;11:2205;14:284;,29980
585,5,16030,45:190000;1:170000,10:3003;11:2254;14:290;,30650
586,6,16030,45:200000;1:200000,10:3073;11:2306;14:297;,31360
587,7,16030,45:210000;1:230000,10:3143;11:2358;14:304;,32080
588,8,16030,45:220000;1:260000,10:3213;11:2409;14:311;,32790
589,9,16030,45:230000;1:290000,10:3284;11:2461;14:318;,33500
590,10,16030,45:240000;1:320000,10:3354;11:2513;14:325;,34210
591,11,16030,45:250000;1:350000,10:3428;11:2568;14:332;,34970
592,12,16030,45:260000;1:380000,10:3502;11:2623;14:339;,35720
593,13,16030,45:270000;1:410000,10:3577;11:2677;14:346;,36480
594,14,16030,45:280000;1:440000,10:3651;11:2732;14:354;,37230
595,15,16030,45:290000;1:470000,10:3725;11:2787;14:361;,37990
596,16,16030,45:300000;1:500000,10:3804;11:2845;14:369;,38790
597,17,16030,45:310000;1:530000,10:3882;11:2903;14:376;,39580
598,18,16030,45:320000;1:560000,10:3960;11:2961;14:384;,40380
599,19,16030,45:330000;1:590000,10:4039;11:3019;14:392;,41180
600,20,16030,,10:4117;11:3076;14:400;,41970
