限时商品Id,商品名字,购买奖励,价格,商品上架类型,开服后起始时间,开服上架持续时长,商品上架时间,商品下架时间,限购次数,赛季ID,活动ID,红点显示,排序Id
Id,Name,BuyReward,RMB,SellingType,SellingBegin,SellingDuration,BeginTime,EndTime,RestrictedType,SeasonId,ActiveId,RedPoint,SortId
int,string,list,float,int,int,int,string,string,int,int,int,int,int
1,青春有你1,527:1;2:3280,68,0,,,2020-09-08 00:00:00,2020-09-08 00:00:00,1,,,,1001
2,限时礼包2,527:1;13104:1,128,0,,,2020-09-08 00:00:00,2020-09-18 12:00:00,1,,,,1002
3,青春有你限时礼包,527:1;13104:1;13094:1;420:30;422:30;440:30,128,1,1,31,,,1,,,1,1010
4,搞怪武器时装自选包,526:1;420:30;422:30;440:30,98,1,1,90,,,5,,,1,1020
5,新年等级福袋1,15001:1,128,0,,,2020-12-31 05:00:00,2021-01-01 05:00:00,1,,,,3760
6,新年等级福袋2,15001:1,128,0,,,2021-01-01 05:00:00,2021-01-02 05:00:00,1,,,,3750
7,新年等级福袋3,15001:1,128,0,,,2021-01-02 05:00:00,2021-01-03 05:00:00,1,,,,3740
8,新年等级福袋4,15001:1,128,0,,,2021-01-03 05:00:00,2021-01-04 05:00:00,1,,,,3730
9,新年等级福袋5,15001:1,128,0,,,2021-01-04 05:00:00,2021-01-05 05:00:00,1,,,,3720
10,迎新聚宝盆,15011:1,328,0,,,2020-12-31 05:00:00,2021-01-05 05:00:00,1,,,,3710
11,新年等级福袋,15001:1,128,1,4,11,,,1,,,1,3700
12,新年等级福袋,15001:1,128,1,12,19,,,1,,,1,3690
13,灰烬领主武器自选包,11101:1;498:10;494:300;420:30;422:30;440:30,128,1,6,66,,,7,,,1,3680
14,冰封之炎武器自选包,11102:1;498:10;494:300;420:30;422:30;440:30;2:2000,328,1,12,72,,,7,,,1,3670
15,魔王恩赐礼包,13101:1;498:10;2:5000;137:1;494:300;404:30;405:30;406:30,648,1,3,63,,,1,,,1,3660
16,甜蜜誓约时装礼包,11103:1;498:20;2:1314;420:30;422:30;440:30;404:30;405:30;406:30;14108:15;14117:15,648,0,,,2021-02-13 05:00:00,2021-02-16 00:00:00,1,,,,3650
17,迎新聚宝盆,15011:1,328,0,,,2021-02-11 05:00:00,2021-02-18 05:00:00,1,,,,3640
18,精炼礼包-神之金属,2:300;137:2;687:1;102:120,328,1,7,8,,,1,,,1,3630
19,精炼礼包-铝,2:300;137:2;701:1;101:150,328,1,7,8,,,1,,,1,3620
20,精炼礼包-神之金属,2:300;137:2;687:1;102:120,328,1,8,9,,,1,,,1,3610
21,精炼礼包-铝,2:300;137:2;701:1;101:150,328,1,8,9,,,1,,,1,3600
22,精炼礼包-神之金属,2:300;137:2;687:1;102:120,328,1,9,10,,,1,,,1,3590
23,精炼礼包-铝,2:300;137:2;701:1;101:150,328,1,9,10,,,1,,,1,3580
24,精炼礼包-神之金属,2:300;137:2;687:1;102:120,328,1,10,11,,,1,,,1,3570
25,精炼礼包-铝,2:300;137:2;701:1;101:150,328,1,10,11,,,1,,,1,3560
26,精炼礼包-神之金属,2:300;137:2;687:1;102:120,328,1,11,12,,,1,,,1,3550
27,精炼礼包-铝,2:300;137:2;701:1;101:150,328,1,11,12,,,1,,,1,3540
28,精炼礼包-神之金属,2:300;137:2;687:1;102:120,328,1,12,13,,,1,,,1,3530
29,精炼礼包-铝,2:300;137:2;701:1;101:150,328,1,12,13,,,1,,,1,3520
30,精炼礼包-神之金属,2:300;137:2;687:1;102:120,328,1,13,14,,,1,,,1,3510
31,精炼礼包-铝,2:300;137:2;701:1;101:150,328,1,13,14,,,1,,,1,3500
32,双倍金币-648,2:12960,648,0,,,2021-02-24 12:00:00,2021-02-25 05:00:00,1,,,,3490
33,双倍金币-128,2:2560,128,0,,,2021-02-24 12:00:00,2021-02-25 05:00:00,2,,,,3480
34,双倍金币-648,2:12960,648,0,,,2021-02-25 05:00:00,2021-02-26 05:00:00,1,,,,3470
35,双倍金币-128,2:2560,128,0,,,2021-02-25 05:00:00,2021-02-26 05:00:00,2,,,,3460
36,双倍金币-648,2:12960,648,0,,,2021-02-26 05:00:00,2021-02-27 05:00:00,1,,,,3450
37,双倍金币-128,2:2560,128,0,,,2021-02-26 05:00:00,2021-02-27 05:00:00,2,,,,3440
38,双倍金币-648,2:12960,648,0,,,2021-02-27 05:00:00,2021-02-28 05:00:00,1,,,,3430
39,双倍金币-128,2:2560,128,0,,,2021-02-27 05:00:00,2021-02-28 05:00:00,2,,,,3420
40,双倍金币-648,2:12960,648,0,,,2021-02-28 05:00:00,2021-03-01 05:00:00,1,,,,3410
41,双倍金币-128,2:2560,128,0,,,2021-02-28 05:00:00,2021-03-01 05:00:00,2,,,,3400
42,双倍金币-648,2:12960,648,0,,,2021-03-01 05:00:00,2021-03-02 05:00:00,1,,,,3390
43,双倍金币-128,2:2560,128,0,,,2021-03-01 05:00:00,2021-03-02 05:00:00,2,,,,3380
44,双倍金币-648,2:12960,648,0,,,2021-03-02 05:00:00,2021-03-03 05:00:00,1,,,,3370
45,双倍金币-128,2:2560,128,0,,,2021-03-02 05:00:00,2021-03-03 05:00:00,2,,,,3360
46,玫瑰礼包（大）,176:1314,648,0,,,2021-03-06 05:00:00,2021-03-20 05:00:00,10,,,,3350
47,玫瑰礼包（小）,176:600,328,0,,,2021-03-06 05:00:00,2021-03-20 05:00:00,10,,,,3340
48,双倍金币-648,2:12960,648,0,,,2021-03-13 05:00:00,2021-03-20 05:00:00,5,,,,3330
49,双倍金币-128,2:2560,128,0,,,2021-03-13 05:00:00,2021-03-20 05:00:00,10,,,,3320
50,精炼礼包-神之金属,2:300;137:2;687:1;102:120,328,1,22,23,,,1,,,1,3310
51,精炼礼包-铝,2:300;137:2;701:1;101:150,328,1,22,23,,,1,,,1,3300
52,精炼礼包-神之金属,2:300;137:2;687:1;102:120,328,1,23,24,,,1,,,1,3290
53,精炼礼包-铝,2:300;137:2;701:1;101:150,328,1,23,24,,,1,,,1,3280
54,精炼礼包-神之金属,2:300;137:2;687:1;102:120,328,1,24,25,,,1,,,1,3270
55,精炼礼包-铝,2:300;137:2;701:1;101:150,328,1,24,25,,,1,,,1,3260
56,精炼礼包-神之金属,2:300;137:2;687:1;102:120,328,1,25,26,,,1,,,1,3250
57,精炼礼包-铝,2:300;137:2;701:1;101:150,328,1,25,26,,,1,,,1,3240
58,精炼礼包-神之金属,2:300;137:2;687:1;102:120,328,1,26,27,,,1,,,1,3230
59,精炼礼包-铝,2:300;137:2;701:1;101:150,328,1,26,27,,,1,,,1,3220
60,精炼礼包-神之金属,2:300;137:2;687:1;102:120,328,1,27,28,,,1,,,1,3210
61,精炼礼包-铝,2:300;137:2;701:1;101:150,328,1,27,28,,,1,,,1,3200
62,精炼礼包-神之金属,2:300;137:2;687:1;102:120,328,1,28,29,,,1,,,1,3190
63,精炼礼包-铝,2:300;137:2;701:1;101:150,328,1,28,29,,,1,,,1,3180
64,小巴风特背饰礼包,13148:1;498:21;137:1;494:500;404:90;405:90;406:90,328,1,12,72,,,1,,,1,3170
65,大整蛊箱,15035:1;15036:1,328,0,,,2021-03-27 05:00:00,2021-04-03 05:00:00,5,,,,3160
66,武士时装礼包,15037:1;498:21;494:500;2:3000;404:90;405:90;406:90,648,1,15,75,,,1,,,1,3150
67,风林火山武器自选包,15038:1;498:11;494:300;2:2000;420:90;422:90;440:90,328,1,15,75,,,7,,,1,3140
68,武士头饰礼包,15039:1;13112:1;498:50;494:500;404:180;405:180;406:180,648,1,15,75,,,1,,,1,3130
69,宠物印记礼包,199:2;137:6;193:5;192:10,648,0,,,2021-03-27 05:00:00,2021-04-03 05:00:00,10,,,,3120
70,占星幸运礼包,202:3;46:300,328,2,,,,,999,4,,1,3110
71,双倍金币-648,2:12960,648,0,,,2021-04-01 05:00:00,2021-04-02 05:00:00,1,,,,3100
72,双倍金币-128,2:2560,128,0,,,2021-04-01 05:00:00,2021-04-02 05:00:00,2,,,,3090
73,双倍金币-648,2:12960,648,0,,,2021-04-02 05:00:00,2021-04-03 05:00:00,1,,,,3080
74,双倍金币-128,2:2560,128,0,,,2021-04-02 05:00:00,2021-04-03 05:00:00,2,,,,3070
75,双倍金币-648,2:12960,648,0,,,2021-04-03 05:00:00,2021-04-04 05:00:00,1,,,,3060
76,双倍金币-128,2:2560,128,0,,,2021-04-03 05:00:00,2021-04-04 05:00:00,2,,,,3050
77,双倍金币-648,2:12960,648,0,,,2021-04-04 05:00:00,2021-04-05 05:00:00,1,,,,3040
78,双倍金币-128,2:2560,128,0,,,2021-04-04 05:00:00,2021-04-05 05:00:00,2,,,,3030
79,双倍金币-648,2:12960,648,0,,,2021-04-05 05:00:00,2021-04-06 05:00:00,1,,,,3020
80,双倍金币-128,2:2560,128,0,,,2021-04-05 05:00:00,2021-04-06 05:00:00,2,,,,3010
81,双倍金币-648,2:12960,648,0,,,2021-04-06 05:00:00,2021-04-07 05:00:00,1,,,,3000
82,双倍金币-128,2:2560,128,0,,,2021-04-06 05:00:00,2021-04-07 05:00:00,2,,,,2990
83,双倍金币-648,2:12960,648,0,,,2021-04-07 05:00:00,2021-04-08 05:00:00,1,,,,2980
84,双倍金币-128,2:2560,128,0,,,2021-04-07 05:00:00,2021-04-08 05:00:00,2,,,,2970
85,精炼礼包-神之金属,2:300;137:2;687:1;102:120,328,1,29,36,,,7,,,1,2960
86,精炼礼包-铝,2:300;137:2;701:1;101:150,328,1,29,36,,,7,,,1,2950
87,精炼礼包-神之金属,2:300;137:2;687:1;102:120,328,1,36,43,,,7,,,1,2940
88,精炼礼包-铝,2:300;137:2;701:1;101:150,328,1,36,43,,,7,,,1,2930
89,精炼礼包-神之金属,2:300;137:2;687:1;102:120,328,1,43,50,,,7,,,1,2920
90,精炼礼包-铝,2:300;137:2;701:1;101:150,328,1,43,50,,,7,,,1,2910
91,精炼礼包-神之金属,2:300;137:2;687:1;102:120,328,1,50,57,,,7,,,1,2900
92,精炼礼包-铝,2:300;137:2;701:1;101:150,328,1,50,57,,,7,,,1,2890
93,精炼礼包-神之金属,2:300;137:2;687:1;102:120,328,1,57,64,,,7,,,1,2880
94,精炼礼包-铝,2:300;137:2;701:1;101:150,328,1,57,64,,,7,,,1,2870
95,精炼礼包-神之金属,2:300;137:2;687:1;102:120,328,1,64,71,,,7,,,1,2860
96,精炼礼包-铝,2:300;137:2;701:1;101:150,328,1,64,71,,,7,,,1,2850
97,精炼礼包-神之金属,2:300;137:2;687:1;102:120,328,1,71,78,,,7,,,1,2840
98,精炼礼包-铝,2:300;137:2;701:1;101:150,328,1,71,78,,,7,,,1,2830
99,圣职帽限时礼包,13020:1;497:15;494:100;404:20;405:20;406:20,128,1,18,23,,,1,,,1,2820
100,耳机限时礼包,13026:1;497:15;494:100;404:20;405:20;406:20,128,1,23,28,,,1,,,1,2810
101,骸骨头盔限时礼包,13063:1;497:15;494:100;404:20;405:20;406:20,128,1,28,33,,,1,,,1,2800
102,灵魂发箍限时礼包,13064:1;497:15;494:100;404:20;405:20;406:20,128,1,33,38,,,1,,,1,2790
103,守护之冠限时礼包,13065:1;497:15;494:100;404:20;405:20;406:20,128,1,38,43,,,1,,,1,2780
104,萌萌鲨鱼限时礼包,13076:1;497:15;494:100;404:20;405:20;406:20,128,1,43,48,,,1,,,1,2770
105,骨质头盔限时礼包,13066:1;497:15;494:100;404:20;405:20;406:20,128,1,48,53,,,1,,,1,2760
106,恶魔角限时礼包,13078:1;497:15;494:100;404:20;405:20;406:20,128,1,53,58,,,1,,,1,2750
107,后冠限时礼包,13082:1;497:15;494:100;404:20;405:20;406:20,128,1,58,63,,,1,,,1,2740
108,麦得斯耳语限时礼包,13079:1;497:15;494:100;404:20;405:20;406:20,128,1,63,68,,,1,,,1,2730
109,发箍限时礼包,13083:1;497:15;494:100;404:20;405:20;406:20,128,1,68,73,,,1,,,1,2720
110,垂死天鹅限时礼包,13088:1;497:15;494:100;404:20;405:20;406:20,128,1,73,78,,,1,,,1,2710
111,王冠限时礼包,13091:1;497:15;494:100;404:20;405:20;406:20,128,1,78,83,,,1,,,1,2700
112,头部MVP卡自选礼包,15043:2;2:1000,328,1,18,19,,,5,,,1,2690
113,头部MVP卡自选礼包,15043:2;2:1000,328,1,19,20,,,5,,,,2680
114,头部MVP卡自选礼包,15043:2;2:1000,328,1,20,21,,,5,,,,2670
115,头部MVP卡自选礼包,15043:2;2:1000,328,1,21,22,,,5,,,,2660
116,头部MVP卡自选礼包,15043:2;2:1000,328,1,22,23,,,5,,,,2650
117,武器MVP卡自选礼包,15042:2;2:1000,328,1,23,24,,,5,,,1,2640
118,武器MVP卡自选礼包,15042:2;2:1000,328,1,24,25,,,5,,,,2630
119,武器MVP卡自选礼包,15042:2;2:1000,328,1,25,26,,,5,,,,2620
120,武器MVP卡自选礼包,15042:2;2:1000,328,1,26,27,,,5,,,,2610
121,武器MVP卡自选礼包,15042:2;2:1000,328,1,27,28,,,5,,,,2600
122,衣服MVP卡自选礼包,15044:2;2:1000,328,1,28,29,,,5,,,1,2590
123,衣服MVP卡自选礼包,15044:2;2:1000,328,1,29,30,,,5,,,,2580
124,衣服MVP卡自选礼包,15044:2;2:1000,328,1,30,31,,,5,,,,2570
125,衣服MVP卡自选礼包,15044:2;2:1000,328,1,31,32,,,5,,,,2560
126,衣服MVP卡自选礼包,15044:2;2:1000,328,1,32,33,,,5,,,,2550
127,披肩MVP卡自选礼包,15045:2;2:1000,328,1,33,34,,,5,,,1,2540
128,披肩MVP卡自选礼包,15045:2;2:1000,328,1,34,35,,,5,,,,2530
129,披肩MVP卡自选礼包,15045:2;2:1000,328,1,35,36,,,5,,,,2520
130,披肩MVP卡自选礼包,15045:2;2:1000,328,1,36,37,,,5,,,,2510
131,披肩MVP卡自选礼包,15045:2;2:1000,328,1,37,38,,,5,,,,2500
132,饰品MVP卡自选礼包,15046:2;2:1000,328,1,38,39,,,5,,,1,2490
133,饰品MVP卡自选礼包,15046:2;2:1000,328,1,39,40,,,5,,,,2480
134,饰品MVP卡自选礼包,15046:2;2:1000,328,1,40,41,,,5,,,,2470
135,饰品MVP卡自选礼包,15046:2;2:1000,328,1,41,42,,,5,,,,2460
136,饰品MVP卡自选礼包,15046:2;2:1000,328,1,42,43,,,5,,,,2450
137,鞋子MVP卡自选礼包,15047:2;2:1000,328,1,43,44,,,5,,,1,2440
138,鞋子MVP卡自选礼包,15047:2;2:1000,328,1,44,45,,,5,,,,2430
139,鞋子MVP卡自选礼包,15047:2;2:1000,328,1,45,46,,,5,,,,2420
140,鞋子MVP卡自选礼包,15047:2;2:1000,328,1,46,47,,,5,,,,2410
141,鞋子MVP卡自选礼包,15047:2;2:1000,328,1,47,48,,,5,,,,2400
142,头部MVP卡自选礼包,15043:2;2:1000,328,1,48,49,,,5,,,1,2390
143,头部MVP卡自选礼包,15043:2;2:1000,328,1,49,50,,,5,,,,2380
144,头部MVP卡自选礼包,15043:2;2:1000,328,1,50,51,,,5,,,,2370
145,头部MVP卡自选礼包,15043:2;2:1000,328,1,51,52,,,5,,,,2360
146,头部MVP卡自选礼包,15043:2;2:1000,328,1,52,53,,,5,,,,2350
147,武器MVP卡自选礼包,15042:2;2:1000,328,1,53,54,,,5,,,1,2340
148,武器MVP卡自选礼包,15042:2;2:1000,328,1,54,55,,,5,,,,2330
149,武器MVP卡自选礼包,15042:2;2:1000,328,1,55,56,,,5,,,,2320
150,武器MVP卡自选礼包,15042:2;2:1000,328,1,56,57,,,5,,,,2310
151,武器MVP卡自选礼包,15042:2;2:1000,328,1,57,58,,,5,,,,2300
152,衣服MVP卡自选礼包,15044:2;2:1000,328,1,58,59,,,5,,,1,2290
153,衣服MVP卡自选礼包,15044:2;2:1000,328,1,59,60,,,5,,,,2280
154,衣服MVP卡自选礼包,15044:2;2:1000,328,1,60,61,,,5,,,,2270
155,衣服MVP卡自选礼包,15044:2;2:1000,328,1,61,62,,,5,,,,2260
156,衣服MVP卡自选礼包,15044:2;2:1000,328,1,62,63,,,5,,,,2250
157,披肩MVP卡自选礼包,15045:2;2:1000,328,1,63,64,,,5,,,1,2240
158,披肩MVP卡自选礼包,15045:2;2:1000,328,1,64,65,,,5,,,,2230
159,披肩MVP卡自选礼包,15045:2;2:1000,328,1,65,66,,,5,,,,2220
160,披肩MVP卡自选礼包,15045:2;2:1000,328,1,66,67,,,5,,,,2210
161,披肩MVP卡自选礼包,15045:2;2:1000,328,1,67,68,,,5,,,,2200
162,饰品MVP卡自选礼包,15046:2;2:1000,328,1,68,69,,,5,,,1,2190
163,饰品MVP卡自选礼包,15046:2;2:1000,328,1,69,70,,,5,,,,2180
164,饰品MVP卡自选礼包,15046:2;2:1000,328,1,70,71,,,5,,,,2170
165,饰品MVP卡自选礼包,15046:2;2:1000,328,1,71,72,,,5,,,,2160
166,饰品MVP卡自选礼包,15046:2;2:1000,328,1,72,73,,,5,,,,2150
167,鞋子MVP卡自选礼包,15047:2;2:1000,328,1,73,74,,,5,,,1,2140
168,鞋子MVP卡自选礼包,15047:2;2:1000,328,1,74,75,,,5,,,,2130
169,鞋子MVP卡自选礼包,15047:2;2:1000,328,1,75,76,,,5,,,,2120
170,鞋子MVP卡自选礼包,15047:2;2:1000,328,1,76,77,,,5,,,,2110
171,鞋子MVP卡自选礼包,15047:2;2:1000,328,1,77,78,,,5,,,,2100
172,MVP宠物限时礼包,141:6;523:1;2:1000,648,1,18,23,,,10,,,1,2090
173,MVP宠物限时礼包,141:6;523:1;2:1000,648,1,23,28,,,10,,,,2080
174,MVP宠物限时礼包,141:6;523:1;2:1000,648,1,28,33,,,10,,,,2070
175,MVP宠物限时礼包,141:6;523:1;2:1000,648,1,33,38,,,10,,,,2060
176,MVP宠物限时礼包,141:6;523:1;2:1000,648,1,38,43,,,10,,,,2050
177,MVP宠物限时礼包,141:6;523:1;2:1000,648,1,43,48,,,10,,,,2040
178,MVP宠物限时礼包,141:6;523:1;2:1000,648,1,48,53,,,10,,,,2030
179,MVP宠物限时礼包,141:6;523:1;2:1000,648,1,53,58,,,10,,,,2020
180,MVP宠物限时礼包,141:6;523:1;2:1000,648,1,58,63,,,10,,,,2010
181,MVP宠物限时礼包,141:6;523:1;2:1000,648,1,63,68,,,10,,,,2000
182,MVP宠物限时礼包,141:6;523:1;2:1000,648,1,68,73,,,10,,,,1990
183,MVP宠物限时礼包,141:6;523:1;2:1000,648,1,73,78,,,10,,,,1980
184,双倍金币-648,2:12960,648,0,,,2021-04-13 05:00:00,2021-04-20 05:00:00,5,,,,1970
185,双倍金币-128,2:2560,128,0,,,2021-04-13 05:00:00,2021-04-20 05:00:00,10,,,,1960
186,迎新聚宝盆,15011:1,328,0,,,2021-04-13 05:00:00,2021-04-20 05:00:00,1,,,1,1950
187,蓝色妖姬玫瑰礼包（大）,204:1314,648,0,,,2021-04-12 05:00:00,2021-04-20 05:00:00,10,,,1,1940
188,蓝色妖姬玫瑰礼包（小）,204:600,328,0,,,2021-04-12 05:00:00,2021-04-20 05:00:00,10,,,1,1930
189,头部MVP卡自选礼包,15043:2;2:1000,328,1,78,79,,,5,,,1,1920
190,头部MVP卡自选礼包,15043:2;2:1000,328,1,79,80,,,5,,,,1910
191,头部MVP卡自选礼包,15043:2;2:1000,328,1,80,81,,,5,,,,1900
192,头部MVP卡自选礼包,15043:2;2:1000,328,1,81,82,,,5,,,,1890
193,头部MVP卡自选礼包,15043:2;2:1000,328,1,82,83,,,5,,,,1880
194,武器MVP卡自选礼包,15042:2;2:1000,328,1,83,84,,,5,,,1,1870
195,武器MVP卡自选礼包,15042:2;2:1000,328,1,84,85,,,5,,,,1860
196,武器MVP卡自选礼包,15042:2;2:1000,328,1,85,86,,,5,,,,1850
197,武器MVP卡自选礼包,15042:2;2:1000,328,1,86,87,,,5,,,,1840
198,武器MVP卡自选礼包,15042:2;2:1000,328,1,87,88,,,5,,,,1830
199,衣服MVP卡自选礼包,15044:2;2:1000,328,1,88,89,,,5,,,1,1820
200,衣服MVP卡自选礼包,15044:2;2:1000,328,1,89,90,,,5,,,,1810
201,衣服MVP卡自选礼包,15044:2;2:1000,328,1,90,91,,,5,,,,1800
202,衣服MVP卡自选礼包,15044:2;2:1000,328,1,91,92,,,5,,,,1790
203,衣服MVP卡自选礼包,15044:2;2:1000,328,1,92,93,,,5,,,,1780
204,披肩MVP卡自选礼包,15045:2;2:1000,328,1,93,94,,,5,,,1,1770
205,披肩MVP卡自选礼包,15045:2;2:1000,328,1,94,95,,,5,,,,1760
206,披肩MVP卡自选礼包,15045:2;2:1000,328,1,95,96,,,5,,,,1750
207,披肩MVP卡自选礼包,15045:2;2:1000,328,1,96,97,,,5,,,,1740
208,披肩MVP卡自选礼包,15045:2;2:1000,328,1,97,98,,,5,,,,1730
209,饰品MVP卡自选礼包,15046:2;2:1000,328,1,98,99,,,5,,,1,1720
210,饰品MVP卡自选礼包,15046:2;2:1000,328,1,99,100,,,5,,,,1710
211,饰品MVP卡自选礼包,15046:2;2:1000,328,1,100,101,,,5,,,,1700
212,饰品MVP卡自选礼包,15046:2;2:1000,328,1,101,102,,,5,,,,1690
213,饰品MVP卡自选礼包,15046:2;2:1000,328,1,102,103,,,5,,,,1680
214,鞋子MVP卡自选礼包,15047:2;2:1000,328,1,103,104,,,5,,,1,1670
215,鞋子MVP卡自选礼包,15047:2;2:1000,328,1,104,105,,,5,,,,1660
216,鞋子MVP卡自选礼包,15047:2;2:1000,328,1,105,106,,,5,,,,1650
217,鞋子MVP卡自选礼包,15047:2;2:1000,328,1,106,107,,,5,,,,1640
218,鞋子MVP卡自选礼包,15047:2;2:1000,328,1,107,108,,,5,,,,1630
219,头部MVP卡自选礼包,15043:2;2:1000,328,1,108,109,,,5,,,1,1620
220,头部MVP卡自选礼包,15043:2;2:1000,328,1,109,110,,,5,,,,1610
221,头部MVP卡自选礼包,15043:2;2:1000,328,1,110,111,,,5,,,,1600
222,头部MVP卡自选礼包,15043:2;2:1000,328,1,111,112,,,5,,,,1590
223,头部MVP卡自选礼包,15043:2;2:1000,328,1,112,113,,,5,,,,1580
224,武器MVP卡自选礼包,15042:2;2:1000,328,1,113,114,,,5,,,1,1570
225,武器MVP卡自选礼包,15042:2;2:1000,328,1,114,115,,,5,,,,1560
226,武器MVP卡自选礼包,15042:2;2:1000,328,1,115,116,,,5,,,,1550
227,武器MVP卡自选礼包,15042:2;2:1000,328,1,116,117,,,5,,,,1540
228,武器MVP卡自选礼包,15042:2;2:1000,328,1,117,118,,,5,,,,1530
229,衣服MVP卡自选礼包,15044:2;2:1000,328,1,118,119,,,5,,,1,1520
230,衣服MVP卡自选礼包,15044:2;2:1000,328,1,119,120,,,5,,,,1510
231,衣服MVP卡自选礼包,15044:2;2:1000,328,1,120,121,,,5,,,,1500
232,衣服MVP卡自选礼包,15044:2;2:1000,328,1,121,122,,,5,,,,1490
233,衣服MVP卡自选礼包,15044:2;2:1000,328,1,122,123,,,5,,,,1480
234,披肩MVP卡自选礼包,15045:2;2:1000,328,1,123,124,,,5,,,1,1470
235,披肩MVP卡自选礼包,15045:2;2:1000,328,1,124,125,,,5,,,,1460
236,披肩MVP卡自选礼包,15045:2;2:1000,328,1,125,126,,,5,,,,1450
237,披肩MVP卡自选礼包,15045:2;2:1000,328,1,126,127,,,5,,,,1440
238,披肩MVP卡自选礼包,15045:2;2:1000,328,1,127,128,,,5,,,,1430
239,饰品MVP卡自选礼包,15046:2;2:1000,328,1,128,129,,,5,,,1,1420
240,饰品MVP卡自选礼包,15046:2;2:1000,328,1,129,130,,,5,,,,1410
241,饰品MVP卡自选礼包,15046:2;2:1000,328,1,130,131,,,5,,,,1400
242,饰品MVP卡自选礼包,15046:2;2:1000,328,1,131,132,,,5,,,,1390
243,饰品MVP卡自选礼包,15046:2;2:1000,328,1,132,133,,,5,,,,1380
244,鞋子MVP卡自选礼包,15047:2;2:1000,328,1,133,134,,,5,,,1,1370
245,鞋子MVP卡自选礼包,15047:2;2:1000,328,1,134,135,,,5,,,,1360
246,鞋子MVP卡自选礼包,15047:2;2:1000,328,1,135,136,,,5,,,,1350
247,鞋子MVP卡自选礼包,15047:2;2:1000,328,1,136,137,,,5,,,,1340
248,鞋子MVP卡自选礼包,15047:2;2:1000,328,1,137,138,,,5,,,,1330
249,MVP宠物限时礼包,141:6;523:1;2:1000,648,1,78,83,,,10,,,1,1320
250,MVP宠物限时礼包,141:6;523:1;2:1000,648,1,83,88,,,10,,,,1310
251,MVP宠物限时礼包,141:6;523:1;2:1000,648,1,88,93,,,10,,,,1300
252,MVP宠物限时礼包,141:6;523:1;2:1000,648,1,93,98,,,10,,,,1290
253,MVP宠物限时礼包,141:6;523:1;2:1000,648,1,98,103,,,10,,,,1280
254,MVP宠物限时礼包,141:6;523:1;2:1000,648,1,103,108,,,10,,,,1270
255,MVP宠物限时礼包,141:6;523:1;2:1000,648,1,108,113,,,10,,,,1260
256,MVP宠物限时礼包,141:6;523:1;2:1000,648,1,113,118,,,10,,,,1250
257,MVP宠物限时礼包,141:6;523:1;2:1000,648,1,118,123,,,10,,,,1240
258,MVP宠物限时礼包,141:6;523:1;2:1000,648,1,123,128,,,10,,,,1230
259,MVP宠物限时礼包,141:6;523:1;2:1000,648,1,128,133,,,10,,,,1220
260,MVP宠物限时礼包,141:6;523:1;2:1000,648,1,133,138,,,10,,,,1210
261,精炼礼包-神之金属,2:300;137:2;687:1;102:120,328,1,78,85,,,7,,,1,1200
262,精炼礼包-铝,2:300;137:2;701:1;101:150,328,1,78,85,,,7,,,1,1190
263,精炼礼包-神之金属,2:300;137:2;687:1;102:120,328,1,85,92,,,7,,,1,1180
264,精炼礼包-铝,2:300;137:2;701:1;101:150,328,1,85,92,,,7,,,1,1170
265,精炼礼包-神之金属,2:300;137:2;687:1;102:120,328,1,92,99,,,7,,,1,1160
266,精炼礼包-铝,2:300;137:2;701:1;101:150,328,1,92,99,,,7,,,1,1150
267,精炼礼包-神之金属,2:300;137:2;687:1;102:120,328,1,99,106,,,7,,,1,1140
268,精炼礼包-铝,2:300;137:2;701:1;101:150,328,1,99,106,,,7,,,1,1130
269,精炼礼包-神之金属,2:300;137:2;687:1;102:120,328,1,106,113,,,7,,,1,1120
270,精炼礼包-铝,2:300;137:2;701:1;101:150,328,1,106,113,,,7,,,1,1110
271,精炼礼包-神之金属,2:300;137:2;687:1;102:120,328,1,113,120,,,7,,,1,1100
272,精炼礼包-铝,2:300;137:2;701:1;101:150,328,1,113,120,,,7,,,1,1090
273,精炼礼包-神之金属,2:300;137:2;687:1;102:120,328,1,120,127,,,7,,,1,1080
274,精炼礼包-铝,2:300;137:2;701:1;101:150,328,1,120,127,,,7,,,1,1070
275,精炼礼包-神之金属,2:300;137:2;687:1;102:120,328,1,127,134,,,7,,,1,1060
276,精炼礼包-铝,2:300;137:2;701:1;101:150,328,1,127,134,,,7,,,1,1050
277,精炼礼包-神之金属,2:300;137:2;687:1;102:120,328,1,134,141,,,7,,,1,1040
278,精炼礼包-铝,2:300;137:2;701:1;101:150,328,1,134,141,,,7,,,1,1030
279,糖葫芦礼包（小）,211:330,328,0,,,2021-04-24 05:00:00,2021-05-01 05:00:00,999,,,1,1005
280,糖葫芦礼包（大）,211:666,648,0,,,2021-04-24 05:00:00,2021-05-01 05:00:00,999,,,1,1004
281,技能进阶助力包（小）,200:2;47:50000,128,0,,,2021-04-24 05:00:00,2021-05-01 05:00:00,5,,,1,1007
282,技能进阶助力包（大）,200:2;47:1000000,648,0,,,2021-04-24 05:00:00,2021-05-01 05:00:00,999,,,1,1006
283,小红花礼包（小）,210:60;135:1;2:100,98,0,,,2021-05-01 05:00:00,2021-05-15 05:00:00,6,,,1,1014
284,小红花礼包（大）,210:166;139:2;2:300,328,0,,,2021-05-01 05:00:00,2021-05-15 05:00:00,999,,,1,1013
285,黑暗之王助力包（小）,209:100,128,0,,,2021-05-01 05:00:00,2021-05-15 05:00:00,5,,,1,1012
286,黑暗之王助力包（大）,209:500,648,0,,,2021-05-01 05:00:00,2021-05-15 05:00:00,999,,,1,1011
287,香槟玫瑰礼包（小）,206:600,328,3,,,,,10,,60,1,1941
288,香槟玫瑰礼包（大）,206:1314,648,3,,,,,10,,60,1,1931
289,梦想水手时装礼包,11104:1;498:50;494:500;420:20;422:20;440:20;404:20;405:20;406:20;2:666,648,0,,,2021-05-08 05:00:00,2021-05-15 05:00:00,1,,,,3651
290,双倍金币-648,2:12960,648,0,,,2021-05-08 05:00:00,2021-05-15 05:00:00,5,,,1,1971
291,双倍金币-128,2:2560,128,0,,,2021-05-08 05:00:00,2021-05-15 05:00:00,10,,,1,1961
292,甜蜜誓约时装礼包,11103:1;420:30;422:30;440:30;404:30;405:30;406:30;498:50;494:500;2:1314,648,0,,,2021-05-19 05:00:00,2021-05-22 05:00:00,1,,,1,1003
293,钻戒礼盒,213:1;15042:1,648,0,,,2021-05-15 05:00:00,2021-05-22 05:00:00,1,,,1,1015
294,情书礼盒,214:198;531:1,98,0,,,2021-05-22 05:00:00,2021-05-29 05:00:00,999,,,1,1016
295,梦幻项链礼盒,223:1;531:10,648,3,,,,,999,,65,1,1017
296,黑暗之王助力包（小）,222:120;531:1,128,3,,,,,5,,66,1,1018
297,黑暗之王助力包（大）,222:648;531:10,648,3,,,,,999,,66,1,1019
298,缤纷糖果礼盒,220:1000,128,3,,,,,10,,64,1,1021
299,超值聚宝盆,15050:1,328,1,8,15,,,1,,,1,1022
300,双倍金币-128,2:2560,128,0,,,2021-06-11 05:00:00,2021-06-18 05:00:00,10,,,1,1032
301,双倍金币-648,2:12960,648,0,,,2021-06-11 05:00:00,2021-06-18 05:00:00,5,,,1,1031
302,可爱纸鸢礼盒,230:1;15042:1,648,0,,,2021-06-11 05:00:00,2021-06-18 05:00:00,20,,,1,1023
303,粽香情浓礼盒,231:15;348:1;528:1,6,0,,,2021-06-11 05:00:00,2021-06-18 05:00:00,1,,,1,1024
304,粽子家族礼盒,231:66;15057:1;497:20;529:2,98,0,,,2021-06-11 05:00:00,2021-06-18 05:00:00,2,,,1,1025
305,粉红派对,15058:1;498:50;529:2;2:520;420:30;422:30;440:30;404:30;405:30;406:30,328,0,,,2021-06-18 05:00:00,2021-06-25 05:00:00,1,,,1,1026
306,吉祥纸鸢礼盒,235:1;15042:1,648,3,,,,,20,,89,1,1027
307,香囊礼盒,236:40,128,3,,,,,20,,89,1,1028
308,奶嘴限时礼包,13097:1;498:10;2:1280,128,0,,,2021-06-29 05:00:00,2021-07-09 05:00:00,1,,,1,1029
309,限时头饰自选礼包一,15059:1;497:15;494:100;1:200000,128,1,83,88,,,1,,,1,1033
310,限时头饰自选礼包二,15060:1;497:15;494:100;1:200000,128,1,88,93,,,1,,,1,1034
311,限时头饰自选礼包一,15059:1;497:15;494:100;1:200000,128,1,93,98,,,1,,,1,1035
312,限时头饰自选礼包二,15060:1;497:15;494:100;1:200000,128,1,98,103,,,1,,,1,1036
313,限时头饰自选礼包一,15059:1;497:15;494:100;1:200000,128,1,103,108,,,1,,,1,1037
314,限时头饰自选礼包二,15060:1;497:15;494:100;1:200000,128,1,108,113,,,1,,,1,1038
315,限时头饰自选礼包一,15059:1;497:15;494:100;1:200000,128,1,113,118,,,1,,,1,1039
316,限时头饰自选礼包二,15060:1;497:15;494:100;1:200000,128,1,118,123,,,1,,,1,1041
317,限时头饰自选礼包一,15059:1;497:15;494:100;1:200000,128,1,123,128,,,1,,,1,1042
318,限时头饰自选礼包二,15060:1;497:15;494:100;1:200000,128,1,128,133,,,1,,,1,1043
319,限时头饰自选礼包一,15059:1;497:15;494:100;1:200000,128,1,133,138,,,1,,,1,1044
320,限时头饰自选礼包二,15060:1;497:15;494:100;1:200000,128,1,138,143,,,1,,,1,1045
321,神器超级助力包,237:1;267:80;48:2000,648,3,,,,,999,,94,1,1046
322,神器助力包,237:1;267:10;48:200,98,3,,,,,999,,94,1,1047
323,头部MVP卡自选礼包,15043:2;2:1000,328,1,138,139,,,5,,,1,2691
324,头部MVP卡自选礼包,15043:2;2:1000,328,1,139,140,,,5,,,,2681
325,头部MVP卡自选礼包,15043:2;2:1000,328,1,140,141,,,5,,,,2671
326,头部MVP卡自选礼包,15043:2;2:1000,328,1,141,142,,,5,,,,2661
327,头部MVP卡自选礼包,15043:2;2:1000,328,1,142,143,,,5,,,,2651
328,武器MVP卡自选礼包,15042:2;2:1000,328,1,143,144,,,5,,,1,2641
329,武器MVP卡自选礼包,15042:2;2:1000,328,1,144,145,,,5,,,,2631
330,武器MVP卡自选礼包,15042:2;2:1000,328,1,145,146,,,5,,,,2621
331,武器MVP卡自选礼包,15042:2;2:1000,328,1,146,147,,,5,,,,2611
332,武器MVP卡自选礼包,15042:2;2:1000,328,1,147,148,,,5,,,,2601
333,衣服MVP卡自选礼包,15044:2;2:1000,328,1,148,149,,,5,,,1,2591
334,衣服MVP卡自选礼包,15044:2;2:1000,328,1,149,150,,,5,,,,2581
335,衣服MVP卡自选礼包,15044:2;2:1000,328,1,150,151,,,5,,,,2571
336,衣服MVP卡自选礼包,15044:2;2:1000,328,1,151,152,,,5,,,,2561
337,衣服MVP卡自选礼包,15044:2;2:1000,328,1,152,153,,,5,,,,2551
338,披肩MVP卡自选礼包,15045:2;2:1000,328,1,153,154,,,5,,,1,2541
339,披肩MVP卡自选礼包,15045:2;2:1000,328,1,154,155,,,5,,,,2531
340,披肩MVP卡自选礼包,15045:2;2:1000,328,1,155,156,,,5,,,,2521
341,披肩MVP卡自选礼包,15045:2;2:1000,328,1,156,157,,,5,,,,2511
342,披肩MVP卡自选礼包,15045:2;2:1000,328,1,157,158,,,5,,,,2501
343,饰品MVP卡自选礼包,15046:2;2:1000,328,1,158,159,,,5,,,1,2491
344,饰品MVP卡自选礼包,15046:2;2:1000,328,1,159,160,,,5,,,,2481
345,饰品MVP卡自选礼包,15046:2;2:1000,328,1,160,161,,,5,,,,2471
346,饰品MVP卡自选礼包,15046:2;2:1000,328,1,161,162,,,5,,,,2461
347,饰品MVP卡自选礼包,15046:2;2:1000,328,1,162,163,,,5,,,,2451
348,鞋子MVP卡自选礼包,15047:2;2:1000,328,1,163,164,,,5,,,1,2441
349,鞋子MVP卡自选礼包,15047:2;2:1000,328,1,164,165,,,5,,,,2431
350,鞋子MVP卡自选礼包,15047:2;2:1000,328,1,165,166,,,5,,,,2421
351,鞋子MVP卡自选礼包,15047:2;2:1000,328,1,166,167,,,5,,,,2411
352,鞋子MVP卡自选礼包,15047:2;2:1000,328,1,167,168,,,5,,,,2401
353,头部MVP卡自选礼包,15043:2;2:1000,328,1,168,169,,,5,,,1,2391
354,头部MVP卡自选礼包,15043:2;2:1000,328,1,169,170,,,5,,,,2381
355,头部MVP卡自选礼包,15043:2;2:1000,328,1,170,171,,,5,,,,2371
356,头部MVP卡自选礼包,15043:2;2:1000,328,1,171,172,,,5,,,,2361
357,头部MVP卡自选礼包,15043:2;2:1000,328,1,172,173,,,5,,,,2351
358,武器MVP卡自选礼包,15042:2;2:1000,328,1,173,174,,,5,,,1,2341
359,武器MVP卡自选礼包,15042:2;2:1000,328,1,174,175,,,5,,,,2331
360,武器MVP卡自选礼包,15042:2;2:1000,328,1,175,176,,,5,,,,2321
361,武器MVP卡自选礼包,15042:2;2:1000,328,1,176,177,,,5,,,,2311
362,武器MVP卡自选礼包,15042:2;2:1000,328,1,177,178,,,5,,,,2301
363,衣服MVP卡自选礼包,15044:2;2:1000,328,1,178,179,,,5,,,1,2291
364,衣服MVP卡自选礼包,15044:2;2:1000,328,1,179,180,,,5,,,,2281
365,衣服MVP卡自选礼包,15044:2;2:1000,328,1,180,181,,,5,,,,2271
366,衣服MVP卡自选礼包,15044:2;2:1000,328,1,181,182,,,5,,,,2261
367,衣服MVP卡自选礼包,15044:2;2:1000,328,1,182,183,,,5,,,,2251
368,披肩MVP卡自选礼包,15045:2;2:1000,328,1,183,184,,,5,,,1,2241
369,披肩MVP卡自选礼包,15045:2;2:1000,328,1,184,185,,,5,,,,2231
370,披肩MVP卡自选礼包,15045:2;2:1000,328,1,185,186,,,5,,,,2221
371,披肩MVP卡自选礼包,15045:2;2:1000,328,1,186,187,,,5,,,,2211
372,披肩MVP卡自选礼包,15045:2;2:1000,328,1,187,188,,,5,,,,2201
373,饰品MVP卡自选礼包,15046:2;2:1000,328,1,188,189,,,5,,,1,2191
374,饰品MVP卡自选礼包,15046:2;2:1000,328,1,189,190,,,5,,,,2181
375,饰品MVP卡自选礼包,15046:2;2:1000,328,1,190,191,,,5,,,,2171
376,饰品MVP卡自选礼包,15046:2;2:1000,328,1,191,192,,,5,,,,2161
377,饰品MVP卡自选礼包,15046:2;2:1000,328,1,192,193,,,5,,,,2151
378,鞋子MVP卡自选礼包,15047:2;2:1000,328,1,193,194,,,5,,,1,2141
379,鞋子MVP卡自选礼包,15047:2;2:1000,328,1,194,195,,,5,,,,2131
380,鞋子MVP卡自选礼包,15047:2;2:1000,328,1,195,196,,,5,,,,2121
381,鞋子MVP卡自选礼包,15047:2;2:1000,328,1,196,197,,,5,,,,2111
382,鞋子MVP卡自选礼包,15047:2;2:1000,328,1,197,198,,,5,,,,2101
383,限时头饰自选礼包,15059:1;497:15;494:100;1:200000,128,1,143,148,,,1,,,1,1048
384,限时头饰自选礼包,15060:1;497:15;494:100;1:200000,128,1,148,153,,,1,,,1,1049
385,限时头饰自选礼包,15059:1;497:15;494:100;1:200000,128,1,153,158,,,1,,,1,1051
386,限时头饰自选礼包,15060:1;497:15;494:100;1:200000,128,1,158,163,,,1,,,1,1052
387,限时头饰自选礼包,15059:1;497:15;494:100;1:200000,128,1,163,168,,,1,,,1,1053
388,限时头饰自选礼包,15060:1;497:15;494:100;1:200000,128,1,168,173,,,1,,,1,1054
389,限时头饰自选礼包,15059:1;497:15;494:100;1:200000,128,1,173,178,,,1,,,1,1055
390,限时头饰自选礼包,15060:1;497:15;494:100;1:200000,128,1,178,183,,,1,,,1,1056
391,限时头饰自选礼包,15059:1;497:15;494:100;1:200000,128,1,183,188,,,1,,,1,1057
392,限时头饰自选礼包,15060:1;497:15;494:100;1:200000,128,1,188,193,,,1,,,1,1058
393,限时头饰自选礼包,15059:1;497:15;494:100;1:200000,128,1,193,198,,,1,,,1,1059
394,限时头饰自选礼包,15060:1;497:15;494:100;1:200000,128,1,198,203,,,1,,,1,1061
395,烈焰手镯礼盒,240:1;15042:1,648,3,,,,,20,,95,1,1062
396,手里剑礼盒,241:20;531:1,128,3,,,,,20,,95,1,1063
397,天霜花语,15066:1;420:30;422:30;440:30;404:30;405:30;406:30,128,0,,,2021-07-27 05:00:00,2021-08-07 05:00:00,1,,,1,1064
398,萌新成长礼包,15067:1,648,1,1,365,,,1,,,1,1065
399,高手成长礼包,15077:1,648,1,4,365,,,1,,,1,1066
400,大师成长礼包,15087:1,648,1,8,365,,,1,,,1,1067
401,双倍金币-648,2:12960,648,0,,,2021-07-27 05:00:00,2021-08-07 05:00:00,5,,,1,3481
402,双倍金币-128,2:2560,128,0,,,2021-07-27 05:00:00,2021-08-07 05:00:00,10,,,1,3491
403,清凉一夏头像框礼包,324:1,6,0,,,2021-08-14 05:00:00,2021-08-21 05:00:00,1,,,1,1092
404,甜蜜雪人时装礼包,13182:1;494:100;498:20;2:1280;404:30;405:30;406:30,128,0,,,2021-08-07 05:00:00,2021-08-15 05:00:00,1,,,1,1068
405,精炼礼包-神之金属,2:300;137:2;687:1;102:120,328,1,141,148,,,7,,,1,1069
406,精炼礼包-铝,2:300;137:2;701:1;101:150,328,1,141,148,,,7,,,1,1071
407,精炼礼包-神之金属,2:300;137:2;687:1;102:120,328,1,148,155,,,7,,,1,1072
408,精炼礼包-铝,2:300;137:2;701:1;101:150,328,1,148,155,,,7,,,1,1073
409,精炼礼包-神之金属,2:300;137:2;687:1;102:120,328,1,155,162,,,7,,,1,1074
410,精炼礼包-铝,2:300;137:2;701:1;101:150,328,1,155,162,,,7,,,1,1075
411,精炼礼包-神之金属,2:300;137:2;687:1;102:120,328,1,162,169,,,7,,,1,1076
412,精炼礼包-铝,2:300;137:2;701:1;101:150,328,1,162,169,,,7,,,1,1077
413,精炼礼包-神之金属,2:300;137:2;687:1;102:120,328,1,169,176,,,7,,,1,1078
414,精炼礼包-铝,2:300;137:2;701:1;101:150,328,1,169,176,,,7,,,1,1079
415,精炼礼包-神之金属,2:300;137:2;687:1;102:120,328,1,176,183,,,7,,,1,1081
416,精炼礼包-铝,2:300;137:2;701:1;101:150,328,1,176,183,,,7,,,1,1082
417,精炼礼包-神之金属,2:300;137:2;687:1;102:120,328,1,183,190,,,7,,,1,1083
418,精炼礼包-铝,2:300;137:2;701:1;101:150,328,1,183,190,,,7,,,1,1084
419,精炼礼包-神之金属,2:300;137:2;687:1;102:120,328,1,190,197,,,7,,,1,1085
420,精炼礼包-铝,2:300;137:2;701:1;101:150,328,1,190,197,,,7,,,1,1086
421,精炼礼包-神之金属,2:300;137:2;687:1;102:120,328,1,197,204,,,7,,,1,1087
422,精炼礼包-铝,2:300;137:2;701:1;101:150,328,1,197,204,,,7,,,1,1088
423,精炼礼包-神之金属,2:300;137:2;687:1;102:120,328,1,204,365,,,999,,,1,1089
424,精炼礼包-铝,2:300;137:2;701:1;101:150,328,1,204,365,,,999,,,1,1091
425,赤炎之心礼盒,247:1;15042:1,648,3,,,,,20,,99,1,1093
426,烈火飞镖礼盒,246:20;531:1,128,3,,,,,20,,99,1,1094
427,精炼礼包-神之金属,2:300;137:2;687:1;102:120,328,1,14,15,,,1,,,1,1095
428,精炼礼包-铝,2:300;137:2;701:1;101:150,328,1,14,15,,,1,,,1,1096
429,精炼礼包-神之金属,2:300;137:2;687:1;102:120,328,1,15,16,,,1,,,1,1097
430,精炼礼包-铝,2:300;137:2;701:1;101:150,328,1,15,16,,,1,,,1,1098
431,精炼礼包-神之金属,2:300;137:2;687:1;102:120,328,1,16,17,,,1,,,1,1099
432,精炼礼包-铝,2:300;137:2;701:1;101:150,328,1,16,17,,,1,,,1,1101
433,精炼礼包-神之金属,2:300;137:2;687:1;102:120,328,1,17,18,,,1,,,1,1102
434,精炼礼包-铝,2:300;137:2;701:1;101:150,328,1,17,18,,,1,,,1,1103
435,精炼礼包-神之金属,2:300;137:2;687:1;102:120,328,1,18,19,,,1,,,1,1104
436,精炼礼包-铝,2:300;137:2;701:1;101:150,328,1,18,19,,,1,,,1,1105
437,精炼礼包-神之金属,2:300;137:2;687:1;102:120,328,1,19,20,,,1,,,1,1106
438,精炼礼包-铝,2:300;137:2;701:1;101:150,328,1,19,20,,,1,,,1,1107
439,精炼礼包-神之金属,2:300;137:2;687:1;102:120,328,1,20,21,,,1,,,1,1108
440,精炼礼包-铝,2:300;137:2;701:1;101:150,328,1,20,21,,,1,,,1,1109
441,精炼礼包-神之金属,2:300;137:2;687:1;102:120,328,1,21,22,,,1,,,1,1111
442,精炼礼包-铝,2:300;137:2;701:1;101:150,328,1,21,22,,,1,,,1,1112
443,粉红派对,15058:1;498:50;529:2;2:520;420:30;422:30;440:30;404:30;405:30;406:30,328,1,12,72,,,1,,,1,1113
444,梦想水手时装礼包,11104:1;498:50;494:500;420:20;422:20;440:20;404:20;405:20;406:20;2:666,648,1,18,78,,,1,,,,1114
445,天霜花语,15066:1;420:30;422:30;440:30;404:30;405:30;406:30,128,1,21,81,,,1,,,1,1115
446,芍药礼盒,248:1;15043:1,648,3,,,,,20,,100,1,1116
447,花灯礼盒,249:20;531:1,128,3,,,,,20,,100,1,1117
448,时装提升大礼包,499:5;498:60;493:100;1:2000000;494:300,328,1,3,33,,,999,,,1,1118
449,时装提升大礼包,499:5;498:60;493:100;1:2000000;494:300,328,1,33,63,,,999,,,1,1119
450,时装提升大礼包,499:5;498:60;493:100;1:2000000;494:300,328,1,63,93,,,999,,,1,1121
451,时装提升大礼包,499:5;498:60;493:100;1:2000000;494:300,328,1,93,123,,,999,,,1,1122
452,时装提升大礼包,499:5;498:60;493:100;1:2000000;494:300,328,1,123,153,,,999,,,1,1123
453,时装提升大礼包,499:5;498:60;493:100;1:2000000;494:300,328,1,153,183,,,999,,,1,1124
454,时装提升大礼包,499:5;498:60;493:100;1:2000000;494:300,328,1,183,213,,,999,,,1,1125
455,时装提升大礼包,499:5;498:60;493:100;1:2000000;494:300,328,1,213,243,,,999,,,1,1126
456,时装提升大礼包,499:5;498:60;493:100;1:2000000;494:300,328,1,243,273,,,999,,,1,1127
457,时装提升大礼包,499:5;498:60;493:100;1:2000000;494:300,328,1,273,303,,,999,,,1,1128
458,宠物进阶水晶礼包,855:2;141:10;137:4,648,1,21,51,,,999,,,1,1201
459,宠物进阶水晶礼包,855:2;141:10;137:4,648,1,51,81,,,999,,,1,1202
460,宠物进阶水晶礼包,855:2;141:10;137:4,648,1,81,111,,,999,,,1,1203
461,宠物进阶水晶礼包,855:2;141:10;137:4,648,1,111,141,,,999,,,1,1204
462,宠物进阶水晶礼包,855:2;141:10;137:4,648,1,141,171,,,999,,,1,1205
463,宠物进阶水晶礼包,855:2;141:10;137:4,648,1,171,201,,,999,,,1,1206
464,宠物进阶水晶礼包,855:2;141:10;137:4,648,1,201,231,,,999,,,1,1207
465,宠物进阶水晶礼包,855:2;141:10;137:4,648,1,231,261,,,999,,,1,1208
466,宠物进阶水晶礼包,855:2;141:10;137:4,648,1,261,291,,,999,,,1,1209
467,宠物进阶水晶礼包,855:2;141:10;137:4,648,1,291,321,,,999,,,1,1301
468,校园偶像时装礼盒,15097:1;529:2;2:1888;420:30;422:30;440:30;404:30;405:30;406:30,328,0,,,2021-08-24 05:00:00,2021-09-04 05:00:00,1,,,1,1302
469,双倍金币-648,2:12960,648,0,,,2021-09-04 05:00:00,2021-09-11 05:00:00,5,,,1,3482
470,双倍金币-128,2:2560,128,0,,,2021-09-04 05:00:00,2021-09-11 05:00:00,10,,,1,3492
471,桃李满园头像框礼包,366:1;2:1280,98,0,,,2021-09-07 05:00:00,2021-09-13 05:00:00,1,,,1,900
472,神器超级助力包,237:1;255:80;48:2000;2:1000,648,3,,,,,999,,103,1,1129
473,神器助力包,237:1;255:10;48:200,98,3,,,,,1,,103,1,1131
474,中秋头像框礼包,313:1;2:1280,98,0,,,2021-09-19 05:00:00,2021-09-27 05:00:00,1,,,1,899
475,冰之翼时装礼包,13183:1;136:2;137:5;2:5000;404:30;405:30;406:30,648,0,,,2021-09-09 05:00:00,2021-09-16 05:00:00,1,,,1,898
476,达纳托斯之剑礼盒,256:1;12191:1,648,3,,,,,20,,104,1,901
477,黑暗之力礼盒,257:20;531:1,128,3,,,,,20,,104,1,902
478,棒棒糖面饰时装礼包,13115:1;498:10;2:1280;404:30;406:30;405:30,128,0,,,2021-09-14 05:00:00,2021-09-23 05:00:00,1,,,1,897
479,白色芍药礼盒,258:1;15043:1,648,3,,,,,20,,119,1,500
480,七彩花灯礼盒,259:20;531:1,128,3,,,,,20,,119,1,499
481,许愿空间助力包,261:1;15100:1,6,1,1,365,,,1,,,1,498
482,甜心水手时装礼包,11105:1;498:20;494:300;2:3280;420:30;422:30;440:30;404:30;405:30;406:30,648,0,,,2021-09-21 05:00:00,2021-10-01 05:00:00,1,,,1,497
483,双倍金币-648,2:12960,648,0,,,2021-10-01 05:00:00,2021-10-08 05:00:00,5,,,1,3483
484,双倍金币-128,2:2560,128,0,,,2021-10-01 05:00:00,2021-10-08 05:00:00,10,,,1,3484
485,双倍金币-30,2:600,30,0,,,2021-10-01 05:00:00,2021-10-08 05:00:00,5,,,1,3485
486,双倍金币-6,2:120,6,0,,,2021-10-01 05:00:00,2021-10-08 05:00:00,5,,,1,3486
487,5星神器自选许愿礼包,15101:1;260:12,648,0,,,2021-09-21 05:00:00,2021-10-01 05:00:00,1,,,1,491
488,4星神器自选许愿礼包,15102:1;260:8,328,0,,,2021-09-21 05:00:00,2021-10-01 05:00:00,2,,,1,492
489,5星神器自选许愿礼包,15103:1;260:12,648,0,,,2021-09-21 05:00:00,2021-10-01 05:00:00,1,,,1,493
490,4星神器自选许愿礼包,15104:1;260:8,328,0,,,2021-09-21 05:00:00,2021-10-01 05:00:00,2,,,1,494
491,5星神器自选许愿礼包,15105:1;260:12,648,0,,,2021-09-21 05:00:00,2021-10-01 05:00:00,1,,,1,495
492,4星神器自选许愿礼包,15106:1;260:8,328,0,,,2021-09-21 05:00:00,2021-10-01 05:00:00,2,,,1,496
493,兔侍时装礼包,15107:1;13185:1;498:20;494:500;2:1888;420:30;422:30;440:30;404:30;405:30;406:30,648,0,,,2021-10-05 05:00:00,2021-10-17 05:00:00,1,,,1,488
494,绚丽烟花时装礼包,13189:1;115:20;2:999;404:30;405:30;406:30,128,0,,,2021-10-01 05:00:00,2021-10-13 05:00:00,1,,,1,489
495,火之翼礼盒,13184:1;115:30;116:30;2:3280;404:30;405:30;406:30,648,0,,,2021-10-03 05:00:00,2021-10-17 05:00:00,1,,,1,490
496,尼德霍格之翼礼盒,262:1;12191:1,648,3,,,,,20,,126,1,895
497,小蝴蝶礼盒,263:20;531:1,128,3,,,,,20,,126,1,896
498,校园偶像时装礼盒,15097:1;529:2;2:1888;420:30;422:30;440:30;404:30;405:30;406:30,328,1,24,84,,,1,,,1,894
499,宠物限定随机宝箱,15108:10,68,0,,,2021-10-12 05:00:00,2021-10-22 05:00:00,999,,,1,486
500,重阳钜惠礼包,2:999;124:99;126:99;127:99,128,0,,,2021-10-13 05:00:00,2021-10-20 05:00:00,2,,,1,485
501,宠物印记升级豪华礼包,199:1;11567:1,648,0,,,2021-10-12 05:00:00,2021-10-22 05:00:00,10,,,1,893
502,宠物限定随机宝箱,15108:108,648,0,,,2021-10-12 05:00:00,2021-10-22 05:00:00,999,,,1,487
503,神器超级助力包,237:1;117:80;48:2000,648,0,,,2021-10-12 05:00:00,2021-10-22 05:00:00,999,,,1,892
504,棒棒糖面饰时装礼包,13115:1;498:10;2:1280;404:30;406:30;405:30,128,1,4,64,,,1,,,1,891
505,限时头饰自选礼包,15059:1;497:15;494:100;1:200000,128,1,213,223,,,1,,,1,890
506,限时头饰自选礼包,15060:1;497:15;494:100;1:200000,128,1,223,233,,,1,,,1,889
507,限时头饰自选礼包,15059:1;497:15;494:100;1:200000,128,1,233,243,,,1,,,1,888
508,限时头饰自选礼包,15060:1;497:15;494:100;1:200000,128,1,243,253,,,1,,,1,887
509,限时头饰自选礼包,15059:1;497:15;494:100;1:200000,128,1,253,263,,,1,,,1,886
510,限时头饰自选礼包,15060:1;497:15;494:100;1:200000,128,1,263,273,,,1,,,1,885
511,卡片转移礼包,268:60;513:1,648,0,,,2021-10-19 05:00:00,2021-10-26 05:00:00,999,,,1,484
512,小南瓜时装礼包,13190:1;115:20;2:999;404:30;405:30;406:30,128,0,,,2021-10-29 05:00:00,2021-11-04 05:00:00,1,,,1,483
513,棺材时装礼包,13191:1;115:50;2:1888;404:30;405:30;406:30,328,0,,,2021-10-30 05:00:00,2021-11-05 05:00:00,1,,,1,482
514,万圣节时装礼包,15111:1;115:100;2:2888;420:30;422:30;440:30;404:30;405:30;406:30,648,0,,,2021-10-31 05:00:00,2021-11-06 05:00:00,1,,,1,481
515,技能进阶助力包（大）,200:2;47:1500000;2:2888,648,0,,,2021-11-02 05:00:00,2021-11-12 05:00:00,999,,,1,479
516,技能进阶助力包（小）,200:1;47:100000;2:666,128,0,,,2021-11-02 05:00:00,2021-11-03 05:00:00,1,,,1,478
517,技能进阶助力包（小）,200:1;47:100000;2:666,128,0,,,2021-11-03 05:00:00,2021-11-04 05:00:00,1,,,1,477
518,技能进阶助力包（小）,200:1;47:100000;2:666,128,0,,,2021-11-04 05:00:00,2021-11-05 05:00:00,1,,,1,476
519,技能进阶助力包（小）,200:1;47:100000;2:666,128,0,,,2021-11-05 05:00:00,2021-11-06 05:00:00,1,,,1,475
520,技能进阶助力包（小）,200:1;47:100000;2:666,128,0,,,2021-11-06 05:00:00,2021-11-07 05:00:00,1,,,1,474
521,技能进阶助力包（小）,200:1;47:100000;2:666,128,0,,,2021-11-07 05:00:00,2021-11-08 05:00:00,1,,,1,473
522,技能进阶助力包（小）,200:1;47:100000;2:666,128,0,,,2021-11-08 05:00:00,2021-11-09 05:00:00,1,,,1,472
523,技能进阶助力包（小）,200:1;47:100000;2:666,128,0,,,2021-11-09 05:00:00,2021-11-10 05:00:00,1,,,1,471
524,技能进阶助力包（小）,200:1;47:100000;2:666,128,0,,,2021-11-10 05:00:00,2021-11-11 05:00:00,1,,,1,469
525,技能进阶助力包（小）,200:1;47:100000;2:666,128,0,,,2021-11-11 05:00:00,2021-11-12 05:00:00,1,,,1,468
526,宠物限定随机宝箱,15112:10,68,0,,,2021-11-09 05:00:00,2021-11-19 05:00:00,999,,,1,467
527,宠物限定随机宝箱,15112:108,648,0,,,2021-11-09 05:00:00,2021-11-19 05:00:00,999,,,1,466
528,罗拉卡包,12192:1;268:30;2:666,328,0,,,2021-11-16 05:00:00,2021-11-26 05:00:00,999,,,1,440
529,尼德霍格卡包,12194:1;268:30;2:666,328,0,,,2021-11-16 05:00:00,2021-11-26 05:00:00,999,,,1,441
530,卡噗酱卡包,12193:3;268:50;2:1200,648,0,,,2021-11-19 05:00:00,2021-11-27 05:00:00,999,,,1,442
531,赤炎魔蛙卡包,12195:3;268:50;2:1200,648,0,,,2021-11-19 05:00:00,2021-11-27 05:00:00,999,,,1,443
532,潜能礼包,520:1;529:5;2:1888,648,0,,,2021-11-30 05:00:00,2021-12-08 05:00:00,20,,,1,444
533,魔剑礼盒,269:1;12191:1,648,3,,,,,20,,141,1,445
534,邪恶之力礼盒,270:20;531:1,128,3,,,,,20,,141,1,446
535,黑龙之翼礼盒,273:1;12191:1,648,3,,,,,20,,140,1,447
536,龙族信物礼盒,274:20;531:1,128,3,,,,,20,,140,1,448
537,灵符礼盒,275:1;12191:1,648,3,,,,,20,,142,1,449
538,墨玉礼盒,276:20;531:1,128,3,,,,,20,,142,1,450
539,双倍金币-128,2:2560,128,0,,,2021-11-30 05:00:00,2021-12-11 05:00:00,10,,,1,1032
540,双倍金币-648,2:12960,648,0,,,2021-11-30 05:00:00,2021-12-11 05:00:00,5,,,1,1031
541,猩红男爵,320:1;2:1280;701:1,128,0,,,2021-11-30 05:00:00,2021-12-08 05:00:00,1,,,1,1033
542,头像框超值礼包,367:1;2:1212;701:1;520:1,128,0,,,2021-12-14 05:00:00,2021-12-22 05:00:00,1,,,1,1132
543,时装飞升礼包,499:12;498:66;497:121;493:212;2:1212,328,0,,,2021-12-14 05:00:00,2021-12-23 05:00:00,10,,,1,1133
544,宠物契约专属礼包,264:1;851:1;141:20;2:1212,648,0,,,2021-12-14 05:00:00,2021-12-23 05:00:00,4,,,1,1134
545,1代目神器,11203:1;11202:1;11201:1,648,3,,,,,4,,146,1,1135
546,2代目神器,11561:1;11562:1;11563:1,648,3,,,,,4,,146,1,1136
547,3代目神器,11564:1;11565:1;11566:1,648,3,,,,,4,,146,1,1137
548,神器助力包,237:1;277:10;48:200,98,0,,,2021-12-21 05:00:00,2022-01-01 05:00:00,1,,,1,1138
549,神器超级助力包,237:1;277:80;48:2000;2:1000,648,0,,,2021-12-21 05:00:00,2022-01-01 05:00:00,999,,,1,1139
550,圣诞专属头像框,318:1;2:1200;701:1;520:1,128,0,,,2021-12-24 05:00:00,2021-12-31 05:00:00,1,,,1,1141
551,圣诞专属金卡礼包,12196:2;2:999;268:50;520:1,648,0,,,2021-12-24 05:00:00,2022-01-01 05:00:00,999,,,1,1142
