技能ID,技能类型,职业类型,职业分支,职业阶段,隐藏,技能点数,技能升级提升战力,特殊技能
SkillId,SkillType,JobType,JobBranch,JobStage,Hide,BuffPoint,AddFight,SpcSkillDec
int,int,int,int,int,int,list,int,list
10000,0,0,0,0,1,,10,
10001,0,0,0,0,1,,10,
10002,0,0,0,0,1,,10,
10003,1,0,0,0,1,,10,
10015,3,0,0,0,0,,10,
10017,0,0,0,0,1,,10,
10018,0,0,0,0,1,,10,
10019,0,0,0,0,1,,10,
10020,0,0,0,0,1,,10,
11901,0,1,0,1,0,,25,
11902,2,1,0,1,0,,25,
11903,0,1,0,1,0,,25,
11904,0,1,0,1,0,,25,
11905,0,1,0,1,0,,25,
12901,0,4,0,1,0,,25,
12902,2,4,0,1,0,,25,
12903,0,4,0,1,0,,25,
12904,0,4,0,1,0,,25,
13901,0,3,0,1,0,,25,
13902,3,3,0,1,0,,25,
13903,0,3,0,1,0,,25,
13904,1,3,0,1,0,,25,
14901,0,2,0,1,0,,25,
14902,1,2,0,1,0,,25,
14903,0,2,0,1,0,,25,
14904,0,2,0,1,0,,25,
14905,0,2,0,1,0,,25,
14906,1,2,0,1,0,,25,
15901,0,5,0,1,0,,25,
15902,3,5,0,1,0,,25,
15903,0,5,0,1,0,,25,
80800,0,1,0,1,1,,25,
80801,0,1,0,1,1,,25,
89000,2,1,0,1,0,,25,
89001,3,1,0,1,0,,25,
89002,2,1,0,1,0,,25,
89003,1,1,0,1,0,,25,
11000,0,1,0,1,1,,25,
11001,0,1,0,1,1,,25,
11002,0,1,0,1,1,,25,
11003,1,1,0,1,1,,25,
11025,1,1,0,1,0,61000:1:1,25,
11026,1,1,0,1,0,61000:2:1,25,
11027,1,1,0,1,0,61001:1:2,25,
11028,1,1,0,1,0,61001:3:1:2,25,
11029,1,1,0,1,0,61002:1:1,25,
11030,3,1,0,1,0,61002:2:1,25,
11031,1,1,1,2,0,,25,
11032,1,1,1,2,0,,25,
11033,1,1,1,2,0,,25,
11034,3,1,1,2,0,,25,
11035,1,1,1,2,0,,25,
11036,3,1,1,2,0,,25,
11037,1,1,2,2,0,,25,
11038,3,1,2,2,0,,25,
11039,1,1,2,2,0,,25,
11040,3,1,2,2,0,,25,
11041,1,1,2,2,0,,25,
11042,1,1,2,2,0,,25,
11043,3,1,1,3,0,,25,
11044,1,1,1,3,0,,25,
11045,3,1,2,3,0,,25,
11046,2,1,2,3,0,,25,
11125,1,1,1,3,0,61000:1:1,25,
11126,1,1,1,3,0,61000:2:1,25,
11127,1,1,1,3,0,61001:1:2,25,
11128,1,1,1,3,0,61001:3:1:2,25,
11129,1,1,1,3,0,61002:1:1,25,
11130,3,1,1,3,0,61002:2:1,25,
11131,1,1,1,3,0,,25,
11132,1,1,1,3,0,,25,
11133,1,1,1,3,0,,25,
11134,3,1,1,3,0,,25,
11135,1,1,1,3,0,,25,
11136,3,1,1,3,0,,25,
11225,1,1,2,3,0,61000:1:1,25,
11226,1,1,2,3,0,61000:2:1,25,
11227,1,1,2,3,0,61001:1:2,25,
11228,1,1,2,3,0,61001:3:1:2,25,
11229,1,1,2,3,0,61002:1:1,25,
11230,3,1,2,3,0,61002:2:1,25,
11237,1,1,2,3,0,,25,
11238,3,1,2,3,0,,25,
11239,1,1,2,3,0,,25,
11240,3,1,2,3,0,,25,
11231,1,1,2,3,0,,25,
11232,1,1,2,3,0,,25,
12000,0,4,0,1,1,,25,
12001,0,4,0,1,1,,25,
12002,0,4,0,1,1,,25,
12003,1,4,0,1,1,,25,
12021,3,4,0,1,0,62000:2:1,25,
12022,3,4,0,1,0,62000:1:1,25,
12023,3,4,0,1,0,62001:2:1,25,
12024,3,4,0,1,0,62001:1:1,25,
12025,3,4,0,1,0,62002:2:1,25,
12026,1,4,0,1,0,62002:1:1,25,
12027,3,4,1,2,0,62000:2:1,25,
12028,3,4,1,2,0,62000:1:1,25,
12029,3,4,1,2,0,62001:1:1,25,
12030,2,4,1,2,0,62001:2:1,25,
12031,1,4,1,2,0,62004:1:1,25,
12032,3,4,1,2,0,62004:2:1,25,
12033,3,4,2,2,0,62002:1:1,25,
12034,1,4,2,2,0,62002:2:1,25,
12035,3,4,2,2,0,62003:1:1,25,
12036,3,4,2,2,0,62003:2:1,25,
12037,3,4,2,2,0,62000:2:1,25,
12038,3,4,2,2,0,62000:1:1,25,
12039,3,4,1,3,0,,25,
12040,2,4,1,3,0,,25,
12041,2,4,2,3,0,,25,
12042,3,4,2,3,0,,25,
12121,3,4,1,3,0,62000:2:1,25,
12122,3,4,1,3,0,62000:1:1,25,
12123,3,4,1,3,0,62001:2:1,25,
12124,3,4,1,3,0,62001:1:1,25,
12125,3,4,1,3,0,62002:2:1,25,
12126,1,4,1,3,0,62002:1:1,25,
12127,3,4,1,3,0,62000:2:1,25,
12128,3,4,1,3,0,62000:1:1,25,
12129,3,4,1,3,0,62001:1:1,25,
12130,2,4,1,3,0,62001:2:1,25,
12131,1,4,1,3,0,62004:1:1,25,
12132,3,4,1,3,0,62004:2:1,25,
12221,3,4,2,3,0,62000:2:1,25,
12222,3,4,2,3,0,62000:1:1,25,
12223,3,4,2,3,0,62001:2:1,25,
12224,3,4,2,3,0,62001:1:1,25,
12225,3,4,2,3,0,62002:2:1,25,
12226,1,4,2,3,0,62002:1:1,25,
12233,3,4,2,3,0,62002:1:1,25,
12234,1,4,2,3,0,62002:2:1,25,
12235,3,4,2,3,0,62003:1:1,25,
12236,3,4,2,3,0,62003:2:1,25,
12227,3,4,2,3,0,62000:2:1,25,
12228,3,4,2,3,0,62000:1:1,25,
13000,0,3,0,1,1,,25,
13001,0,3,0,1,1,,25,
13002,0,3,0,1,1,,25,
13003,1,3,0,1,1,,25,
13022,3,3,1,2,0,63000:1:1,25,
13023,3,3,0,1,0,63000:2:1,25,
13024,1,3,0,1,0,63001:1:1,25,
13025,3,3,0,1,0,63001:2:1,25,
13026,1,3,0,1,0,63002:1:1,25,
13027,3,3,0,1,0,63002:2:1,25,
13028,3,3,0,1,0,63000:1:1,25,
13029,3,3,1,2,0,63000:2:1,25,
13030,1,3,1,2,0,63001:1:1,25,
13031,1,3,1,2,0,63001:2:1,25,
13032,1,3,1,2,0,63004:1:1,25,
13033,3,3,1,2,0,63004:2:1,25,
13034,3,3,2,2,0,63002:1:1,25,
13035,3,3,2,2,0,63002:2:1,25,
13036,1,3,2,2,0,63003:1:1,25,
13037,1,3,2,2,0,63003:2:1,25,
13038,3,3,2,2,0,63000:1:1,25,
13039,3,3,2,2,0,63000:1:1,25,
13040,3,3,2,2,0,63003:1:1,25,
13041,3,3,2,2,0,63003:2:1,25,
13042,1,3,2,2,0,63000:1:1,25,
13043,2,3,2,2,0,63000:1:1,25,
13122,3,3,1,3,0,63000:1:1,25,
13123,3,3,1,3,0,63000:2:1,25,
13124,1,3,1,3,0,63001:1:1,25,
13125,3,3,1,3,0,63001:2:1,25,
13126,1,3,1,3,0,63002:1:1,25,
13127,3,3,1,3,0,63002:2:1,25,
13128,3,3,1,3,0,63000:1:1,25,
13129,3,3,1,3,0,63000:2:1,25,
13130,1,3,1,3,0,63001:1:1,25,
13131,1,3,1,3,0,63001:2:1,25,
13132,1,3,1,3,0,63004:1:1,25,
13133,3,3,1,3,0,63004:2:1,25,
13223,3,3,2,3,0,63000:2:1,25,
13224,1,3,2,3,0,63001:1:1,25,
13225,3,3,2,3,0,63001:2:1,25,
13226,1,3,2,3,0,63002:1:1,25,
13227,3,3,2,3,0,63002:2:1,25,
13228,3,3,2,3,0,63000:1:1,25,
13234,3,3,2,3,0,63002:1:1,25,
13235,3,3,2,3,0,63002:2:1,25,
13236,1,3,2,3,0,63003:1:1,25,
13237,1,3,2,3,0,63003:2:1,25,
13222,3,3,2,3,0,63000:1:1,25,
13229,3,3,2,3,0,63000:1:1,25,
14000,0,2,0,1,1,,25,
14001,0,2,0,1,1,,25,
14002,0,2,0,1,1,,25,
14003,1,2,0,1,1,,25,
14022,1,2,0,1,0,64000:1:1,25,
14023,1,2,0,1,0,64000:2:1,25,
14024,1,2,0,1,0,64001:1:1,25,
14025,1,2,0,1,0,64001:2:1,25,
14026,1,2,0,1,0,64002:1:1,25,
14027,1,2,0,1,0,64002:2:1,25,
14028,2,2,1,2,0,64000:1:1,25,
14029,1,2,1,2,0,64000:2:1,25,
14030,1,2,1,2,0,64001:1:1,25,
14031,1,2,1,2,0,64001:2:1,25,
14032,1,2,1,2,0,64004:1:1,25,
14033,1,2,1,2,0,64004:2:1,25,
14034,1,2,2,2,0,64002:1:1,25,
14035,3,2,2,2,0,64002:2:1,25,
14036,1,2,2,2,0,64003:1:1,25,
14037,1,2,2,2,0,64003:2:1,25,
14038,2,2,2,2,0,64000:1:1,25,
14039,1,2,2,2,0,64000:2:1,25,
14040,1,2,1,3,0,,25,
14041,3,2,1,3,0,,25,
14042,1,2,2,3,0,,25,
14043,3,2,2,3,0,,25,
14122,1,2,1,3,0,64000:1:1,25,
14123,3,2,1,3,0,64000:2:1,25,
14124,1,2,1,3,0,64001:1:1,25,
14125,1,2,1,3,0,64001:2:1,25,
14126,1,2,1,3,0,64002:1:1,25,
14127,1,2,1,3,0,64002:2:1,25,
14128,2,2,1,3,0,64000:1:1,25,
14129,1,2,1,3,0,64000:2:1,25,
14130,1,2,1,3,0,64001:1:1,25,
14131,1,2,1,3,0,64001:2:1,25,
14132,1,2,1,3,0,64004:1:1,25,
14133,1,2,1,3,0,64004:2:1,25,
14222,1,2,2,3,0,64000:1:1,25,
14223,3,2,1,3,0,64000:2:1,25,
14224,1,2,2,3,0,64001:1:1,25,
14225,1,2,2,3,0,64001:2:1,25,
14226,1,2,2,3,0,64002:1:1,25,
14227,1,2,2,3,0,64002:2:1,25,
14234,1,2,2,3,0,64002:1:1,25,
14235,3,2,2,3,0,64002:2:1,25,
14236,1,2,2,3,0,64003:1:1,25,
14237,1,2,2,3,0,64003:2:1,25,
14228,2,2,2,3,0,64000:1:1,25,
14229,1,2,2,3,0,64000:2:1,25,
15000,0,5,0,1,1,,25,
15001,0,5,0,1,1,,25,
15002,0,5,0,1,1,,25,
15003,1,5,0,1,1,,25,
15004,0,5,0,1,1,,25,
15005,0,5,0,1,1,,25,
15006,0,5,0,1,1,,25,
15022,1,5,0,1,0,65000:1,25,
15023,3,5,0,1,0,65000:3,25,
15024,3,5,0,1,0,65001:1,25,
15025,3,5,0,1,0,,25,
15026,1,5,0,1,0,,25,
15027,3,5,0,1,0,,25,
15028,1,5,1,2,0,,25,
15029,1,5,1,2,0,,25,
15030,3,5,1,2,0,,25,
15031,3,5,1,2,0,,25,
15032,2,5,1,2,0,,25,
15033,2,5,1,2,0,,25,
15034,1,5,2,2,0,,25,
15035,2,5,2,2,0,,25,
15036,1,5,2,2,0,,25,
15037,3,5,2,2,0,,25,
15038,1,5,2,2,0,,25,
15039,1,5,2,2,0,,25,
15040,2,5,1,3,0,,25,
15041,2,5,1,3,0,,25,
15042,1,5,2,3,0,,25,
15043,3,5,2,3,0,,25,
15122,3,5,2,3,0,65000:1,25,
15123,3,5,1,3,0,65000:3,25,
15124,3,5,1,3,0,65001:1,25,
15125,3,5,1,3,0,,25,
15126,1,5,1,3,0,,25,
15127,3,5,1,3,0,,25,
15128,1,5,1,3,0,,25,
15129,1,5,1,3,0,,25,
15130,3,5,1,3,0,,25,
15131,3,5,1,3,0,,25,
15132,2,5,1,3,0,,25,
15133,2,5,1,3,0,,25,
15222,3,5,2,3,0,65000:1,25,
15223,3,5,2,3,0,65000:3,25,
15224,3,5,2,3,0,65001:1,25,
15225,3,5,2,3,0,,25,
15226,1,5,2,3,0,,25,
15227,3,5,2,3,0,,25,
15234,1,5,2,3,0,,25,
15235,2,5,2,3,0,,25,
15236,1,5,2,3,0,,25,
15237,3,5,2,3,0,,25,
15228,1,5,2,3,0,,25,
15229,1,5,2,3,0,,25,
21000,0,1,0,1,1,,25,
21001,0,1,0,1,1,,25,
21002,0,1,0,1,1,,25,
21003,1,1,0,1,1,,25,
21025,1,1,0,1,0,61000:1:1,25,
21026,1,1,0,1,0,61000:2:1,25,
21027,1,1,0,1,0,61001:1:2,25,
21028,1,1,0,1,0,61001:3:1:2,25,
21029,1,1,0,1,0,61002:1:1,25,
21030,3,1,0,1,0,61002:2:1,25,
21031,1,1,1,2,0,,25,
21032,1,1,1,2,0,,25,
21033,1,1,1,2,0,,25,
21034,3,1,1,2,0,,25,
21035,1,1,1,2,0,,25,
21036,3,1,1,2,0,,25,
21037,1,1,2,2,0,,25,
21038,3,1,2,2,0,,25,
21039,1,1,2,2,0,,25,
21040,3,1,2,2,0,,25,
21041,1,1,2,2,0,,25,
21042,1,1,2,2,0,,25,
21043,3,1,1,3,0,,25,
21044,1,1,1,3,0,,25,
21045,3,1,2,3,0,,25,
21046,2,1,2,3,0,,25,
21125,1,1,1,3,0,61000:1:1,25,
21126,1,1,1,3,0,61000:2:1,25,
21127,1,1,1,3,0,61001:1:2,25,
21128,1,1,1,3,0,61001:3:1:2,25,
21129,1,1,1,3,0,61002:1:1,25,
21130,3,1,1,3,0,61002:2:1,25,
21131,1,1,1,3,0,,25,
21132,1,1,1,3,0,,25,
21133,1,1,1,3,0,,25,
21134,3,1,1,3,0,,25,
21135,1,1,1,3,0,,25,
21136,3,1,1,3,0,,25,
21225,1,1,2,3,0,61000:1:1,25,
21226,1,1,2,3,0,61000:2:1,25,
21227,1,1,2,3,0,61001:1:2,25,
21228,1,1,2,3,0,61001:3:1:2,25,
21229,1,1,2,3,0,61002:1:1,25,
21230,3,1,2,3,0,61002:2:1,25,
21237,1,1,2,3,0,,25,
21238,3,1,2,3,0,,25,
21239,1,1,2,3,0,,25,
21240,3,1,2,3,0,,25,
21231,1,1,2,3,0,,25,
21232,1,1,2,3,0,,25,
22000,0,4,0,1,1,,25,
22001,0,4,0,1,1,,25,
22002,0,4,0,1,1,,25,
22003,1,4,0,1,1,,25,
22021,3,4,0,1,0,62000:2:1,25,
22022,3,4,0,1,0,62000:1:1,25,
22023,3,4,0,1,0,62001:2:1,25,
22024,3,4,0,1,0,62001:1:1,25,
22025,3,4,0,1,0,62002:2:1,25,
22026,1,4,0,1,0,62002:1:1,25,
22027,3,4,1,2,0,62000:2:1,25,
22028,3,4,1,2,0,62000:1:1,25,
22029,3,4,1,2,0,62001:1:1,25,
22030,2,4,1,2,0,62001:2:1,25,
22031,1,4,1,2,0,62004:1:1,25,
22032,3,4,1,2,0,62004:2:1,25,
22033,3,4,2,2,0,62002:1:1,25,
22034,1,4,2,2,0,62002:2:1,25,
22035,3,4,2,2,0,62003:1:1,25,
22036,3,4,2,2,0,62003:2:1,25,
22037,3,4,2,2,0,62000:2:1,25,
22038,3,4,2,2,0,62000:1:1,25,
22039,3,4,1,3,0,,25,
22040,2,4,1,3,0,,25,
22041,2,4,2,3,0,,25,
22042,3,4,2,3,0,,25,
22121,3,4,1,3,0,62000:2:1,25,
22122,3,4,1,3,0,62000:1:1,25,
22123,3,4,1,3,0,62001:2:1,25,
22124,3,4,1,3,0,62001:1:1,25,
22125,3,4,1,3,0,62002:2:1,25,
22126,1,4,1,3,0,62002:1:1,25,
22127,3,4,1,3,0,62000:2:1,25,
22128,3,4,1,3,0,62000:1:1,25,
22129,3,4,1,3,0,62001:1:1,25,
22130,2,4,1,3,0,62001:2:1,25,
22131,1,4,1,3,0,62004:1:1,25,
22132,3,4,1,3,0,62004:2:1,25,
22221,3,4,2,3,0,62000:2:1,25,
22222,3,4,2,3,0,62000:1:1,25,
22223,3,4,2,3,0,62001:2:1,25,
22224,3,4,2,3,0,62001:1:1,25,
22225,3,4,2,3,0,62002:2:1,25,
22226,1,4,2,3,0,62002:1:1,25,
22233,3,4,2,3,0,62002:1:1,25,
22234,1,4,2,3,0,62002:2:1,25,
22235,3,4,2,3,0,62003:1:1,25,
22236,3,4,2,3,0,62003:2:1,25,
22227,3,4,2,3,0,62000:2:1,25,
22228,3,4,2,3,0,62000:1:1,25,
23000,0,3,0,1,1,,25,
23001,0,3,0,1,1,,25,
23002,0,3,0,1,1,,25,
23003,1,3,0,1,1,,25,
23022,3,3,1,2,0,63000:1:1,25,
23023,3,3,0,1,0,63000:2:1,25,
23024,1,3,0,1,0,63001:1:1,25,
23025,3,3,0,1,0,63001:2:1,25,
23026,1,3,0,1,0,63002:1:1,25,
23027,3,3,0,1,0,63002:2:1,25,
23028,3,3,0,1,0,63000:1:1,25,
23029,3,3,1,2,0,63000:2:1,25,
23030,1,3,1,2,0,63001:1:1,25,
23031,1,3,1,2,0,63001:2:1,25,
23032,1,3,1,2,0,63004:1:1,25,
23033,3,3,1,2,0,63004:2:1,25,
23034,3,3,2,2,0,63002:1:1,25,
23035,3,3,2,2,0,63002:2:1,25,
23036,1,3,2,2,0,63003:1:1,25,
23037,1,3,2,2,0,63003:2:1,25,
23038,3,3,2,2,0,63000:1:1,25,
23039,3,3,2,2,0,63000:2:1,25,
23040,3,3,2,2,0,63003:1:1,25,
23041,3,3,2,2,0,63003:2:1,25,
23042,1,3,2,2,0,63000:1:1,25,
23043,2,3,2,2,0,63000:1:1,25,
23122,3,3,1,3,0,63000:1:1,25,
23123,3,3,1,3,0,63000:2:1,25,
23124,1,3,1,3,0,63001:1:1,25,
23125,3,3,1,3,0,63001:2:1,25,
23126,1,3,1,3,0,63002:1:1,25,
23127,3,3,1,3,0,63002:2:1,25,
23128,3,3,1,3,0,63000:1:1,25,
23129,3,3,1,3,0,63000:2:1,25,
23130,1,3,1,3,0,63001:1:1,25,
23131,1,3,1,3,0,63001:2:1,25,
23132,1,3,1,3,0,63004:1:1,25,
23133,3,3,1,3,0,63004:2:1,25,
23223,3,3,2,3,0,63000:2:1,25,
23224,1,3,2,3,0,63001:1:1,25,
23225,3,3,2,3,0,63001:2:1,25,
23226,1,3,2,3,0,63002:1:1,25,
23227,3,3,2,3,0,63002:2:1,25,
23228,3,3,2,3,0,63000:1:1,25,
23234,3,3,2,3,0,63002:1:1,25,
23235,3,3,2,3,0,63002:2:1,25,
23236,1,3,2,3,0,63003:1:1,25,
23237,1,3,2,3,0,63003:2:1,25,
23222,3,3,2,3,0,63000:1:1,25,
23229,3,3,2,3,0,63000:1:1,25,
24000,0,2,0,1,1,,25,
24001,0,2,0,1,1,,25,
24002,0,2,0,1,1,,25,
24003,1,2,0,1,1,,25,
24022,1,2,0,1,0,64000:1:1,25,
24023,1,2,0,1,0,64000:2:1,25,
24024,1,2,0,1,0,64001:1:1,25,
24025,1,2,0,1,0,64001:2:1,25,
24026,1,2,0,1,0,64002:1:1,25,
24027,1,2,0,1,0,64002:2:1,25,
24028,2,2,1,2,0,64000:1:1,25,
24029,1,2,1,2,0,64000:2:1,25,
24030,1,2,1,2,0,64001:1:1,25,
24031,1,2,1,2,0,64001:2:1,25,
24032,1,2,1,2,0,64004:1:1,25,
24033,1,2,1,2,0,64004:2:1,25,
24034,1,2,2,2,0,64002:1:1,25,
24035,3,2,2,2,0,64002:2:1,25,
24036,1,2,2,2,0,64003:1:1,25,
24037,1,2,2,2,0,64003:2:1,25,
24038,2,2,2,2,0,64000:1:1,25,
24039,1,2,2,2,0,64000:2:1,25,
24040,1,2,1,3,0,,25,
24041,3,2,1,3,0,,25,
24042,1,2,2,3,0,,25,
24043,3,2,2,3,0,,25,
24122,1,2,1,3,0,64000:1:1,25,
24123,3,2,1,3,0,64000:2:1,25,
24124,1,2,1,3,0,64001:1:1,25,
24125,1,2,1,3,0,64001:2:1,25,
24126,1,2,1,3,0,64002:1:1,25,
24127,1,2,1,3,0,64002:2:1,25,
24128,2,2,1,3,0,64000:1:1,25,
24129,1,2,1,3,0,64000:2:1,25,
24130,1,2,1,3,0,64001:1:1,25,
24131,1,2,1,3,0,64001:2:1,25,
24132,1,2,1,3,0,64004:1:1,25,
24133,1,2,1,3,0,64004:2:1,25,
24222,1,2,2,3,0,64000:1:1,25,
24223,3,2,1,3,0,64000:2:1,25,
24224,1,2,2,3,0,64001:1:1,25,
24225,1,2,2,3,0,64001:2:1,25,
24226,1,2,2,3,0,64002:1:1,25,
24227,1,2,2,3,0,64002:2:1,25,
24234,1,2,2,3,0,64002:1:1,25,
24235,3,2,2,3,0,64002:2:1,25,
24236,1,2,2,3,0,64003:1:1,25,
24237,1,2,2,3,0,64003:2:1,25,
24228,2,2,2,3,0,64000:1:1,25,
24229,1,2,2,3,0,64000:2:1,25,
25000,0,5,0,1,1,,25,
25001,0,5,0,1,1,,25,
25002,0,5,0,1,1,,25,
25003,1,5,0,1,1,,25,
25004,0,5,0,1,1,,25,
25005,0,5,0,1,1,,25,
25006,0,5,0,1,1,,25,
25022,1,5,0,1,0,65000:1,25,
25023,3,5,0,1,0,65000:3,25,
25024,3,5,0,1,0,65001:1,25,
25025,3,5,0,1,0,,25,
25026,1,5,0,1,0,,25,
25027,3,5,0,1,0,,25,
25028,1,5,1,2,0,,25,
25029,1,5,1,2,0,,25,
25030,3,5,1,2,0,,25,
25031,3,5,1,2,0,,25,
25032,2,5,1,2,0,,25,
25033,2,5,1,2,0,,25,
25034,1,5,2,2,0,,25,
25035,2,5,2,2,0,,25,
25036,1,5,2,2,0,,25,
25037,3,5,2,2,0,,25,
25038,1,5,2,2,0,,25,
25039,1,5,2,2,0,,25,
25040,2,5,1,3,0,,25,
25041,2,5,1,3,0,,25,
25042,1,5,2,3,0,,25,
25043,3,5,2,3,0,,25,
25122,3,5,2,3,0,65000:1,25,
25123,3,5,1,3,0,65000:3,25,
25124,3,5,1,3,0,65001:1,25,
25125,3,5,1,3,0,,25,
25126,1,5,1,3,0,,25,
25127,3,5,1,3,0,,25,
25128,1,5,1,3,0,,25,
25129,1,5,1,3,0,,25,
25130,3,5,1,3,0,,25,
25131,3,5,1,3,0,,25,
25132,2,5,1,3,0,,25,
25133,2,5,1,3,0,,25,
25222,3,5,2,3,0,65000:1,25,
25223,3,5,2,3,0,65000:3,25,
25224,3,5,2,3,0,65001:1,25,
25225,3,5,2,3,0,,25,
25226,1,5,2,3,0,,25,
25227,3,5,2,3,0,,25,
25234,1,5,2,3,0,,25,
25235,2,5,2,3,0,,25,
25236,1,5,2,3,0,,25,
25237,3,5,2,3,0,,25,
25228,1,5,2,3,0,,25,
25229,1,5,2,3,0,,25,
35500,0,2,0,0,0,,,
35501,1,2,0,0,0,,,
35502,1,2,0,0,0,,,
36000,0,2,0,0,0,,,
36001,1,2,0,0,0,,,
36002,1,2,0,0,0,,,
36003,0,1,0,0,0,,,
36004,1,1,0,0,0,,,
36005,1,1,0,0,0,,,
36006,0,1,0,0,0,,,
36007,1,1,0,0,0,,,
36008,1,1,0,0,0,,,
36009,0,4,0,0,0,,,
36010,1,4,0,0,0,,,
36011,1,4,0,0,0,,,
36012,0,1,0,0,0,,,
36013,1,1,0,0,0,,,
36014,1,1,0,0,0,,,
36015,0,1,0,0,0,,,
36016,0,1,0,0,0,,,
36017,1,1,0,0,0,,,
36018,1,1,0,0,0,,,
36019,0,1,0,0,0,,,
36020,3,1,0,0,0,,,
36021,1,1,0,0,0,,,
36022,0,1,0,0,0,,,
36023,1,1,0,0,0,,,
36025,0,1,0,0,0,,,
36026,0,1,0,0,0,,,
36027,3,1,0,0,0,,,
36028,1,1,0,0,0,,,
36029,0,1,0,0,0,,,
36030,2,1,0,0,0,,,
36031,3,1,0,0,0,,,
41000,1,1,1,3,0,61000:2:1,25,
41001,1,1,2,3,0,61001:1:2,25,
41100,1,1,1,3,0,61000:1:1,25,
41101,1,1,1,3,0,61000:2:1,25,
41102,3,1,1,3,0,61002:2:1,25,
41103,1,1,2,3,0,61001:3:1:2,25,
41104,1,1,2,3,0,61002:1:1,25,
41105,1,1,2,3,0,61001:1:2,25,
41300,1,1,1,3,0,61000:1:1,25,
41301,1,1,1,3,0,61000:2:1,25,
41302,1,1,1,3,0,61002:1:1,25,
41303,3,1,1,3,0,61002:2:1,25,
41304,3,1,1,3,0,61002:2:1,25,
41305,1,1,2,3,0,61001:3:1:2,25,
41306,1,1,2,3,0,61002:1:1,25,
41307,1,1,2,3,0,61002:1:1,25,
41308,1,1,2,3,0,61001:1:2,25,
41309,3,1,2,3,0,61002:2:1,25,
42000,3,4,1,3,0,62000:1:1,25,
42001,3,4,2,3,0,62001:2:1,25,
42100,3,4,1,3,0,62000:2:1,25,
42101,3,4,1,3,0,62000:1:1,25,
42102,3,4,1,3,0,62002:2:1,25,
42103,3,4,2,3,0,62001:2:1,25,
42104,3,4,2,3,0,62001:1:1,25,
42105,3,4,2,3,0,62002:2:1,25,
42300,3,4,1,3,0,62000:2:1,25,
42301,3,4,1,3,0,62000:1:1,25,
42302,3,4,1,3,0,62002:2:1,25,
42303,3,4,1,3,0,62002:2:1,25,
42304,3,4,1,3,0,62002:1:1,25,
42305,3,4,2,3,0,62001:2:1,25,
42306,3,4,2,3,0,62001:1:1,25,
42307,3,4,2,3,0,62002:2:1,25,
42308,3,4,2,3,0,62002:2:1,25,
42309,1,4,2,3,0,62002:1:1,25,
43000,3,3,1,3,0,63001:2:1,25,
43001,3,3,2,3,0,63002:2:1,25,
43100,3,3,1,3,0,63000:2:1,25,
43101,1,3,1,3,0,63001:1:1,25,
43102,3,3,1,3,0,63001:2:1,25,
43103,3,3,2,3,0,63000:2:1,25,
43104,3,3,2,3,0,63002:2:1,25,
43105,1,3,2,3,0,63002:1:1,25,
43300,3,3,1,3,0,63000:2:1,25,
43301,3,3,1,3,0,63000:2:1,25,
43302,1,3,1,3,0,63001:1:1,25,
43303,3,3,1,3,0,63000:1:1,25,
43304,3,3,1,3,0,63001:2:1,25,
43305,3,3,2,3,0,63000:2:1,25,
43306,3,3,2,3,0,63000:2:1,25,
43307,3,3,2,3,0,63002:2:1,25,
43308,1,3,2,3,0,63002:1:1,25,
43309,3,3,2,3,0,63000:1:1,25,
44000,3,2,1,3,0,64000:2:1,25,
44001,1,2,2,3,0,64001:1:1,25,
44100,3,2,1,3,0,64000:2:1,25,
44101,1,2,1,3,0,64000:1:1,25,
44102,1,2,1,3,0,64002:2:1,25,
44103,1,2,2,3,0,64001:2:1,25,
44104,1,2,2,3,0,64001:1:1,25,
44105,1,2,2,3,0,64002:2:1,25,
44300,3,2,1,3,0,64000:2:1,25,
44301,1,2,1,3,0,64000:1:1,25,
44302,1,2,1,3,0,64002:1:1,25,
44303,1,2,1,3,0,64002:2:1,25,
44304,1,2,1,3,0,64002:2:1,25,
44305,1,2,2,3,0,64001:2:1,25,
44306,1,2,2,3,0,64002:1:1,25,
44307,1,2,2,3,0,64001:1:1,25,
44308,1,2,2,3,0,64002:2:1,25,
44309,1,2,2,3,0,64002:2:1,25,
45000,3,5,1,3,0,,25,
45001,3,5,2,3,0,65000:1,25,
45100,1,5,1,3,0,,25,
45101,3,5,1,3,0,65001:1,25,
45102,3,5,1,3,0,,25,
45103,3,5,2,3,0,65000:3,25,
45104,3,5,2,3,0,65000:1,25,
45105,3,5,2,3,0,65001:1,25,
45300,3,5,1,3,0,,25,
45301,1,5,1,3,0,,25,
45302,3,5,1,3,0,65001:1,25,
45303,3,5,1,3,0,65001:1,25,
45304,3,5,1,3,0,,25,
45305,3,5,2,3,0,,25,
45306,3,5,2,3,0,65000:3,25,
45307,3,5,2,3,0,65000:1,25,
45308,3,5,2,3,0,65001:1,25,
45309,3,5,2,3,0,65001:1,25,
41310,1,1,2,3,0,61002:1:1,25,
41311,3,1,1,3,0,61002:2:1,25,
41312,1,1,1,3,0,,25,
41313,3,1,1,3,0,,25,
41314,3,1,1,3,0,,25,
41315,1,1,2,3,0,61002:1:1,25,
41316,3,1,1,3,0,61002:2:1,25,
41317,1,1,1,3,0,,25,
41318,3,1,1,3,0,,25,
41319,3,1,1,3,0,,25,
42310,3,4,1,3,0,62002:2:1,25,
42311,3,4,1,3,0,62002:1:1,25,
42312,3,4,1,2,0,62000:2:1,25,
42313,3,4,1,2,0,62000:1:1,25,
42314,3,4,1,2,0,62000:1:1,25,
42315,3,4,1,3,0,62002:2:1,25,
42316,1,4,2,3,0,62002:1:1,25,
42317,3,4,1,2,0,62000:2:1,25,
42318,3,4,1,2,0,62000:1:1,25,
42319,3,4,1,2,0,62000:1:1,25,
43310,3,3,1,3,0,63000:2:1,25,
43311,3,3,2,3,0,63000:1:1,25,
43312,3,3,1,3,0,63000:1:1,25,
43313,3,3,1,3,0,63000:1:1,25,
43314,3,3,1,3,0,63000:2:1,25,
43315,3,3,2,3,0,63000:1:1,25,
43316,3,3,1,3,0,63000:2:1,25,
43317,3,3,1,3,0,63000:2:1,25,
43318,3,3,1,2,0,63000:1:1,25,
43319,3,3,1,3,0,63000:2:1,25,
44310,1,2,1,3,0,64002:1:1,25,
44311,1,2,2,3,0,64002:2:1,25,
44312,1,2,1,3,0,64000:2:1,25,
44313,1,2,1,3,0,64000:2:1,25,
44314,2,2,1,3,0,64000:1:1,25,
44315,1,2,1,3,0,64002:1:1,25,
44316,1,2,2,3,0,64002:2:1,25,
44317,3,2,1,3,0,64000:2:1,25,
44318,3,2,1,3,0,64000:2:1,25,
44319,2,2,1,3,0,64000:1:1,25,
45310,3,5,1,3,0,65001:1,25,
45311,3,5,2,3,0,,25,
45312,1,5,2,3,0,,25,
45313,1,5,2,3,0,,25,
45314,3,5,2,3,0,,25,
45315,3,5,1,3,0,65001:1,25,
45316,1,5,2,3,0,,25,
45317,1,5,2,3,0,,25,
45318,1,5,2,3,0,,25,
45319,1,5,2,3,0,,25,
41320,1,1,1,3,0,,25,
41321,3,1,1,3,0,,25,
41322,3,1,1,3,0,,25,
41323,3,1,1,3,0,,25,
41324,1,1,1,3,0,,25,
41325,1,1,2,3,0,,25,
41326,3,1,1,3,0,,25,
41327,3,1,2,3,0,,25,
41328,3,1,2,3,0,,25,
41329,1,1,2,3,0,,25,
42320,3,4,1,3,0,62000:2:1,25,
42321,3,4,1,3,0,62000:1:1,25,
42322,3,4,1,3,0,62001:1:1,25,
42323,2,4,1,3,0,62001:2:1,25,
42324,1,4,1,3,0,62001:2:1,25,
42325,3,4,2,3,0,62000:2:1,25,
42326,3,4,2,3,0,62000:1:1,25,
42327,3,4,2,3,0,62002:1:1,25,
42328,1,4,2,3,0,62002:2:1,25,
42329,1,4,2,3,0,62002:2:1,25,
43320,3,3,1,3,0,63000:2:1,25,
43321,3,3,1,3,0,63000:1:1,25,
43322,1,3,1,3,0,63001:1:1,25,
43323,1,3,1,3,0,63001:2:1,25,
43324,1,3,1,3,0,63001:2:1,25,
43325,3,3,2,3,0,63000:1:1,25,
43326,3,3,2,3,0,63000:1:1,25,
43327,3,3,2,3,0,63002:2:1,25,
43328,3,3,2,3,0,63002:2:1,25,
43329,3,3,2,3,0,63002:1:1,25,
44320,1,2,1,3,0,64000:2:1,25,
44321,2,2,1,3,0,64000:1:1,25,
44322,1,2,1,3,0,64001:1:1,25,
44323,1,2,1,3,0,64001:2:1,25,
44324,1,2,1,3,0,64001:2:1,25,
44325,3,2,1,3,0,64000:2:1,25,
44326,2,2,2,3,0,64000:1:1,25,
44327,3,2,2,3,0,64002:2:1,25,
44328,3,2,2,3,0,64002:2:1,25,
44329,1,2,2,3,0,64002:1:1,25,
45320,1,5,1,3,0,,25,
45321,1,5,1,3,0,,25,
45322,3,5,1,3,0,,25,
45323,3,5,1,3,0,,25,
45324,3,5,1,3,0,,25,
45325,1,5,2,3,0,,25,
45326,1,5,2,3,0,,25,
45327,1,5,2,3,0,,25,
45328,2,5,2,3,0,,25,
45329,2,5,2,3,0,,25,
70000,0,0,0,1,0,,100,
70001,0,0,0,1,0,,100,
70002,0,0,0,1,0,,100,
70003,0,0,0,1,0,,100,
70004,0,0,0,1,0,,100,
70005,0,0,0,1,0,,100,
70006,0,0,0,1,0,,100,
70007,0,0,0,1,0,,100,
70008,0,0,0,1,0,,100,
70009,0,0,0,1,0,,100,
70010,0,0,0,1,0,,100,
70011,0,0,0,1,0,,100,
70012,0,0,0,1,0,,100,
70013,0,0,0,1,0,,100,
70014,0,0,0,1,0,,100,
70015,0,0,0,1,0,,100,
70016,0,0,0,1,0,,100,
70017,0,0,0,1,0,,100,
70018,0,0,0,1,0,,500,
70019,0,0,0,1,0,,500,
70020,0,0,0,1,0,,500,
70021,0,0,0,1,0,,500,
70022,0,0,0,1,0,,500,
70023,0,0,0,1,0,,500,
70024,0,0,0,1,0,,500,
70025,0,0,0,1,0,,500,
70026,0,0,0,1,0,,500,
70027,0,0,0,1,0,,500,
70028,0,0,0,1,0,,500,
70029,0,0,0,1,0,,500,
70030,0,0,0,1,0,,500,
70031,0,0,0,1,0,,500,
70032,0,0,0,1,0,,500,
70033,0,0,0,1,0,,500,
70034,0,0,0,1,0,,500,
70035,0,0,0,1,0,,500,
70036,0,0,0,1,0,,500,
70037,0,0,0,1,0,,500,
70038,0,0,0,1,0,,500,
70039,0,0,0,1,0,,500,
70040,0,0,0,1,0,,500,
70041,0,0,0,1,0,,500,
70042,0,0,0,1,0,,500,
70043,0,0,0,1,0,,500,
70044,0,0,0,1,0,,2500,
70045,0,0,0,1,0,,2500,
70046,0,0,0,1,0,,500,
70047,0,0,0,1,0,,500,
70048,0,0,0,1,0,,500,
70049,0,0,0,1,0,,500,
70050,0,0,0,1,0,,500,
70051,0,0,0,1,0,,500,
70052,0,0,0,1,0,,500,
70053,0,0,0,1,0,,500,
70054,0,0,0,1,0,,500,
70055,0,0,0,1,0,,500,
70056,0,0,0,1,0,,2500,
70057,0,0,0,1,0,,2500,
70058,0,0,0,1,0,,2500,
70059,0,0,0,1,0,,2500,
70060,0,0,0,1,0,,2500,
70061,0,0,0,1,0,,2500,
70062,0,0,0,1,0,,2500,
70063,0,0,0,1,0,,2500,
70064,0,0,0,1,0,,2500,
70065,0,0,0,1,0,,2500,
70066,0,0,0,1,0,,2500,
70067,0,0,0,1,0,,2500,
70068,0,0,0,1,0,,2500,
70069,0,0,0,1,0,,2500,
70070,0,0,0,1,0,,2500,
70071,0,0,0,1,0,,2500,
70072,0,0,0,1,0,,2500,
70073,0,0,0,1,0,,2500,
70074,0,0,0,1,0,,2500,
70075,0,0,0,1,0,,2500,
70076,0,0,0,1,0,,2500,
70077,0,0,0,1,0,,2500,
70078,0,0,0,1,0,,2500,
70079,0,0,0,1,0,,2500,
70080,0,0,0,1,0,,2500,
70081,0,0,0,1,0,,2500,
70082,0,0,0,1,0,,2500,
70083,0,0,0,1,0,,2500,
70084,0,0,0,1,0,,2500,
70085,0,0,0,1,0,,2500,
70086,0,0,0,1,0,,2500,
70087,0,0,0,1,0,,2500,
70088,0,0,0,1,0,,2500,
70089,0,0,0,1,0,,2500,
70090,0,0,0,1,0,,2500,
70091,0,0,0,1,0,,2500,
70092,0,0,0,1,0,,2500,
70093,0,0,0,1,0,,2500,
70094,0,0,0,1,0,,2500,
70095,0,0,0,1,0,,2500,
70096,0,0,0,1,0,,2500,
70097,0,0,0,1,0,,2500,
70098,0,0,0,1,0,,2500,
70099,0,0,0,1,0,,2500,
70100,0,0,0,1,0,,2500,
70101,0,0,0,1,0,,2500,
70102,0,0,0,1,0,,2500,
70103,0,0,0,1,0,,2500,
70104,0,0,0,1,0,,2500,
71000,5,0,0,1,0,,100,
71001,5,0,0,1,0,,100,
71002,5,0,0,1,0,,100,
71003,5,0,0,1,0,,100,
71004,5,0,0,1,0,,500,
71005,5,0,0,1,0,,500,
71006,5,0,0,1,0,,500,
71007,5,0,0,1,0,,500,
71008,5,0,0,1,0,,500,
71009,5,0,0,1,0,,500,
71010,5,0,0,1,0,,500,
71011,5,0,0,1,0,,2500,
71012,5,0,0,1,0,,500,
71013,5,0,0,1,0,,500,
71014,5,0,0,1,0,,500,
71015,5,0,0,1,0,,2500,
71016,5,0,0,1,0,,2500,
71017,5,0,0,1,0,,2500,
71018,5,0,0,1,0,,2500,
71019,5,0,0,1,0,,2500,
71020,5,0,0,1,0,,2500,
71021,5,0,0,1,0,,2500,
71022,5,0,0,1,0,,2500,
71023,5,0,0,1,0,,2500,
71024,5,0,0,1,0,,2500,
71025,5,0,0,1,0,,2500,
71026,5,0,0,1,0,,2500,
71027,5,0,0,1,0,,2500,
71028,5,0,0,1,0,,2500,
71029,5,0,0,1,0,,2500,
71030,5,0,0,1,0,,2500,
71031,5,0,0,1,0,,2500,
71032,5,0,0,1,0,,2500,
71033,5,0,0,1,0,,2500,
71034,5,0,0,1,0,,2500,
71035,5,0,0,1,0,,2500,
71036,5,0,0,1,0,,2500,
71037,5,0,0,1,0,,2500,
71038,5,0,0,1,0,,2500,
71039,5,0,0,1,0,,2500,
71040,5,0,0,1,0,,2500,
71041,5,0,0,1,0,,2500,
71042,5,0,0,1,0,,2500,
71043,5,0,0,1,0,,2500,
74000,1,0,0,1,0,,100,
74001,1,0,0,1,0,,100,
74002,1,0,0,1,0,,100,
74003,1,0,0,1,0,,100,
74004,1,0,0,1,0,,100,
74005,1,0,0,1,0,,500,
74006,1,0,0,1,0,,500,
74007,2,0,0,1,0,,500,
74008,1,0,0,1,0,,500,
74009,1,0,0,1,0,,500,
74010,1,0,0,1,0,,500,
74011,1,0,0,1,0,,500,
74012,1,0,0,1,0,,500,
74013,1,0,0,1,0,,500,
74014,1,0,0,1,0,,500,
74015,1,0,0,1,0,,500,
74016,1,0,0,1,0,,500,
74017,1,0,0,1,0,,500,
74018,1,0,0,1,0,,500,
74019,1,0,0,1,0,,500,
74020,1,0,0,1,0,,500,
74021,1,0,0,1,0,,500,
74022,1,0,0,1,0,,500,
74023,1,0,0,1,0,,500,
74024,1,0,0,1,0,,2500,
74025,1,0,0,1,0,,500,
74026,1,0,0,1,0,,500,
74027,1,0,0,1,0,,500,
74028,1,0,0,1,0,,500,
74029,1,0,0,1,0,,500,
74030,1,0,0,1,0,,500,
74031,1,0,0,1,0,,500,
74032,3,0,0,1,0,,2500,
74033,3,0,0,1,0,,2500,
74034,1,0,0,1,0,,2500,
74035,1,0,0,1,0,,2500,10:SkillDesc_7403510
74036,3,0,0,1,0,,2500,10:SkillDesc_7403610
74037,1,0,0,1,0,,2500,
74038,3,0,0,1,0,,2500,
74039,1,0,0,1,0,,2500,
74040,1,0,0,1,0,,2500,
74041,3,0,0,1,0,,2500,
74042,1,0,0,1,0,,2500,
74043,1,0,0,1,0,,2500,
74044,1,0,0,1,0,,2500,
74045,1,0,0,1,0,,2500,
74046,1,0,0,1,0,,2500,
74047,3,0,0,1,0,,2500,
74048,1,0,0,1,0,,2500,
74049,1,0,0,1,0,,2500,
74050,1,0,0,1,0,,2500,
74051,1,0,0,1,0,,2500,
74052,3,0,0,1,0,,2500,
74053,3,0,0,1,0,,2500,
74054,3,0,0,1,0,,2500,
74055,1,0,0,1,0,,2500,
74056,3,0,0,1,0,,2500,
74057,1,0,0,1,0,,2500,
74058,1,0,0,1,0,,2500,
74059,1,0,0,1,0,,2500,
74060,1,0,0,1,0,,2500,
74061,3,0,0,1,0,,2500,
74062,3,0,0,1,0,,2500,
74063,3,0,0,1,0,,2500,
74064,3,0,0,1,0,,2500,
74065,3,0,0,1,0,,2500,
74066,1,0,0,1,0,,2500,
74067,1,0,0,1,0,,2500,
74068,3,0,0,1,0,,2500,
74069,3,0,0,1,0,,2500,
74070,3,0,0,1,0,,2500,
74071,3,0,0,1,0,,2500,
74072,1,0,0,1,0,,2500,
74073,1,0,0,1,0,,2500,
74074,2,0,0,1,0,,2500,
74075,3,0,0,1,0,,2500,
74076,3,0,0,1,0,,2500,
74077,1,0,0,1,0,,2500,
74078,1,0,0,1,0,,2500,
74079,1,0,0,1,0,,2500,
74080,3,0,0,1,0,,2500,
74081,3,0,0,1,0,,2500,
74082,3,0,0,1,0,,2500,
74084,1,0,0,1,0,,2500,10:SkillDesc_7408410
74085,3,0,0,1,0,,2500,10:SkillDesc_7408510
74088,1,0,0,1,0,,2500,
74089,1,0,0,1,0,,2500,
74090,1,0,0,1,0,,2500,
74091,3,0,0,1,0,,2500,
74092,3,0,0,1,0,,2500,
74093,2,0,0,1,0,,2500,10:SkillDesc_7409310
74094,3,0,0,1,0,,2500,
80000,0,0,0,0,1,,25,
80001,0,0,0,0,1,,25,
80002,0,0,0,0,1,,25,
80003,0,0,0,0,1,,25,
80004,0,0,0,0,1,,25,
80005,0,0,0,0,1,,25,
80006,0,0,0,0,1,,25,
80007,0,0,0,0,0,,25,
80008,0,0,0,0,1,,25,
80009,0,1,0,1,1,,25,
80010,0,1,0,1,1,,25,
80011,1,1,0,1,0,,25,
80012,3,1,0,1,0,,25,
80013,0,1,0,1,1,,25,
80014,0,1,0,1,1,,25,
80015,0,0,0,0,1,,25,
80016,0,0,0,0,1,,25,
80017,1,0,0,0,1,,25,
80018,0,0,0,0,1,,25,
80019,0,0,0,0,1,,25,
80020,0,0,0,0,1,,25,
80021,0,0,0,0,1,,25,
80022,0,0,0,0,1,,25,
80023,0,0,0,0,1,,25,
80024,1,0,0,0,1,,25,
80025,0,0,0,0,1,,25,
80026,0,0,0,0,1,,25,
80027,1,0,0,0,1,,25,
80028,1,0,0,0,1,,25,
80029,0,0,0,0,1,,25,
80030,0,0,0,0,1,,25,
80031,0,0,0,0,1,,25,
80032,0,0,0,0,1,,25,
80033,0,0,0,0,1,,25,
80034,0,0,0,0,1,,25,
80035,0,0,0,0,1,,25,
80036,0,0,0,0,1,,25,
80037,0,0,0,0,1,,25,
80038,0,0,0,0,1,,25,
80039,0,0,0,0,1,,25,
80040,0,0,0,0,1,,25,
80041,0,0,0,0,1,,25,
80042,1,0,0,0,1,,25,
80043,0,0,0,0,1,,25,
80044,0,0,0,0,1,,25,
80045,0,0,0,0,1,,25,
80046,0,0,0,0,1,,25,
80047,0,0,0,0,1,,25,
80048,0,0,0,0,1,,25,
80049,0,0,0,0,1,,25,
80050,0,0,0,0,1,,25,
80051,0,0,0,0,1,,25,
80052,0,0,0,0,1,,25,
80053,0,0,0,0,1,,25,
80054,0,0,0,0,1,,25,
80055,0,0,0,0,1,,25,
80056,0,0,0,0,1,,25,
80057,0,0,0,0,1,,25,
80058,0,0,0,0,1,,25,
80059,0,0,0,0,1,,25,
80060,0,0,0,0,1,,25,
80061,0,0,0,0,1,,25,
80062,0,0,0,0,1,,25,
88001,0,0,0,0,1,,25,
88002,0,0,0,0,1,,25,
88003,0,0,0,0,1,,25,
88004,0,0,0,0,1,,25,
88005,0,0,0,0,1,,25,
88006,0,0,0,0,1,,25,
88007,0,0,0,0,1,,25,
88008,0,0,0,0,1,,25,
88009,0,0,0,0,1,,25,
88010,0,0,0,0,1,,25,
90000,0,1,0,1,0,,25,
90001,0,1,0,1,0,,25,
90002,1,1,0,1,0,,25,
90003,2,1,0,1,0,,25,
90004,1,1,0,1,0,,25,
90005,1,1,0,1,0,,25,
90006,1,1,0,1,0,,25,
90007,1,1,0,1,0,,25,
90008,1,1,0,1,0,,25,
90009,1,1,0,1,0,,25,
90010,1,1,0,1,0,,25,
90011,1,1,0,1,0,,25,
90012,1,1,0,1,0,,25,
90013,2,1,0,1,0,,25,
90014,1,1,0,1,0,,25,
90015,3,1,0,1,0,,25,
90016,0,0,0,1,0,,25,
90017,1,0,0,1,0,,25,
90018,1,0,0,1,0,,25,
90019,3,0,0,1,0,,25,
90020,1,0,0,1,0,,25,
90021,3,0,0,1,0,,25,
90022,1,0,0,1,0,,25,
90023,1,0,0,1,0,,25,
90024,3,0,0,1,0,,25,
90025,1,0,0,1,0,,25,
90026,1,0,0,1,0,,25,
90027,1,0,0,1,0,,25,
90028,1,0,0,1,0,,25,
90029,1,0,0,1,0,,25,
90030,3,0,0,1,0,,25,
90031,1,0,0,1,0,,25,
90032,1,0,0,1,0,,25,
90033,2,0,0,1,0,,25,
90034,0,0,0,1,0,,25,
90035,1,0,0,1,0,,25,
90036,1,0,0,1,0,,25,
90037,0,0,0,1,0,,25,
90038,0,0,0,1,0,,25,
90039,0,0,0,1,0,,25,
90040,3,0,0,1,0,,25,
90041,3,0,0,1,0,,25,
90042,3,0,0,1,0,,25,
90043,3,0,0,1,0,,25,
90044,1,0,0,1,0,,25,
90045,1,0,0,1,0,,25,
90046,2,0,0,1,0,,25,
90047,0,0,0,1,0,,25,
90049,0,0,0,1,0,,25,
90050,3,0,0,1,0,,25,
90051,3,0,0,1,0,,25,
90052,3,0,0,1,0,,25,
90053,1,0,0,1,0,,25,
90054,3,0,0,1,0,,25,
90055,1,0,0,1,0,,25,
90056,1,0,0,1,0,,25,
90057,1,0,0,1,0,,25,
90058,1,0,0,1,0,,25,
90059,1,0,0,1,0,,25,
90060,1,0,0,1,0,,25,
90061,1,0,0,1,0,,25,
90062,1,0,0,1,0,,25,
90063,1,0,0,1,0,,25,
90064,1,0,0,1,0,,25,
90065,1,0,0,1,0,,25,
90066,1,0,0,1,0,,25,
90067,1,0,0,1,0,,25,
90068,1,0,0,1,0,,25,
90069,1,0,0,1,0,,25,
90070,1,0,0,1,0,,25,
90071,1,0,0,1,0,,25,
90072,1,0,0,1,0,,25,
90073,1,0,0,1,0,,25,
90074,1,0,0,1,0,,25,
90075,1,0,0,1,0,,25,
90076,1,0,0,1,0,,25,
90077,1,0,0,1,0,,25,
90078,1,0,0,1,0,,25,
90079,1,0,0,1,0,,25,
90080,1,0,0,1,0,,25,
90081,1,0,0,1,0,,25,
90082,1,0,0,1,0,,25,
90083,1,0,0,1,0,,25,
90084,1,0,0,1,0,,25,
90085,1,0,0,1,0,,25,
90086,1,0,0,1,0,,25,
90087,1,0,0,1,0,,25,
90088,1,0,0,1,0,,25,
90089,1,0,0,1,0,,25,
90090,1,0,0,1,0,,25,
90091,1,0,0,1,0,,25,
90092,1,0,0,1,0,,25,
90093,1,0,0,1,0,,25,
90094,1,0,0,1,0,,25,
90095,1,0,0,1,0,,25,
90096,1,0,0,1,0,,25,
90097,1,0,0,1,0,,25,
90100,0,1,0,1,0,,25,
90101,2,1,0,1,0,,25,
90102,3,1,0,1,0,,25,
90103,2,1,0,1,0,,25,
90104,1,1,0,1,0,,25,
90105,0,1,0,1,0,,25,
90106,0,1,0,1,0,,25,
90107,1,1,0,1,0,,25,
90108,1,1,0,1,0,,25,
90109,0,0,0,1,0,,25,
90110,1,0,0,1,0,,25,
90111,3,0,0,1,0,,25,
90112,0,0,0,1,0,,25,
90113,3,0,0,1,0,,25,
90114,1,0,0,1,0,,25,
90115,0,0,0,1,0,,25,
90116,0,0,0,1,0,,25,
90117,3,0,0,1,0,,25,
90118,1,0,0,1,0,,25,
90119,0,0,0,1,0,,25,
90120,0,0,0,1,0,,25,
90121,1,0,0,1,0,,25,
90122,1,0,0,1,0,,25,
90123,1,0,0,1,0,,25,
90124,1,0,0,1,0,,25,
90125,1,0,0,1,0,,25,
90126,3,0,0,1,0,,25,
90127,1,0,0,1,0,,25,
90128,1,0,0,1,0,,25,
90129,1,0,0,1,0,,25,
90130,1,0,0,1,0,,25,
90131,1,0,0,1,0,,25,
90132,1,0,0,1,0,,25,
90133,1,0,0,1,0,,25,
90134,1,0,0,1,0,,25,
90135,3,0,0,1,0,,25,
90136,0,0,0,1,0,,25,
90137,0,0,0,1,0,,25,
90138,1,0,0,1,0,,25,
90139,3,0,0,1,0,,25,
90140,0,0,0,1,0,,25,
90141,1,0,0,1,0,,25,
90142,1,0,0,1,0,,25,
90143,0,0,0,1,0,,25,
90144,0,0,0,1,0,,25,
90145,3,0,0,1,0,,25,
90146,1,0,0,1,0,,25,
90147,0,0,0,1,0,,25,
90148,0,0,0,1,0,,25,
90149,2,0,0,1,0,,25,
90150,3,0,0,1,0,,25,
90151,0,0,0,1,0,,25,
90152,3,0,0,1,0,,25,
90153,3,0,0,1,0,,25,
90154,0,0,0,1,0,,25,
90155,0,0,0,1,0,,25,
90156,3,0,0,1,0,,25,
90157,3,0,0,1,0,,25,
90158,0,0,0,1,0,,25,
90159,0,0,0,1,0,,25,
90160,2,0,0,1,0,,25,
90161,3,0,0,1,0,,25,
90162,0,0,0,1,0,,25,
90163,2,0,0,1,0,,25,
90164,3,0,0,1,0,,25,
90165,0,0,0,1,0,,25,
90166,1,0,0,1,0,,25,
90167,3,0,0,1,0,,25,
90168,0,0,0,1,0,,25,
90169,0,0,0,1,0,,25,
90170,1,0,0,1,0,,25,
90171,3,0,0,1,0,,25,
90172,0,0,0,1,0,,25,
90173,0,0,0,1,0,,25,
90174,3,0,0,1,0,,25,
90175,1,0,0,1,0,,25,
90176,0,0,0,1,0,,25,
90177,0,0,0,1,0,,25,
90178,1,0,0,1,0,,25,
90179,1,0,0,1,0,,25,
90180,0,0,0,1,0,,25,
90181,0,0,0,1,0,,25,
90182,1,0,0,1,0,,25,
90183,1,0,0,1,0,,25,
90184,0,0,0,1,0,,25,
90185,1,0,0,1,0,,25,
90186,3,0,0,1,0,,25,
90187,0,0,0,1,0,,25,
90188,0,0,0,1,0,,25,
90189,1,0,0,1,0,,25,
90190,1,0,0,1,0,,25,
90191,0,0,0,1,0,,25,
90192,3,0,0,1,0,,25,
90193,1,0,0,1,0,,25,
90194,0,0,0,1,0,,25,
90195,3,0,0,1,0,,25,
90196,3,0,0,1,0,,25,
90197,0,0,0,1,0,,25,
90198,0,0,0,1,0,,25,
90199,1,0,0,1,0,,25,
90200,3,0,0,1,0,,25,
90201,3,0,0,1,0,,25,
90202,0,0,0,1,0,,25,
90203,3,0,0,1,0,,25,
90204,3,0,0,1,0,,25,
90205,0,0,0,1,0,,25,
90206,0,0,0,1,0,,25,
90207,3,0,0,1,0,,25,
90208,3,0,0,1,0,,25,
90209,1,0,0,1,0,,25,
90210,3,0,0,1,0,,25,
90211,2,0,0,1,0,,25,
90212,1,0,0,1,0,,25,
90213,3,0,0,1,0,,25,
90214,3,0,0,1,0,,25,
90215,1,0,0,1,0,,25,
90216,3,0,0,1,0,,25,
90217,3,0,0,1,0,,25,
90218,1,0,0,1,0,,25,
90219,3,0,0,1,0,,25,
90220,1,0,0,1,0,,25,
90396,0,0,0,1,0,,25,
90397,0,0,0,1,0,,25,
90398,2,0,0,1,0,,25,
90399,3,0,0,1,0,,25,
90400,0,0,0,1,0,,25,
90401,3,0,0,1,0,,25,
90402,3,0,0,1,0,,25,
90403,0,0,0,1,0,,25,
90404,3,0,0,1,0,,25,
90405,3,0,0,1,0,,25,
90406,1,0,0,1,0,,25,
90407,2,0,0,1,0,,25,
90408,3,0,0,1,0,,25,
90409,0,0,0,1,0,,25,
90410,2,0,0,1,0,,25,
90411,3,0,0,1,0,,25,
90412,0,0,0,1,0,,25,
90413,1,0,0,1,0,,25,
90414,1,0,0,1,0,,,
90415,0,0,0,1,0,,,
90416,1,0,0,1,0,,,
90417,3,0,0,1,0,,25,
90418,0,0,0,1,0,,25,
90419,1,0,0,1,0,,25,
90420,2,0,0,1,0,,25,
90421,0,0,0,1,0,,25,
90422,1,0,0,1,0,,25,
90423,3,0,0,1,0,,25,
90424,0,0,0,1,0,,25,
90425,1,0,0,1,0,,25,
90426,3,0,0,1,0,,25,
90427,0,0,0,1,0,,25,
90428,1,0,0,1,0,,25,
90429,3,0,0,1,0,,25,
90430,0,0,0,1,0,,25,
90431,1,0,0,1,0,,25,
90432,3,0,0,1,0,,25,
90433,0,0,0,1,0,,25,
90434,1,0,0,1,0,,25,
90435,3,0,0,1,0,,25,
90436,0,0,0,1,0,,25,
90437,1,0,0,1,0,,25,
90438,1,0,0,1,0,,25,
90439,0,0,0,1,0,,25,
90440,1,0,0,1,0,,25,
90441,3,0,0,1,0,,25,
90442,0,0,0,1,0,,25,
90443,1,0,0,1,0,,25,
90444,1,0,0,1,0,,25,
90445,0,0,0,1,0,,25,
90446,1,0,0,1,0,,25,
90447,1,0,0,1,0,,25,
90448,0,0,0,1,0,,25,
90449,3,0,0,1,0,,25,
90450,1,0,0,1,0,,25,
90451,0,0,0,1,0,,25,
90452,3,0,0,1,0,,25,
90453,1,0,0,1,0,,,
90454,0,0,0,1,0,,,
90455,3,0,0,1,0,,,
90456,3,0,0,1,0,,25,
90457,0,0,0,1,0,,25,
90458,3,0,0,1,0,,25,
90459,1,0,0,1,0,,25,
90460,0,0,0,1,0,,25,
90461,3,0,0,1,0,,25,
90462,1,0,0,1,0,,25,
90463,0,0,0,1,0,,25,
90464,3,0,0,1,0,,25,
90465,3,0,0,1,0,,25,
90466,0,0,0,1,0,,25,
90467,3,0,0,1,0,,25,
90468,1,0,0,1,0,,25,
90469,0,0,0,1,0,,25,
90470,1,0,0,1,0,,25,
90471,1,0,0,1,0,,25,
90472,0,0,0,1,0,,25,
90473,3,0,0,1,0,,25,
90474,1,0,0,1,0,,25,
90475,0,0,0,1,0,,25,
90476,0,0,0,1,0,,25,
90477,3,0,0,1,0,,25,
90478,1,0,0,1,0,,25,
90479,0,0,0,1,0,,25,
90480,1,0,0,1,0,,25,
90481,3,0,0,1,0,,25,
90482,0,0,0,1,0,,25,
90483,1,0,0,1,0,,25,
90484,3,0,0,1,0,,25,
90485,0,0,0,1,0,,25,
90486,3,0,0,1,0,,25,
90487,3,0,0,1,0,,25,
90488,0,0,0,1,0,,25,
90489,1,0,0,1,0,,25,
90490,3,0,0,1,0,,25,
90491,0,0,0,1,0,,25,
90492,1,0,0,1,0,,25,
90493,1,0,0,1,0,,25,
90494,0,0,0,1,0,,25,
90495,1,0,0,1,0,,25,
90496,1,0,0,1,0,,25,
90497,0,0,0,1,0,,25,
90498,1,0,0,1,0,,25,
90499,2,0,0,1,0,,25,
90500,0,0,0,1,0,,25,
90501,0,0,0,1,0,,25,
90502,3,0,0,1,0,,25,
90503,1,0,0,1,0,,25,
90504,0,0,0,1,0,,25,
90505,1,0,0,1,0,,25,
90506,3,0,0,1,0,,25,
90507,3,0,0,1,0,,25,
90508,0,0,0,1,0,,25,
90509,1,0,0,1,0,,25,
90510,3,0,0,1,0,,25,
90511,0,0,0,1,0,,25,
90512,1,0,0,1,0,,25,
90513,3,0,0,1,0,,25,
90514,0,0,0,1,0,,25,
90515,1,0,0,1,0,,25,
90516,1,0,0,1,0,,25,
90517,0,0,0,1,0,,25,
90518,1,0,0,1,0,,25,
90519,1,0,0,1,0,,25,
90520,0,0,0,1,0,,25,
90521,3,0,0,1,0,,25,
90522,1,0,0,1,0,,25,
90523,0,0,0,1,0,,25,
90524,3,0,0,1,0,,25,
90525,1,0,0,1,0,,25,
90526,0,0,0,1,0,,25,
90527,3,0,0,1,0,,25,
90528,1,0,0,1,0,,25,
90529,3,0,0,1,0,,25,
90530,0,0,0,1,0,,25,
90531,1,0,0,1,0,,25,
90532,3,0,0,1,0,,25,
90533,1,0,0,1,0,,25,
90548,0,0,0,1,0,,25,
90549,1,0,0,1,0,,25,
90550,3,0,0,1,0,,25,
90551,0,0,0,1,0,,25,
90552,1,0,0,1,0,,25,
90553,3,0,0,1,0,,25,
90554,0,0,0,1,0,,25,
90555,1,0,0,1,0,,25,
90556,1,0,0,1,0,,25,
90557,0,0,0,1,0,,25,
90558,3,0,0,1,0,,25,
90559,1,0,0,1,0,,25,
90560,0,0,0,1,0,,25,
90561,3,0,0,1,0,,25,
90562,3,0,0,1,0,,25,
90563,0,0,0,1,0,,25,
90564,3,0,0,1,0,,25,
90565,3,0,0,1,0,,25,
90567,0,0,0,1,0,,25,
90568,0,0,0,1,0,,25,
90569,3,0,0,1,0,,25,
90570,3,0,0,1,0,,25,
90571,0,0,0,1,0,,25,
90572,2,0,0,1,0,,25,
90573,3,0,0,1,0,,25,
90574,0,0,0,1,0,,25,
90575,3,0,0,1,0,,25,
90576,3,0,0,1,0,,25,
90577,0,0,0,1,0,,25,
90578,4,0,0,1,0,,25,
90579,4,0,0,1,0,,25,
90580,0,0,0,1,0,,25,
90581,3,0,0,1,0,,25,
90582,3,0,0,1,0,,25,
90586,0,0,0,1,0,,25,
90587,3,0,0,1,0,,25,
90588,3,0,0,1,0,,25,
90617,3,0,0,1,0,,25,
90618,3,0,0,1,0,,25,
90619,3,0,0,1,0,,25,
90620,3,0,0,1,0,,25,
90621,3,0,0,1,0,,25,
90622,1,0,0,1,0,,25,
90623,1,0,0,1,0,,25,
90624,3,0,0,1,0,,25,
90625,1,0,0,1,0,,25,
90626,3,0,0,1,0,,25,
90627,3,0,0,1,0,,25,
90628,3,0,0,1,0,,25,
90639,0,0,0,1,0,,25,
90629,3,0,0,1,0,,25,
90630,1,0,0,1,0,,25,
90631,3,0,0,1,0,,25,
90632,1,0,0,1,0,,25,
90633,1,0,0,1,0,,25,
90634,3,0,0,1,0,,25,
90635,1,0,0,1,0,,25,
90636,3,0,0,1,0,,25,
90637,3,0,0,1,0,,25,
90638,3,0,0,1,0,,25,
95000,5,0,0,1,0,,25,
95001,5,0,0,1,0,,25,
95002,5,0,0,1,0,,25,
95003,5,0,0,1,0,,25,
95004,5,0,0,1,0,,25,
95005,5,0,0,1,0,,25,
95006,5,0,0,1,0,,25,
95007,5,0,0,1,0,,25,
95008,5,0,0,1,0,,25,
95009,5,0,0,1,0,,25,
95010,5,0,0,1,0,,25,
95011,5,0,0,1,0,,25,
95012,5,0,0,1,0,,25,
95013,5,0,0,1,0,,25,
95014,5,0,0,1,0,,25,
95015,5,0,0,1,0,,25,
95016,5,0,0,1,0,,25,
95017,5,0,0,1,0,,25,
95018,5,0,0,1,0,,25,
95019,5,0,0,1,0,,25,
95020,5,0,0,1,0,,25,
95021,5,0,0,1,0,,25,
95022,5,0,0,1,0,,25,
95023,5,0,0,1,0,,25,
95024,5,0,0,1,0,,25,
95025,5,0,0,1,0,,25,
95026,5,0,0,1,0,,25,
95027,5,0,0,1,0,,25,
95028,5,0,0,1,0,,25,
95029,5,0,0,1,0,,25,
95030,5,0,0,1,0,,25,
95031,5,0,0,1,0,,25,
95032,5,0,0,1,0,,25,
95033,5,0,0,1,0,,25,
95034,5,0,0,1,0,,25,
95035,5,0,0,1,0,,25,
95036,5,0,0,1,0,,25,
95037,5,0,0,1,0,,25,
95038,5,0,0,1,0,,25,
95039,5,0,0,1,0,,25,
95040,5,0,0,1,0,,25,
95041,5,0,0,1,0,,25,
95042,5,0,0,1,0,,25,
95043,5,0,0,1,0,,25,
95044,5,0,0,1,0,,25,
95045,5,0,0,1,0,,25,
95046,5,0,0,1,0,,25,
95047,5,0,0,1,0,,25,
95048,5,0,0,1,0,,25,
95055,5,0,0,1,0,,25,
95100,5,0,0,1,0,,25,
95101,5,0,0,1,0,,25,
95102,5,0,0,1,0,,25,
95103,5,0,0,1,0,,25,
95104,5,0,0,1,0,,25,
95105,5,0,0,1,0,,25,
95106,5,0,0,1,0,,25,
95107,5,0,0,1,0,,25,
95108,5,0,0,1,0,,25,
95109,5,0,0,1,0,,25,
95110,5,0,0,1,0,,25,
95111,5,0,0,1,0,,25,
95112,5,0,0,1,0,,25,
95113,5,0,0,1,0,,25,
97000,3,0,0,1,0,,25,
97001,3,0,0,1,0,,25,
97002,1,0,0,1,0,,25,
97003,3,0,0,1,0,,25,
97004,1,0,0,1,0,,25,
97005,3,0,0,1,0,,25,
97006,1,0,0,1,0,,25,
97007,1,0,0,1,0,,25,
97008,1,1,0,1,0,,25,
97009,1,1,0,1,0,,25,
97010,3,0,0,1,0,,25,
97011,1,0,0,1,0,,25,
97012,3,0,0,1,0,,25,
97013,3,0,0,1,0,,25,
97014,1,0,0,1,0,,25,
97015,3,0,0,1,0,,25,
97018,3,0,0,1,0,,25,
97019,3,0,0,1,0,,25,
97020,3,0,0,1,0,,25,
97021,3,0,0,1,0,,25,
97022,1,0,0,1,0,,25,
97023,3,0,0,1,0,,25,
98001,0,0,0,1,0,,25,
98002,3,0,0,1,0,,25,
98003,3,0,0,1,0,,25,
98004,0,0,0,1,0,,,
98005,0,0,0,1,0,,,
98006,1,0,0,1,0,,,
98007,1,0,0,1,0,,,
98008,1,0,0,1,0,,,
98009,2,0,0,1,0,,,
98010,0,0,0,1,0,,,
98011,0,0,0,1,0,,,
98012,3,0,0,1,0,,,
98013,1,0,0,1,0,,,
98015,0,0,0,1,0,,,
99001,1,0,0,0,1,,,
99002,1,0,0,0,1,,,
99003,1,0,0,0,1,,,
99004,1,0,0,0,1,,,
99005,1,0,0,0,1,,,
99006,1,0,0,0,1,,,
99007,1,0,0,0,1,,,
99008,1,0,0,0,1,,,
99009,1,0,0,0,1,,,
99010,1,0,0,0,1,,,
99011,1,0,0,0,1,,,
99012,1,0,0,0,1,,,
99013,1,0,0,0,1,,,
99014,1,0,0,0,1,,,
99015,1,0,0,0,1,,,
99016,1,0,0,0,1,,,
99017,1,0,0,0,1,,,
99018,1,0,0,0,1,,,
99019,1,0,0,0,1,,,
99020,1,0,0,0,1,,,
99021,1,0,0,0,1,,,
99985,1,0,0,0,1,,25,
99991,1,0,0,1,1,,,
99992,3,0,0,1,1,,,
99993,1,0,0,1,1,,,
99994,1,0,0,1,1,,,
99995,1,0,0,0,1,,,
99997,1,0,0,0,1,,,
99996,1,0,0,0,1,,,
99999,0,0,0,0,1,,,
11143,3,1,1,3,0,,25,
11144,1,1,1,3,0,,25,
11245,3,1,2,3,0,,25,
11246,2,1,2,3,0,,25,
12139,3,4,1,3,0,,25,
12140,2,4,1,3,0,,25,
12241,2,4,2,3,0,,25,
12242,3,4,2,3,0,,25,
13140,3,3,1,3,0,63003:1:1,25,
13141,3,3,1,3,0,63003:2:1,25,
13242,1,3,2,3,0,63000:1:1,25,
13243,2,3,2,3,0,63000:1:1,25,
14140,1,2,1,3,0,,25,
14141,3,2,1,3,0,,25,
14242,1,2,2,3,0,,25,
14243,3,2,2,3,0,,25,
15140,2,5,1,3,0,,25,
15141,2,5,1,3,0,,25,
15242,1,5,2,3,0,,25,
15243,3,5,2,3,0,,25,
21143,3,1,1,3,0,,25,
21144,1,1,1,3,0,,25,
21245,3,1,2,3,0,,25,
21246,2,1,2,3,0,,25,
22139,3,4,1,3,0,,25,
22140,2,4,1,3,0,,25,
22241,2,4,2,3,0,,25,
22242,3,4,2,3,0,,25,
23140,3,3,1,3,0,63003:1:1,25,
23141,3,3,1,3,0,63003:2:1,25,
23242,1,3,2,3,0,63000:1:1,25,
23243,2,3,2,3,0,63000:1:1,25,
24140,1,2,1,3,0,,25,
24141,3,2,1,3,0,,25,
24242,1,2,2,3,0,,25,
24243,3,2,2,3,0,,25,
25140,2,5,1,3,0,,25,
25141,2,5,1,3,0,,25,
25242,1,5,2,3,0,,25,
25243,3,5,2,3,0,,25,
70105,0,4,0,1,0,,25,
74096,1,4,0,1,0,,25,10:SkillDesc_7409610
74097,3,4,0,1,0,,25,10:SkillDesc_7409710
74098,3,4,0,1,0,,25,10:SkillDesc_7409810
41330,1,1,1,3,0,,25,
41331,3,1,1,3,0,,25,
41332,1,1,1,3,0,,25,
41333,3,1,1,3,0,,25,
41334,2,1,1,3,0,,25,
41335,1,1,2,3,0,,25,
41336,1,1,2,3,0,,25,
41337,3,1,2,3,0,,25,
41338,3,1,2,3,0,,25,
41339,3,1,2,3,0,,25,
42330,3,4,1,3,0,62001:1:1,25,
42331,1,4,1,3,0,62004:1:1,25,
42332,3,4,1,3,0,62004:2:1,25,
42333,2,4,1,3,0,62001:2:1,25,
42334,3,4,1,3,0,62004:2:1,25,
42335,3,4,2,3,0,62002:1:1,25,
42336,3,4,2,3,0,62003:1:1,25,
42337,3,4,2,3,0,62003:2:1,25,
42338,1,4,2,3,0,62002:2:1,25,
42339,3,4,2,3,0,62003:2:1,25,
43330,1,3,1,3,0,63001:1:1,25,
43331,1,3,1,3,0,63004:1:1,25,
43332,3,3,1,3,0,63004:2:1,25,
43333,1,3,1,3,0,63001:2:1,25,
43334,3,3,1,3,0,63004:2:1,25,
43335,3,3,2,3,0,63002:1:1,25,
43336,1,3,2,3,0,63003:1:1,25,
43337,1,3,2,3,0,63003:2:1,25,
43338,3,3,2,3,0,63002:2:1,25,
43339,1,3,2,3,0,63003:2:1,25,
44330,1,2,1,3,0,64001:1:1,25,
44331,1,2,1,3,0,64004:1:1,25,
44332,1,2,1,3,0,64004:2:1,25,
44333,1,2,1,3,0,64001:2:1,25,
44334,1,2,1,3,0,64004:2:1,25,
44335,1,2,2,3,0,64002:1:1,25,
44336,1,2,2,3,0,64003:1:1,25,
44337,1,2,2,3,0,64003:2:1,25,
44338,3,2,2,3,0,64002:2:1,25,
44339,1,2,2,3,0,64003:2:1,25,
45330,3,5,1,3,0,,25,
45331,2,5,1,3,0,,25,
45332,2,5,1,3,0,,25,
45333,3,5,1,3,0,,25,
45334,2,5,1,3,0,,25,
45335,1,5,2,3,0,,25,
45336,1,5,2,3,0,,25,
45337,3,5,2,3,0,,25,
45338,2,5,2,3,0,,25,
45339,3,5,2,3,0,,25,
