技能ID,技能ID,技能等级,技能类型,增加属性
Id,SkillId,SkillLv,SkillType,AddAttributes
int,int,int,int,list
10015005,10015,5,1,7:200
11025010,11025,10,1,11:36
11025020,11025,20,1,12:72
11025030,11025,30,1,9:108
11025040,11025,40,1,16:31
11025050,11025,50,1,7:2000
11028010,11028,10,1,9:36
11028020,11028,20,1,15:15
11028030,11028,30,1,7:1200
11028040,11028,40,1,12:145
11028050,11028,50,1,9:181
11029010,11029,10,1,7:400
11029020,11029,20,1,12:72
11029030,11029,30,1,11:108
11029040,11029,40,1,14:31
11029050,11029,50,1,11:181
11026010,11026,10,1,7:400
11026020,11026,20,1,9:72
11026030,11026,30,1,13:23
11026040,11026,40,1,15:31
11026050,11026,50,1,7:2000
11027010,11027,10,1,9:36
11027020,11027,20,1,15:15
11027030,11027,30,1,13:23
11027040,11027,40,1,7:1600
11027050,11027,50,1,9:181
11030010,11030,10,1,13:7
11030020,11030,20,1,9:72
11030030,11030,30,1,7:1200
11030040,11030,40,1,7:1600
11030050,11030,50,1,9:181
11031010,11031,10,1,7:1200
11031020,11031,20,1,11:217
11031030,11031,30,1,16:71
11031040,11031,40,1,14:95
11031050,11031,50,1,7:6000
11032010,11032,10,1,9:108
11032020,11032,20,1,15:47
11032030,11032,30,1,12:326
11032040,11032,40,1,13:95
11032050,11032,50,1,9:544
11034010,11034,10,1,9:108
11034020,11034,20,1,13:47
11034030,11034,30,1,9:326
11034040,11034,40,1,15:95
11034050,11034,50,1,9:544
11036010,11036,10,1,15:23
11036020,11036,20,1,11:217
11036030,11036,30,1,13:71
11036040,11036,40,1,7:4800
11036050,11036,50,1,9:544
11033010,11033,10,1,7:1200
11033020,11033,20,1,9:217
11033030,11033,30,1,13:71
11033040,11033,40,1,9:435
11033050,11033,50,1,7:6000
11035010,11035,10,1,12:108
11035020,11035,20,1,9:217
11035030,11035,30,1,7:3600
11035040,11035,40,1,15:95
11035050,11035,50,1,9:544
11041010,11041,10,1,7:1200
11041020,11041,20,1,11:217
11041030,11041,30,1,9:326
11041040,11041,40,1,14:95
11041050,11041,50,1,7:6000
11042010,11042,10,1,9:108
11042020,11042,20,1,15:47
11042030,11042,30,1,12:326
11042040,11042,40,1,13:95
11042050,11042,50,1,9:544
11037010,11037,10,1,9:108
11037020,11037,20,1,11:217
11037030,11037,30,1,14:71
11037040,11037,40,1,12:435
11037050,11037,50,1,7:6000
11039010,11039,10,1,7:1200
11039020,11039,20,1,16:47
11039030,11039,30,1,7:3600
11039040,11039,40,1,9:435
11039050,11039,50,1,7:6000
11038010,11038,10,1,7:1200
11038020,11038,20,1,13:47
11038030,11038,30,1,11:326
11038040,11038,40,1,15:95
11038050,11038,50,1,7:6000
11040010,11040,10,1,7:1200
11040020,11040,20,1,11:217
11040030,11040,30,1,7:3600
11040040,11040,40,1,9:435
11040050,11040,50,1,16:119
12021010,12021,10,1,10:36
12021020,12021,20,1,13:15
12021030,12021,30,1,7:1200
12021040,12021,40,1,16:31
12021050,12021,50,1,10:181
12024010,12024,10,1,10:36
12024020,12024,20,1,15:15
12024030,12024,30,1,11:108
12024040,12024,40,1,14:31
12024050,12024,50,1,10:181
12025010,12025,10,1,10:36
12025020,12025,20,1,15:15
12025030,12025,30,1,13:23
12025040,12025,40,1,7:1600
12025050,12025,50,1,10:181
12022010,12022,10,1,15:7
12022020,12022,20,1,10:72
12022030,12022,30,1,7:1200
12022040,12022,40,1,13:31
12022050,12022,50,1,15:39
12023010,12023,10,1,10:36
12023020,12023,20,1,10:72
12023030,12023,30,1,12:108
12023040,12023,40,1,7:1600
12023050,12023,50,1,10:181
12026010,12026,10,1,10:36
12026020,12026,20,1,7:800
12026030,12026,30,1,13:23
12026040,12026,40,1,15:31
12026050,12026,50,1,10:181
12027010,12027,10,1,10:108
12027020,12027,20,1,13:47
12027030,12027,30,1,7:3600
12027040,12027,40,1,16:95
12027050,12027,50,1,10:544
12028010,12028,10,1,10:108
12028020,12028,20,1,15:47
12028030,12028,30,1,11:326
12028040,12028,40,1,14:95
12028050,12028,50,1,10:544
12029010,12029,10,1,10:108
12029020,12029,20,1,15:47
12029030,12029,30,1,13:71
12029040,12029,40,1,7:4800
12029050,12029,50,1,10:544
12031010,12031,10,1,15:23
12031020,12031,20,1,10:217
12031030,12031,30,1,7:3600
12031040,12031,40,1,13:95
12031050,12031,50,1,15:119
12030010,12030,10,1,10:108
12030020,12030,20,1,10:217
12030030,12030,30,1,12:326
12030040,12030,40,1,7:4800
12030050,12030,50,1,10:544
12032010,12032,10,1,10:108
12032020,12032,20,1,7:2400
12032030,12032,30,1,13:71
12032040,12032,40,1,15:95
12032050,12032,50,1,10:544
12037010,12037,10,1,10:108
12037020,12037,20,1,13:47
12037030,12037,30,1,7:3600
12037040,12037,40,1,16:95
12037050,12037,50,1,10:544
12038010,12038,10,1,10:108
12038020,12038,20,1,15:47
12038030,12038,30,1,11:326
12038040,12038,40,1,14:95
12038050,12038,50,1,10:544
12033010,12033,10,1,10:108
12033020,12033,20,1,15:47
12033030,12033,30,1,13:71
12033040,12033,40,1,7:4800
12033050,12033,50,1,10:544
12035010,12035,10,1,15:23
12035020,12035,20,1,10:217
12035030,12035,30,1,7:3600
12035040,12035,40,1,13:95
12035050,12035,50,1,15:119
12034010,12034,10,1,10:108
12034020,12034,20,1,10:217
12034030,12034,30,1,12:326
12034040,12034,40,1,7:4800
12034050,12034,50,1,10:544
12036010,12036,10,1,10:108
12036020,12036,20,1,7:2400
12036030,12036,30,1,13:71
12036040,12036,40,1,15:95
12036050,12036,50,1,10:544
13023010,13023,10,1,7:400
13023020,13023,20,1,11:72
13023030,13023,30,1,16:23
13023040,13023,40,1,14:31
13023050,13023,50,1,7:2000
13024010,13024,10,1,9:36
13024020,13024,20,1,15:15
13024030,13024,30,1,12:108
13024040,13024,40,1,13:31
13024050,13024,50,1,9:181
13027010,13027,10,1,9:36
13027020,13027,20,1,13:15
13027030,13027,30,1,9:108
13027040,13027,40,1,15:31
13027050,13027,50,1,9:181
13028010,13028,10,1,15:7
13028020,13028,20,1,11:72
13028030,13028,30,1,13:23
13028040,13028,40,1,7:1600
13028050,13028,50,1,9:181
13026010,13026,10,1,7:400
13026020,13026,20,1,9:72
13026030,13026,30,1,13:23
13026040,13026,40,1,9:145
13026050,13026,50,1,7:2000
13025010,13025,10,1,12:36
13025020,13025,20,1,9:72
13025030,13025,30,1,7:1200
13025040,13025,40,1,15:31
13025050,13025,50,1,9:181
13029010,13029,10,1,7:1200
13029020,13029,20,1,11:217
13029030,13029,30,1,16:71
13029040,13029,40,1,14:95
13029050,13029,50,1,7:6000
13022010,13022,10,1,9:108
13022020,13022,20,1,15:47
13022030,13022,30,1,12:326
13022040,13022,40,1,13:95
13022050,13022,50,1,9:544
13030010,13030,10,1,9:108
13030020,13030,20,1,13:47
13030030,13030,30,1,9:326
13030040,13030,40,1,15:95
13030050,13030,50,1,9:544
13032010,13032,10,1,15:23
13032020,13032,20,1,11:217
13032030,13032,30,1,13:71
13032040,13032,40,1,7:4800
13032050,13032,50,1,9:544
13033010,13033,10,1,7:1200
13033020,13033,20,1,9:217
13033030,13033,30,1,13:71
13033040,13033,40,1,9:435
13033050,13033,50,1,7:6000
13031010,13031,10,1,12:108
13031020,13031,20,1,9:217
13031030,13031,30,1,7:3600
13031040,13031,40,1,15:95
13031050,13031,50,1,9:544
13039010,13039,10,1,7:1200
13039020,13039,20,1,11:217
13039030,13039,30,1,16:71
13039040,13039,40,1,14:95
13039050,13039,50,1,7:6000
13038010,13038,10,1,9:108
13038020,13038,20,1,15:47
13038030,13038,30,1,12:326
13038040,13038,40,1,13:95
13038050,13038,50,1,9:544
13034010,13034,10,1,9:108
13034020,13034,20,1,13:47
13034030,13034,30,1,9:326
13034040,13034,40,1,15:95
13034050,13034,50,1,9:544
13036010,13036,10,1,15:23
13036020,13036,20,1,11:217
13036030,13036,30,1,13:71
13036040,13036,40,1,7:4800
13036050,13036,50,1,9:544
13035010,13035,10,1,7:1200
13035020,13035,20,1,9:217
13035030,13035,30,1,13:71
13035040,13035,40,1,9:435
13035050,13035,50,1,7:6000
13037010,13037,10,1,12:108
13037020,13037,20,1,9:217
13037030,13037,30,1,7:3600
13037040,13037,40,1,15:95
13037050,13037,50,1,9:544
14023010,14023,10,1,7:400
14023020,14023,20,1,11:72
14023030,14023,30,1,16:23
14023040,14023,40,1,14:31
14023050,14023,50,1,7:2000
14025010,14025,10,1,9:36
14025020,14025,20,1,15:15
14025030,14025,30,1,12:108
14025040,14025,40,1,14:31
14025050,14025,50,1,9:181
14026010,14026,10,1,9:36
14026020,14026,20,1,14:15
14026030,14026,30,1,9:108
14026040,14026,40,1,15:31
14026050,14026,50,1,9:181
14022010,14022,10,1,15:7
14022020,14022,20,1,11:72
14022030,14022,30,1,13:23
14022040,14022,40,1,7:1600
14022050,14022,50,1,9:181
14024010,14024,10,1,7:400
14024020,14024,20,1,9:72
14024030,14024,30,1,13:23
14024040,14024,40,1,9:145
14024050,14024,50,1,7:2000
14027010,14027,10,1,12:36
14027020,14027,20,1,9:72
14027030,14027,30,1,7:1200
14027040,14027,40,1,15:31
14027050,14027,50,1,9:181
14029010,14029,10,1,7:1200
14029020,14029,20,1,11:217
14029030,14029,30,1,16:71
14029040,14029,40,1,14:95
14029050,14029,50,1,7:6000
14028010,14028,10,1,9:108
14028020,14028,20,1,15:47
14028030,14028,30,1,12:326
14028040,14028,40,1,14:95
14028050,14028,50,1,9:544
14030010,14030,10,1,9:108
14030020,14030,20,1,14:47
14030030,14030,30,1,9:326
14030040,14030,40,1,15:95
14030050,14030,50,1,9:544
14032010,14032,10,1,15:23
14032020,14032,20,1,11:217
14032030,14032,30,1,13:71
14032040,14032,40,1,7:4800
14032050,14032,50,1,9:544
14033010,14033,10,1,7:1200
14033020,14033,20,1,9:217
14033030,14033,30,1,13:71
14033040,14033,40,1,9:435
14033050,14033,50,1,7:6000
14031010,14031,10,1,12:108
14031020,14031,20,1,9:217
14031030,14031,30,1,7:3600
14031040,14031,40,1,15:95
14031050,14031,50,1,9:544
14039010,14039,10,1,7:1200
14039020,14039,20,1,11:217
14039030,14039,30,1,16:71
14039040,14039,40,1,14:95
14039050,14039,50,1,7:6000
14038010,14038,10,1,9:108
14038020,14038,20,1,15:47
14038030,14038,30,1,12:326
14038040,14038,40,1,7:4800
14038050,14038,50,1,9:544
14035010,14035,10,1,9:108
14035020,14035,20,1,13:47
14035030,14035,30,1,9:326
14035040,14035,40,1,15:95
14035050,14035,50,1,9:544
14036010,14036,10,1,15:23
14036020,14036,20,1,11:217
14036030,14036,30,1,13:71
14036040,14036,40,1,7:4800
14036050,14036,50,1,9:544
14034010,14034,10,1,7:1200
14034020,14034,20,1,9:217
14034030,14034,30,1,13:71
14034040,14034,40,1,9:435
14034050,14034,50,1,7:6000
14037010,14037,10,1,12:108
14037020,14037,20,1,9:217
14037030,14037,30,1,7:3600
14037040,14037,40,1,15:95
14037050,14037,50,1,9:544
15022010,15022,10,1,10:36
15022020,15022,20,1,13:15
15022030,15022,30,1,7:1200
15022040,15022,40,1,16:31
15022050,15022,50,1,10:181
15025010,15025,10,1,10:36
15025020,15025,20,1,13:15
15025030,15025,30,1,11:108
15025040,15025,40,1,14:31
15025050,15025,50,1,10:181
15026010,15026,10,1,10:36
15026020,15026,20,1,15:15
15026030,15026,30,1,14:23
15026040,15026,40,1,7:1600
15026050,15026,50,1,10:181
15023010,15023,10,1,15:7
15023020,15023,20,1,7:800
15023030,15023,30,1,16:23
15023040,15023,40,1,10:145
15023050,15023,50,1,7:2000
15024010,15024,10,1,10:36
15024020,15024,20,1,11:72
15024030,15024,30,1,12:108
15024040,15024,40,1,7:1600
15024050,15024,50,1,10:181
15027010,15027,10,1,10:36
15027020,15027,20,1,7:800
15027030,15027,30,1,13:23
15027040,15027,40,1,15:31
15027050,15027,50,1,10:181
15029010,15029,10,1,10:108
15029020,15029,20,1,13:47
15029030,15029,30,1,7:3600
15029040,15029,40,1,16:95
15029050,15029,50,1,10:544
15028010,15028,10,1,10:108
15028020,15028,20,1,13:47
15028030,15028,30,1,11:326
15028040,15028,40,1,14:95
15028050,15028,50,1,10:544
15031010,15031,10,1,10:108
15031020,15031,20,1,15:47
15031030,15031,30,1,14:71
15031040,15031,40,1,7:4800
15031050,15031,50,1,10:544
15032010,15032,10,1,15:23
15032020,15032,20,1,7:2400
15032030,15032,30,1,16:71
15032040,15032,40,1,10:435
15032050,15032,50,1,7:6000
15030010,15030,10,1,10:108
15030020,15030,20,1,11:217
15030030,15030,30,1,12:326
15030040,15030,40,1,7:4800
15030050,15030,50,1,10:544
15033010,15033,10,1,10:108
15033020,15033,20,1,7:2400
15033030,15033,30,1,13:71
15033040,15033,40,1,15:95
15033050,15033,50,1,10:544
15039010,15039,10,1,10:108
15039020,15039,20,1,13:47
15039030,15039,30,1,7:3600
15039040,15039,40,1,16:95
15039050,15039,50,1,10:544
15038010,15038,10,1,10:108
15038020,15038,20,1,13:47
15038030,15038,30,1,11:326
15038040,15038,40,1,14:95
15038050,15038,50,1,10:544
15035010,15035,10,1,10:108
15035020,15035,20,1,15:47
15035030,15035,30,1,14:71
15035040,15035,40,1,7:4800
15035050,15035,50,1,10:544
15036010,15036,10,1,15:23
15036020,15036,20,1,7:2400
15036030,15036,30,1,16:71
15036040,15036,40,1,10:435
15036050,15036,50,1,7:6000
15034010,15034,10,1,10:108
15034020,15034,20,1,11:217
15034030,15034,30,1,12:326
15034040,15034,40,1,7:4800
15034050,15034,50,1,10:544
15037010,15037,10,1,10:108
15037020,15037,20,1,7:2400
15037030,15037,30,1,13:71
15037040,15037,40,1,15:95
15037050,15037,50,1,10:544
21025010,21025,10,2,11:36
21025020,21025,20,2,12:72
21025030,21025,30,2,9:108
21025040,21025,40,2,16:31
21025050,21025,50,2,7:2000
21028010,21028,10,2,9:36
21028020,21028,20,2,15:15
21028030,21028,30,2,7:1200
21028040,21028,40,2,12:145
21028050,21028,50,2,9:181
21029010,21029,10,2,7:400
21029020,21029,20,2,12:72
21029030,21029,30,2,11:108
21029040,21029,40,2,14:31
21029050,21029,50,2,11:181
21026010,21026,10,2,7:400
21026020,21026,20,2,9:72
21026030,21026,30,2,13:23
21026040,21026,40,2,15:31
21026050,21026,50,2,7:2000
21027010,21027,10,2,9:36
21027020,21027,20,2,15:15
21027030,21027,30,2,13:23
21027040,21027,40,2,7:1600
21027050,21027,50,2,9:181
21030010,21030,10,2,13:7
21030020,21030,20,2,9:72
21030030,21030,30,2,7:1200
21030040,21030,40,2,7:1600
21030050,21030,50,2,9:181
21031010,21031,10,2,7:1200
21031020,21031,20,2,11:217
21031030,21031,30,2,16:71
21031040,21031,40,2,14:95
21031050,21031,50,2,7:6000
21032010,21032,10,2,9:108
21032020,21032,20,2,15:47
21032030,21032,30,2,12:326
21032040,21032,40,2,13:95
21032050,21032,50,2,9:544
21034010,21034,10,2,9:108
21034020,21034,20,2,13:47
21034030,21034,30,2,9:326
21034040,21034,40,2,15:95
21034050,21034,50,2,9:544
21036010,21036,10,2,15:23
21036020,21036,20,2,11:217
21036030,21036,30,2,13:71
21036040,21036,40,2,7:4800
21036050,21036,50,2,9:544
21033010,21033,10,2,7:1200
21033020,21033,20,2,9:217
21033030,21033,30,2,13:71
21033040,21033,40,2,9:435
21033050,21033,50,2,7:6000
21035010,21035,10,2,12:108
21035020,21035,20,2,9:217
21035030,21035,30,2,7:3600
21035040,21035,40,2,15:95
21035050,21035,50,2,9:544
21041010,21041,10,2,7:1200
21041020,21041,20,2,11:217
21041030,21041,30,2,9:326
21041040,21041,40,2,14:95
21041050,21041,50,2,7:6000
21042010,21042,10,2,9:108
21042020,21042,20,2,15:47
21042030,21042,30,2,12:326
21042040,21042,40,2,13:95
21042050,21042,50,2,9:544
21037010,21037,10,2,9:108
21037020,21037,20,2,11:217
21037030,21037,30,2,14:71
21037040,21037,40,2,12:435
21037050,21037,50,2,7:6000
21039010,21039,10,2,7:1200
21039020,21039,20,2,16:47
21039030,21039,30,2,7:3600
21039040,21039,40,2,9:435
21039050,21039,50,2,7:6000
21038010,21038,10,2,7:1200
21038020,21038,20,2,13:47
21038030,21038,30,2,11:326
21038040,21038,40,2,15:95
21038050,21038,50,2,7:6000
21040010,21040,10,2,7:1200
21040020,21040,20,2,11:217
21040030,21040,30,2,7:3600
21040040,21040,40,2,9:435
21040050,21040,50,2,16:119
22021010,22021,10,2,10:36
22021020,22021,20,2,13:15
22021030,22021,30,2,7:1200
22021040,22021,40,2,16:31
22021050,22021,50,2,10:181
22024010,22024,10,2,10:36
22024020,22024,20,2,15:15
22024030,22024,30,2,11:108
22024040,22024,40,2,14:31
22024050,22024,50,2,10:181
22025010,22025,10,2,10:36
22025020,22025,20,2,15:15
22025030,22025,30,2,13:23
22025040,22025,40,2,7:1600
22025050,22025,50,2,10:181
22022010,22022,10,2,15:7
22022020,22022,20,2,10:72
22022030,22022,30,2,7:1200
22022040,22022,40,2,13:31
22022050,22022,50,2,15:39
22023010,22023,10,2,10:36
22023020,22023,20,2,10:72
22023030,22023,30,2,12:108
22023040,22023,40,2,7:1600
22023050,22023,50,2,10:181
22026010,22026,10,2,10:36
22026020,22026,20,2,7:800
22026030,22026,30,2,13:23
22026040,22026,40,2,15:31
22026050,22026,50,2,10:181
22027010,22027,10,2,10:108
22027020,22027,20,2,13:47
22027030,22027,30,2,7:3600
22027040,22027,40,2,16:95
22027050,22027,50,2,10:544
22028010,22028,10,2,10:108
22028020,22028,20,2,15:47
22028030,22028,30,2,11:326
22028040,22028,40,2,14:95
22028050,22028,50,2,10:544
22029010,22029,10,2,10:108
22029020,22029,20,2,15:47
22029030,22029,30,2,13:71
22029040,22029,40,2,7:4800
22029050,22029,50,2,10:544
22031010,22031,10,2,15:23
22031020,22031,20,2,10:217
22031030,22031,30,2,7:3600
22031040,22031,40,2,13:95
22031050,22031,50,2,15:119
22030010,22030,10,2,10:108
22030020,22030,20,2,10:217
22030030,22030,30,2,12:326
22030040,22030,40,2,7:4800
22030050,22030,50,2,10:544
22032010,22032,10,2,10:108
22032020,22032,20,2,7:2400
22032030,22032,30,2,13:71
22032040,22032,40,2,15:95
22032050,22032,50,2,10:544
22037010,22037,10,2,10:108
22037020,22037,20,2,13:47
22037030,22037,30,2,7:3600
22037040,22037,40,2,16:95
22037050,22037,50,2,10:544
22038010,22038,10,2,10:108
22038020,22038,20,2,15:47
22038030,22038,30,2,11:326
22038040,22038,40,2,14:95
22038050,22038,50,2,10:544
22033010,22033,10,2,10:108
22033020,22033,20,2,15:47
22033030,22033,30,2,13:71
22033040,22033,40,2,7:4800
22033050,22033,50,2,10:544
22035010,22035,10,2,15:23
22035020,22035,20,2,10:217
22035030,22035,30,2,7:3600
22035040,22035,40,2,13:95
22035050,22035,50,2,15:119
22034010,22034,10,2,10:108
22034020,22034,20,2,10:217
22034030,22034,30,2,12:326
22034040,22034,40,2,7:4800
22034050,22034,50,2,10:544
22036010,22036,10,2,10:108
22036020,22036,20,2,7:2400
22036030,22036,30,2,13:71
22036040,22036,40,2,15:95
22036050,22036,50,2,10:544
23023010,23023,10,2,7:400
23023020,23023,20,2,11:72
23023030,23023,30,2,16:23
23023040,23023,40,2,14:31
23023050,23023,50,2,7:2000
23024010,23024,10,2,9:36
23024020,23024,20,2,15:15
23024030,23024,30,2,12:108
23024040,23024,40,2,13:31
23024050,23024,50,2,9:181
23027010,23027,10,2,9:36
23027020,23027,20,2,13:15
23027030,23027,30,2,9:108
23027040,23027,40,2,15:31
23027050,23027,50,2,9:181
23028010,23028,10,2,15:7
23028020,23028,20,2,11:72
23028030,23028,30,2,13:23
23028040,23028,40,2,7:1600
23028050,23028,50,2,9:181
23026010,23026,10,2,7:400
23026020,23026,20,2,9:72
23026030,23026,30,2,13:23
23026040,23026,40,2,9:145
23026050,23026,50,2,7:2000
23025010,23025,10,2,12:36
23025020,23025,20,2,9:72
23025030,23025,30,2,7:1200
23025040,23025,40,2,15:31
23025050,23025,50,2,9:181
23029010,23029,10,2,7:1200
23029020,23029,20,2,11:217
23029030,23029,30,2,16:71
23029040,23029,40,2,14:95
23029050,23029,50,2,7:6000
23022010,23022,10,2,9:108
23022020,23022,20,2,15:47
23022030,23022,30,2,12:326
23022040,23022,40,2,13:95
23022050,23022,50,2,9:544
23030010,23030,10,2,9:108
23030020,23030,20,2,13:47
23030030,23030,30,2,9:326
23030040,23030,40,2,15:95
23030050,23030,50,2,9:544
23032010,23032,10,2,15:23
23032020,23032,20,2,11:217
23032030,23032,30,2,13:71
23032040,23032,40,2,7:4800
23032050,23032,50,2,9:544
23033010,23033,10,2,7:1200
23033020,23033,20,2,9:217
23033030,23033,30,2,13:71
23033040,23033,40,2,9:435
23033050,23033,50,2,7:6000
23031010,23031,10,2,12:108
23031020,23031,20,2,9:217
23031030,23031,30,2,7:3600
23031040,23031,40,2,15:95
23031050,23031,50,2,9:544
23039010,23039,10,2,7:1200
23039020,23039,20,2,11:217
23039030,23039,30,2,16:71
23039040,23039,40,2,14:95
23039050,23039,50,2,7:6000
23038010,23038,10,2,9:108
23038020,23038,20,2,15:47
23038030,23038,30,2,12:326
23038040,23038,40,2,13:95
23038050,23038,50,2,9:544
23034010,23034,10,2,9:108
23034020,23034,20,2,13:47
23034030,23034,30,2,9:326
23034040,23034,40,2,15:95
23034050,23034,50,2,9:544
23036010,23036,10,2,15:23
23036020,23036,20,2,11:217
23036030,23036,30,2,13:71
23036040,23036,40,2,7:4800
23036050,23036,50,2,9:544
23035010,23035,10,2,7:1200
23035020,23035,20,2,9:217
23035030,23035,30,2,13:71
23035040,23035,40,2,9:435
23035050,23035,50,2,7:6000
23037010,23037,10,2,12:108
23037020,23037,20,2,9:217
23037030,23037,30,2,7:3600
23037040,23037,40,2,15:95
23037050,23037,50,2,9:544
24023010,24023,10,2,7:400
24023020,24023,20,2,11:72
24023030,24023,30,2,16:23
24023040,24023,40,2,14:31
24023050,24023,50,2,7:2000
24025010,24025,10,2,9:36
24025020,24025,20,2,15:15
24025030,24025,30,2,12:108
24025040,24025,40,2,14:31
24025050,24025,50,2,9:181
24026010,24026,10,2,9:36
24026020,24026,20,2,14:15
24026030,24026,30,2,9:108
24026040,24026,40,2,15:31
24026050,24026,50,2,9:181
24022010,24022,10,2,15:7
24022020,24022,20,2,11:72
24022030,24022,30,2,13:23
24022040,24022,40,2,7:1600
24022050,24022,50,2,9:181
24024010,24024,10,2,7:400
24024020,24024,20,2,9:72
24024030,24024,30,2,13:23
24024040,24024,40,2,9:145
24024050,24024,50,2,7:2000
24027010,24027,10,2,12:36
24027020,24027,20,2,9:72
24027030,24027,30,2,7:1200
24027040,24027,40,2,15:31
24027050,24027,50,2,9:181
24029010,24029,10,2,7:1200
24029020,24029,20,2,11:217
24029030,24029,30,2,16:71
24029040,24029,40,2,14:95
24029050,24029,50,2,7:6000
24028010,24028,10,2,9:108
24028020,24028,20,2,15:47
24028030,24028,30,2,12:326
24028040,24028,40,2,14:95
24028050,24028,50,2,9:544
24030010,24030,10,2,9:108
24030020,24030,20,2,14:47
24030030,24030,30,2,9:326
24030040,24030,40,2,15:95
24030050,24030,50,2,9:544
24032010,24032,10,2,15:23
24032020,24032,20,2,11:217
24032030,24032,30,2,13:71
24032040,24032,40,2,7:4800
24032050,24032,50,2,9:544
24033010,24033,10,2,7:1200
24033020,24033,20,2,9:217
24033030,24033,30,2,13:71
24033040,24033,40,2,9:435
24033050,24033,50,2,7:6000
24031010,24031,10,2,12:108
24031020,24031,20,2,9:217
24031030,24031,30,2,7:3600
24031040,24031,40,2,15:95
24031050,24031,50,2,9:544
24039010,24039,10,2,7:1200
24039020,24039,20,2,11:217
24039030,24039,30,2,16:71
24039040,24039,40,2,14:95
24039050,24039,50,2,7:6000
24038010,24038,10,2,9:108
24038020,24038,20,2,15:47
24038030,24038,30,2,12:326
24038040,24038,40,2,7:4800
24038050,24038,50,2,9:544
24035010,24035,10,2,9:108
24035020,24035,20,2,13:47
24035030,24035,30,2,9:326
24035040,24035,40,2,15:95
24035050,24035,50,2,9:544
24036010,24036,10,2,15:23
24036020,24036,20,2,11:217
24036030,24036,30,2,13:71
24036040,24036,40,2,7:4800
24036050,24036,50,2,9:544
24034010,24034,10,2,7:1200
24034020,24034,20,2,9:217
24034030,24034,30,2,13:71
24034040,24034,40,2,9:435
24034050,24034,50,2,7:6000
24037010,24037,10,2,12:108
24037020,24037,20,2,9:217
24037030,24037,30,2,7:3600
24037040,24037,40,2,15:95
24037050,24037,50,2,9:544
25022010,25022,10,2,10:36
25022020,25022,20,2,13:15
25022030,25022,30,2,7:1200
25022040,25022,40,2,16:31
25022050,25022,50,2,10:181
25025010,25025,10,2,10:36
25025020,25025,20,2,13:15
25025030,25025,30,2,11:108
25025040,25025,40,2,14:31
25025050,25025,50,2,10:181
25026010,25026,10,2,10:36
25026020,25026,20,2,15:15
25026030,25026,30,2,14:23
25026040,25026,40,2,7:1600
25026050,25026,50,2,10:181
25023010,25023,10,2,15:7
25023020,25023,20,2,7:800
25023030,25023,30,2,16:23
25023040,25023,40,2,10:145
25023050,25023,50,2,7:2000
25024010,25024,10,2,10:36
25024020,25024,20,2,11:72
25024030,25024,30,2,12:108
25024040,25024,40,2,7:1600
25024050,25024,50,2,10:181
25027010,25027,10,2,10:36
25027020,25027,20,2,7:800
25027030,25027,30,2,13:23
25027040,25027,40,2,15:31
25027050,25027,50,2,10:181
25029010,25029,10,2,10:108
25029020,25029,20,2,13:47
25029030,25029,30,2,7:3600
25029040,25029,40,2,16:95
25029050,25029,50,2,10:544
25028010,25028,10,2,10:108
25028020,25028,20,2,13:47
25028030,25028,30,2,11:326
25028040,25028,40,2,14:95
25028050,25028,50,2,10:544
25031010,25031,10,2,10:108
25031020,25031,20,2,15:47
25031030,25031,30,2,14:71
25031040,25031,40,2,7:4800
25031050,25031,50,2,10:544
25032010,25032,10,2,15:23
25032020,25032,20,2,7:2400
25032030,25032,30,2,16:71
25032040,25032,40,2,10:435
25032050,25032,50,2,7:6000
25030010,25030,10,2,10:108
25030020,25030,20,2,11:217
25030030,25030,30,2,12:326
25030040,25030,40,2,7:4800
25030050,25030,50,2,10:544
25033010,25033,10,2,10:108
25033020,25033,20,2,7:2400
25033030,25033,30,2,13:71
25033040,25033,40,2,15:95
25033050,25033,50,2,10:544
25039010,25039,10,2,10:108
25039020,25039,20,2,13:47
25039030,25039,30,2,7:3600
25039040,25039,40,2,16:95
25039050,25039,50,2,10:544
25038010,25038,10,2,10:108
25038020,25038,20,2,13:47
25038030,25038,30,2,11:326
25038040,25038,40,2,14:95
25038050,25038,50,2,10:544
25035010,25035,10,2,10:108
25035020,25035,20,2,15:47
25035030,25035,30,2,14:71
25035040,25035,40,2,7:4800
25035050,25035,50,2,10:544
25036010,25036,10,2,15:23
25036020,25036,20,2,7:2400
25036030,25036,30,2,16:71
25036040,25036,40,2,10:435
25036050,25036,50,2,7:6000
25034010,25034,10,2,10:108
25034020,25034,20,2,11:217
25034030,25034,30,2,12:326
25034040,25034,40,2,7:4800
25034050,25034,50,2,10:544
25037010,25037,10,2,10:108
25037020,25037,20,2,7:2400
25037030,25037,30,2,13:71
25037040,25037,40,2,15:95
25037050,25037,50,2,10:544
11043010,11043,10,1,7:1200
11043020,11043,20,1,9:217
11043030,11043,30,1,13:71
11043040,11043,40,1,9:435
11043050,11043,50,1,7:6000
11044010,11044,10,1,12:108
11044020,11044,20,1,9:217
11044030,11044,30,1,7:3600
11044040,11044,40,1,15:95
11044050,11044,50,1,9:544
11045010,11045,10,1,7:1200
11045020,11045,20,1,13:47
11045030,11045,30,1,11:326
11045040,11045,40,1,15:95
11045050,11045,50,1,7:6000
11046010,11046,10,1,7:1200
11046020,11046,20,1,11:217
11046030,11046,30,1,7:3600
11046040,11046,40,1,9:435
11046050,11046,50,1,16:119
12039010,12039,10,1,10:108
12039020,12039,20,1,10:217
12039030,12039,30,1,12:326
12039040,12039,40,1,7:4800
12039050,12039,50,1,10:544
12040010,12040,10,1,10:108
12040020,12040,20,1,7:2400
12040030,12040,30,1,13:71
12040040,12040,40,1,15:95
12040050,12040,50,1,10:544
12041010,12041,10,1,10:108
12041020,12041,20,1,10:217
12041030,12041,30,1,12:326
12041040,12041,40,1,7:4800
12041050,12041,50,1,10:544
12042010,12042,10,1,10:108
12042020,12042,20,1,7:2400
12042030,12042,30,1,13:71
12042040,12042,40,1,15:95
12042050,12042,50,1,10:544
13040010,13040,10,1,15:23
13040020,13040,20,1,11:217
13040030,13040,30,1,13:71
13040040,13040,40,1,7:4800
13040050,13040,50,1,9:544
13041010,13041,10,1,7:1200
13041020,13041,20,1,9:217
13041030,13041,30,1,13:71
13041040,13041,40,1,9:435
13041050,13041,50,1,7:6000
13042010,13042,10,1,7:1200
13042020,13042,20,1,9:217
13042030,13042,30,1,13:71
13042040,13042,40,1,9:435
13042050,13042,50,1,7:6000
13043010,13043,10,1,12:108
13043020,13043,20,1,9:217
13043030,13043,30,1,7:3600
13043040,13043,40,1,15:95
13043050,13043,50,1,9:544
14040010,14040,10,1,9:108
14040020,14040,20,1,15:47
14040030,14040,30,1,12:326
14040040,14040,40,1,14:95
14040050,14040,50,1,9:544
14041010,14041,10,1,9:108
14041020,14041,20,1,14:47
14041030,14041,30,1,9:326
14041040,14041,40,1,15:95
14041050,14041,50,1,9:544
14042010,14042,10,1,9:108
14042020,14042,20,1,15:47
14042030,14042,30,1,12:326
14042040,14042,40,1,14:95
14042050,14042,50,1,9:544
14043010,14043,10,1,9:108
14043020,14043,20,1,14:47
14043030,14043,30,1,9:326
14043040,14043,40,1,15:95
14043050,14043,50,1,9:544
15040010,15040,10,1,10:108
15040020,15040,20,1,11:217
15040030,15040,30,1,12:326
15040040,15040,40,1,7:4800
15040050,15040,50,1,10:544
15041010,15041,10,1,10:108
15041020,15041,20,1,7:2400
15041030,15041,30,1,13:71
15041040,15041,40,1,15:95
15041050,15041,50,1,10:544
15042010,15042,10,1,10:108
15042020,15042,20,1,11:217
15042030,15042,30,1,12:326
15042040,15042,40,1,7:4800
15042050,15042,50,1,10:544
15043010,15043,10,1,10:108
15043020,15043,20,1,7:2400
15043030,15043,30,1,13:71
15043040,15043,40,1,15:95
15043050,15043,50,1,10:544
21043010,21043,10,2,7:1200
21043020,21043,20,2,9:217
21043030,21043,30,2,13:71
21043040,21043,40,2,9:435
21043050,21043,50,2,7:6000
21044010,21044,10,2,12:108
21044020,21044,20,2,9:217
21044030,21044,30,2,7:3600
21044040,21044,40,2,15:95
21044050,21044,50,2,9:544
21045010,21045,10,2,7:1200
21045020,21045,20,2,13:47
21045030,21045,30,2,11:326
21045040,21045,40,2,15:95
21045050,21045,50,2,7:6000
21046010,21046,10,2,7:1200
21046020,21046,20,2,11:217
21046030,21046,30,2,7:3600
21046040,21046,40,2,9:435
21046050,21046,50,2,16:119
22039010,22039,10,2,10:108
22039020,22039,20,2,10:217
22039030,22039,30,2,12:326
22039040,22039,40,2,7:4800
22039050,22039,50,2,10:544
22040010,22040,10,2,10:108
22040020,22040,20,2,7:2400
22040030,22040,30,2,13:71
22040040,22040,40,2,15:95
22040050,22040,50,2,10:544
22041010,22041,10,2,10:108
22041020,22041,20,2,10:217
22041030,22041,30,2,12:326
22041040,22041,40,2,7:4800
22041050,22041,50,2,10:544
22042010,22042,10,2,10:108
22042020,22042,20,2,7:2400
22042030,22042,30,2,13:71
22042040,22042,40,2,15:95
22042050,22042,50,2,10:544
23040010,23040,10,2,15:23
23040020,23040,20,2,11:217
23040030,23040,30,2,13:71
23040040,23040,40,2,7:4800
23040050,23040,50,2,9:544
23041010,23041,10,2,7:1200
23041020,23041,20,2,9:217
23041030,23041,30,2,13:71
23041040,23041,40,2,9:435
23041050,23041,50,2,7:6000
23042010,23042,10,2,7:1200
23042020,23042,20,2,9:217
23042030,23042,30,2,13:71
23042040,23042,40,2,9:435
23042050,23042,50,2,7:6000
23043010,23043,10,2,12:108
23043020,23043,20,2,9:217
23043030,23043,30,2,7:3600
23043040,23043,40,2,15:95
23043050,23043,50,2,9:544
24040010,24040,10,2,9:108
24040020,24040,20,2,15:47
24040030,24040,30,2,12:326
24040040,24040,40,2,14:95
24040050,24040,50,2,9:544
24041010,24041,10,2,9:108
24041020,24041,20,2,14:47
24041030,24041,30,2,9:326
24041040,24041,40,2,15:95
24041050,24041,50,2,9:544
24042010,24042,10,2,9:108
24042020,24042,20,2,15:47
24042030,24042,30,2,12:326
24042040,24042,40,2,14:95
24042050,24042,50,2,9:544
24043010,24043,10,2,9:108
24043020,24043,20,2,14:47
24043030,24043,30,2,9:326
24043040,24043,40,2,15:95
24043050,24043,50,2,9:544
25040010,25040,10,2,10:108
25040020,25040,20,2,11:217
25040030,25040,30,2,12:326
25040040,25040,40,2,7:4800
25040050,25040,50,2,10:544
25041010,25041,10,2,10:108
25041020,25041,20,2,7:2400
25041030,25041,30,2,13:71
25041040,25041,40,2,15:95
25041050,25041,50,2,10:544
25042010,25042,10,2,10:108
25042020,25042,20,2,11:217
25042030,25042,30,2,12:326
25042040,25042,40,2,7:4800
25042050,25042,50,2,10:544
25043010,25043,10,2,10:108
25043020,25043,20,2,7:2400
25043030,25043,30,2,13:71
25043040,25043,40,2,15:95
25043050,25043,50,2,10:544
11128010,11128,10,1,12:108
11128020,11128,20,1,9:217
11128030,11128,30,1,7:3600
11128040,11128,40,1,15:95
11128050,11128,50,1,9:544
11228010,11228,10,1,7:1200
11228020,11228,20,1,13:47
11228030,11228,30,1,11:326
11228040,11228,40,1,15:95
11228050,11228,50,1,7:6000
11129010,11129,10,1,12:108
11129020,11129,20,1,9:217
11129030,11129,30,1,7:3600
11129040,11129,40,1,15:95
11129050,11129,50,1,9:544
11229010,11229,10,1,7:1200
11229020,11229,20,1,13:47
11229030,11229,30,1,11:326
11229040,11229,40,1,15:95
11229050,11229,50,1,7:6000
12121010,12121,10,1,10:108
12121020,12121,20,1,7:2400
12121030,12121,30,1,13:71
12121040,12121,40,1,15:95
12121050,12121,50,1,10:544
12221010,12221,10,1,10:108
12221020,12221,20,1,10:217
12221030,12221,30,1,12:326
12221040,12221,40,1,7:4800
12221050,12221,50,1,10:544
12124010,12124,10,1,10:108
12124020,12124,20,1,7:2400
12124030,12124,30,1,13:71
12124040,12124,40,1,15:95
12124050,12124,50,1,10:544
12224010,12224,10,1,10:108
12224020,12224,20,1,10:217
12224030,12224,30,1,12:326
12224040,12224,40,1,7:4800
12224050,12224,50,1,10:544
13123010,13123,10,1,7:1200
13123020,13123,20,1,9:217
13123030,13123,30,1,13:71
13123040,13123,40,1,9:435
13123050,13123,50,1,7:6000
13223010,13223,10,1,7:1200
13223020,13223,20,1,9:217
13223030,13223,30,1,13:71
13223040,13223,40,1,9:435
13223050,13223,50,1,7:6000
13124010,13124,10,1,7:1200
13124020,13124,20,1,9:217
13124030,13124,30,1,13:71
13124040,13124,40,1,9:435
13124050,13124,50,1,7:6000
13224010,13224,10,1,7:1200
13224020,13224,20,1,9:217
13224030,13224,30,1,13:71
13224040,13224,40,1,9:435
13224050,13224,50,1,7:6000
14123010,14123,10,1,9:108
14123020,14123,20,1,14:47
14123030,14123,30,1,9:326
14123040,14123,40,1,15:95
14123050,14123,50,1,9:544
14223010,14223,10,1,9:108
14223020,14223,20,1,15:47
14223030,14223,30,1,12:326
14223040,14223,40,1,14:95
14223050,14223,50,1,9:544
14126010,14126,10,1,9:108
14126020,14126,20,1,14:47
14126030,14126,30,1,9:326
14126040,14126,40,1,15:95
14126050,14126,50,1,9:544
14226010,14226,10,1,9:108
14226020,14226,20,1,15:47
14226030,14226,30,1,12:326
14226040,14226,40,1,14:95
14226050,14226,50,1,9:544
15122010,15122,10,1,10:108
15122020,15122,20,1,7:2400
15122030,15122,30,1,13:71
15122040,15122,40,1,15:95
15122050,15122,50,1,10:544
15222010,15222,10,1,10:108
15222020,15222,20,1,11:217
15222030,15222,30,1,12:326
15222040,15222,40,1,7:4800
15222050,15222,50,1,10:544
15126010,15126,10,1,10:108
15126020,15126,20,1,7:2400
15126030,15126,30,1,13:71
15126040,15126,40,1,15:95
15126050,15126,50,1,10:544
15226010,15226,10,1,10:108
15226020,15226,20,1,11:217
15226030,15226,30,1,12:326
15226040,15226,40,1,7:4800
15226050,15226,50,1,10:544
21128010,21128,10,2,12:108
21128020,21128,20,2,9:217
21128030,21128,30,2,7:3600
21128040,21128,40,2,15:95
21128050,21128,50,2,9:544
21228010,21228,10,2,7:1200
21228020,21228,20,2,13:47
21228030,21228,30,2,11:326
21228040,21228,40,2,15:95
21228050,21228,50,2,7:6000
21129010,21129,10,2,12:108
21129020,21129,20,2,9:217
21129030,21129,30,2,7:3600
21129040,21129,40,2,15:95
21129050,21129,50,2,9:544
21229010,21229,10,2,7:1200
21229020,21229,20,2,13:47
21229030,21229,30,2,11:326
21229040,21229,40,2,15:95
21229050,21229,50,2,7:6000
22121010,22121,10,2,10:108
22121020,22121,20,2,7:2400
22121030,22121,30,2,13:71
22121040,22121,40,2,15:95
22121050,22121,50,2,10:544
22221010,22221,10,2,10:108
22221020,22221,20,2,10:217
22221030,22221,30,2,12:326
22221040,22221,40,2,7:4800
22221050,22221,50,2,10:544
22124010,22124,10,2,10:108
22124020,22124,20,2,7:2400
22124030,22124,30,2,13:71
22124040,22124,40,2,15:95
22124050,22124,50,2,10:544
22224010,22224,10,2,10:108
22224020,22224,20,2,10:217
22224030,22224,30,2,12:326
22224040,22224,40,2,7:4800
22224050,22224,50,2,10:544
23123010,23123,10,2,7:1200
23123020,23123,20,2,9:217
23123030,23123,30,2,13:71
23123040,23123,40,2,9:435
23123050,23123,50,2,7:6000
23223010,23223,10,2,7:1200
23223020,23223,20,2,9:217
23223030,23223,30,2,13:71
23223040,23223,40,2,9:435
23223050,23223,50,2,7:6000
23124010,23124,10,2,7:1200
23124020,23124,20,2,9:217
23124030,23124,30,2,13:71
23124040,23124,40,2,9:435
23124050,23124,50,2,7:6000
23224010,23224,10,2,7:1200
23224020,23224,20,2,9:217
23224030,23224,30,2,13:71
23224040,23224,40,2,9:435
23224050,23224,50,2,7:6000
24123010,24123,10,2,9:108
24123020,24123,20,2,14:47
24123030,24123,30,2,9:326
24123040,24123,40,2,15:95
24123050,24123,50,2,9:544
24223010,24223,10,2,9:108
24223020,24223,20,2,15:47
24223030,24223,30,2,12:326
24223040,24223,40,2,14:95
24223050,24223,50,2,9:544
24126010,24126,10,2,9:108
24126020,24126,20,2,14:47
24126030,24126,30,2,9:326
24126040,24126,40,2,15:95
24126050,24126,50,2,9:544
24226010,24226,10,2,9:108
24226020,24226,20,2,15:47
24226030,24226,30,2,12:326
24226040,24226,40,2,14:95
24226050,24226,50,2,9:544
25122010,25122,10,2,10:108
25122020,25122,20,2,7:2400
25122030,25122,30,2,13:71
25122040,25122,40,2,15:95
25122050,25122,50,2,10:544
25222010,25222,10,2,10:108
25222020,25222,20,2,11:217
25222030,25222,30,2,12:326
25222040,25222,40,2,7:4800
25222050,25222,50,2,10:544
25126010,25126,10,2,10:108
25126020,25126,20,2,7:2400
25126030,25126,30,2,13:71
25126040,25126,40,2,15:95
25126050,25126,50,2,10:544
25226010,25226,10,2,10:108
25226020,25226,20,2,11:217
25226030,25226,30,2,12:326
25226040,25226,40,2,7:4800
25226050,25226,50,2,10:544
11125010,11125,10,1,7:1200
11125020,11125,20,1,9:217
11125030,11125,30,1,13:71
11125040,11125,40,1,9:435
11125050,11125,50,1,7:6000
11225010,11225,10,1,12:108
11225020,11225,20,1,9:217
11225030,11225,30,1,7:3600
11225040,11225,40,1,15:95
11225050,11225,50,1,9:544
11126010,11126,10,1,7:1200
11126020,11126,20,1,13:47
11126030,11126,30,1,11:326
11126040,11126,40,1,15:95
11126050,11126,50,1,7:6000
11226010,11226,10,1,7:1200
11226020,11226,20,1,11:217
11226030,11226,30,1,7:3600
11226040,11226,40,1,9:435
11226050,11226,50,1,16:119
12125010,12125,10,1,10:108
12125020,12125,20,1,10:217
12125030,12125,30,1,12:326
12125040,12125,40,1,7:4800
12125050,12125,50,1,10:544
12225010,12225,10,1,10:108
12225020,12225,20,1,7:2400
12225030,12225,30,1,13:71
12225040,12225,40,1,15:95
12225050,12225,50,1,10:544
12122010,12122,10,1,10:108
12122020,12122,20,1,10:217
12122030,12122,30,1,12:326
12122040,12122,40,1,7:4800
12122050,12122,50,1,10:544
12222010,12222,10,1,10:108
12222020,12222,20,1,7:2400
12222030,12222,30,1,13:71
12222040,12222,40,1,15:95
12222050,12222,50,1,10:544
13127010,13127,10,1,7:1200
13127020,13127,20,1,9:217
13127030,13127,30,1,13:71
13127040,13127,40,1,9:435
13127050,13127,50,1,7:6000
13227010,13227,10,1,7:1200
13227020,13227,20,1,9:217
13227030,13227,30,1,13:71
13227040,13227,40,1,9:435
13227050,13227,50,1,7:6000
13126010,13126,10,1,7:1200
13126020,13126,20,1,9:217
13126030,13126,30,1,13:71
13126040,13126,40,1,9:435
13126050,13126,50,1,7:6000
13226010,13226,10,1,7:1200
13226020,13226,20,1,9:217
13226030,13226,30,1,13:71
13226040,13226,40,1,9:435
13226050,13226,50,1,7:6000
14125010,14125,10,1,9:108
14125020,14125,20,1,14:47
14125030,14125,30,1,9:326
14125040,14125,40,1,15:95
14125050,14125,50,1,9:544
14225010,14225,10,1,9:108
14225020,14225,20,1,15:47
14225030,14225,30,1,12:326
14225040,14225,40,1,14:95
14225050,14225,50,1,9:544
14122010,14122,10,1,9:108
14122020,14122,20,1,14:47
14122030,14122,30,1,9:326
14122040,14122,40,1,15:95
14122050,14122,50,1,9:544
14222010,14222,10,1,9:108
14222020,14222,20,1,15:47
14222030,14222,30,1,12:326
14222040,14222,40,1,14:95
14222050,14222,50,1,9:544
15125010,15125,10,1,10:108
15125020,15125,20,1,7:2400
15125030,15125,30,1,13:71
15125040,15125,40,1,15:95
15125050,15125,50,1,10:544
15225010,15225,10,1,10:108
15225020,15225,20,1,11:217
15225030,15225,30,1,12:326
15225040,15225,40,1,7:4800
15225050,15225,50,1,10:544
15123010,15123,10,1,10:108
15123020,15123,20,1,7:2400
15123030,15123,30,1,13:71
15123040,15123,40,1,15:95
15123050,15123,50,1,10:544
15223010,15223,10,1,10:108
15223020,15223,20,1,11:217
15223030,15223,30,1,12:326
15223040,15223,40,1,7:4800
15223050,15223,50,1,10:544
21125010,21125,10,2,7:1200
21125020,21125,20,2,9:217
21125030,21125,30,2,13:71
21125040,21125,40,2,9:435
21125050,21125,50,2,7:6000
21225010,21225,10,2,12:108
21225020,21225,20,2,9:217
21225030,21225,30,2,7:3600
21225040,21225,40,2,15:95
21225050,21225,50,2,9:544
21126010,21126,10,2,7:1200
21126020,21126,20,2,13:47
21126030,21126,30,2,11:326
21126040,21126,40,2,15:95
21126050,21126,50,2,7:6000
21226010,21226,10,2,7:1200
21226020,21226,20,2,11:217
21226030,21226,30,2,7:3600
21226040,21226,40,2,9:435
21226050,21226,50,2,16:119
22125010,22125,10,2,10:108
22125020,22125,20,2,10:217
22125030,22125,30,2,12:326
22125040,22125,40,2,7:4800
22125050,22125,50,2,10:544
22225010,22225,10,2,10:108
22225020,22225,20,2,7:2400
22225030,22225,30,2,13:71
22225040,22225,40,2,15:95
22225050,22225,50,2,10:544
22122010,22122,10,2,10:108
22122020,22122,20,2,10:217
22122030,22122,30,2,12:326
22122040,22122,40,2,7:4800
22122050,22122,50,2,10:544
22222010,22222,10,2,10:108
22222020,22222,20,2,7:2400
22222030,22222,30,2,13:71
22222040,22222,40,2,15:95
22222050,22222,50,2,10:544
23127010,23127,10,2,7:1200
23127020,23127,20,2,9:217
23127030,23127,30,2,13:71
23127040,23127,40,2,9:435
23127050,23127,50,2,7:6000
23227010,23227,10,2,7:1200
23227020,23227,20,2,9:217
23227030,23227,30,2,13:71
23227040,23227,40,2,9:435
23227050,23227,50,2,7:6000
23126010,23126,10,2,7:1200
23126020,23126,20,2,9:217
23126030,23126,30,2,13:71
23126040,23126,40,2,9:435
23126050,23126,50,2,7:6000
23226010,23226,10,2,7:1200
23226020,23226,20,2,9:217
23226030,23226,30,2,13:71
23226040,23226,40,2,9:435
23226050,23226,50,2,7:6000
24125010,24125,10,2,9:108
24125020,24125,20,2,14:47
24125030,24125,30,2,9:326
24125040,24125,40,2,15:95
24125050,24125,50,2,9:544
24225010,24225,10,2,9:108
24225020,24225,20,2,15:47
24225030,24225,30,2,12:326
24225040,24225,40,2,14:95
24225050,24225,50,2,9:544
24122010,24122,10,2,9:108
24122020,24122,20,2,14:47
24122030,24122,30,2,9:326
24122040,24122,40,2,15:95
24122050,24122,50,2,9:544
24222010,24222,10,2,9:108
24222020,24222,20,2,15:47
24222030,24222,30,2,12:326
24222040,24222,40,2,14:95
24222050,24222,50,2,9:544
25125010,25125,10,2,10:108
25125020,25125,20,2,7:2400
25125030,25125,30,2,13:71
25125040,25125,40,2,15:95
25125050,25125,50,2,10:544
25225010,25225,10,2,10:108
25225020,25225,20,2,11:217
25225030,25225,30,2,12:326
25225040,25225,40,2,7:4800
25225050,25225,50,2,10:544
25123010,25123,10,2,10:108
25123020,25123,20,2,7:2400
25123030,25123,30,2,13:71
25123040,25123,40,2,15:95
25123050,25123,50,2,10:544
25223010,25223,10,2,10:108
25223020,25223,20,2,11:217
25223030,25223,30,2,12:326
25223040,25223,40,2,7:4800
25223050,25223,50,2,10:544
11127010,11127,10,1,7:3080
11127020,11127,20,1,9:304
11127030,11127,30,1,13:99
11127040,11127,40,1,9:609
11127050,11127,50,1,7:8400
11227010,11227,10,1,12:151
11227020,11227,20,1,9:304
11227030,11227,30,1,7:5040
11227040,11227,40,1,15:133
11227050,11227,50,1,9:762
11130010,11130,10,1,7:1680
11130020,11130,20,1,13:66
11130030,11130,30,1,11:456
11130040,11130,40,1,15:133
11130050,11130,50,1,7:8400
11230010,11230,10,1,7:1680
11230020,11230,20,1,11:304
11230030,11230,30,1,7:5040
11230040,11230,40,1,9:609
11230050,11230,50,1,16:167
12123010,12123,10,1,10:151
12123020,12123,20,1,10:304
12123030,12123,30,1,12:456
12123040,12123,40,1,7:6720
12123050,12123,50,1,10:762
12223010,12223,10,1,10:151
12223020,12223,20,1,7:3360
12223030,12223,30,1,13:99
12223040,12223,40,1,15:133
12223050,12223,50,1,10:762
12126010,12126,10,1,10:151
12126020,12126,20,1,10:304
12126030,12126,30,1,12:456
12126040,12126,40,1,7:6720
12126050,12126,50,1,10:762
12226010,12226,10,1,10:151
12226020,12226,20,1,7:3360
12226030,12226,30,1,13:99
12226040,12226,40,1,15:133
12226050,12226,50,1,10:762
13128010,13128,10,1,7:1680
13128020,13128,20,1,9:304
13128030,13128,30,1,13:99
13128040,13128,40,1,9:609
13128050,13128,50,1,7:8400
13228010,13228,10,1,7:1680
13228020,13228,20,1,9:304
13228030,13228,30,1,13:99
13228040,13228,40,1,9:609
13228050,13228,50,1,7:8400
13125010,13125,10,1,7:1680
13125020,13125,20,1,9:304
13125030,13125,30,1,13:99
13125040,13125,40,1,9:609
13125050,13125,50,1,7:8400
13225010,13225,10,1,7:1680
13225020,13225,20,1,9:304
13225030,13225,30,1,13:99
13225040,13225,40,1,9:609
13225050,13225,50,1,7:8400
14124010,14124,10,1,9:151
14124020,14124,20,1,14:66
14124030,14124,30,1,9:456
14124040,14124,40,1,15:133
14124050,14124,50,1,9:762
14224010,14224,10,1,9:151
14224020,14224,20,1,15:66
14224030,14224,30,1,12:456
14224040,14224,40,1,14:133
14224050,14224,50,1,9:762
14127010,14127,10,1,9:151
14127020,14127,20,1,14:66
14127030,14127,30,1,9:456
14127040,14127,40,1,15:133
14127050,14127,50,1,9:762
14227010,14227,10,1,9:151
14227020,14227,20,1,15:66
14227030,14227,30,1,12:456
14227040,14227,40,1,14:133
14227050,14227,50,1,9:762
15124010,15124,10,1,10:151
15124020,15124,20,1,7:3360
15124030,15124,30,1,13:99
15124040,15124,40,1,15:133
15124050,15124,50,1,10:762
15224010,15224,10,1,10:151
15224020,15224,20,1,11:304
15224030,15224,30,1,12:456
15224040,15224,40,1,7:6720
15224050,15224,50,1,10:762
15127010,15127,10,1,10:151
15127020,15127,20,1,7:3360
15127030,15127,30,1,13:99
15127040,15127,40,1,15:133
15127050,15127,50,1,10:762
15227010,15227,10,1,10:151
15227020,15227,20,1,11:304
15227030,15227,30,1,12:456
15227040,15227,40,1,7:6720
15227050,15227,50,1,10:762
21127010,21127,10,2,7:1680
21127020,21127,20,2,9:304
21127030,21127,30,2,13:99
21127040,21127,40,2,9:609
21127050,21127,50,2,7:8400
21227010,21227,10,2,12:151
21227020,21227,20,2,9:304
21227030,21227,30,2,7:5040
21227040,21227,40,2,15:133
21227050,21227,50,2,9:762
21130010,21130,10,2,7:1680
21130020,21130,20,2,13:66
21130030,21130,30,2,11:456
21130040,21130,40,2,15:133
21130050,21130,50,2,7:8400
21230010,21230,10,2,7:1680
21230020,21230,20,2,11:304
21230030,21230,30,2,7:5040
21230040,21230,40,2,9:609
21230050,21230,50,2,16:167
22123010,22123,10,2,10:151
22123020,22123,20,2,10:304
22123030,22123,30,2,12:456
22123040,22123,40,2,7:6720
22123050,22123,50,2,10:762
22223010,22223,10,2,10:151
22223020,22223,20,2,7:3360
22223030,22223,30,2,13:99
22223040,22223,40,2,15:133
22223050,22223,50,2,10:762
22126010,22126,10,2,10:151
22126020,22126,20,2,10:304
22126030,22126,30,2,12:456
22126040,22126,40,2,7:6720
22126050,22126,50,2,10:762
22226010,22226,10,2,10:151
22226020,22226,20,2,7:3360
22226030,22226,30,2,13:99
22226040,22226,40,2,15:133
22226050,22226,50,2,10:762
23128010,23128,10,2,7:1680
23128020,23128,20,2,9:304
23128030,23128,30,2,13:99
23128040,23128,40,2,9:609
23128050,23128,50,2,7:8400
23228010,23228,10,2,7:1680
23228020,23228,20,2,9:304
23228030,23228,30,2,13:99
23228040,23228,40,2,9:609
23228050,23228,50,2,7:8400
23125010,23125,10,2,7:1680
23125020,23125,20,2,9:304
23125030,23125,30,2,13:99
23125040,23125,40,2,9:609
23125050,23125,50,2,7:8400
23225010,23225,10,2,7:1680
23225020,23225,20,2,9:304
23225030,23225,30,2,13:99
23225040,23225,40,2,9:609
23225050,23225,50,2,7:8400
24124010,24124,10,2,9:151
24124020,24124,20,2,14:66
24124030,24124,30,2,9:456
24124040,24124,40,2,15:133
24124050,24124,50,2,9:762
24224010,24224,10,2,9:151
24224020,24224,20,2,15:66
24224030,24224,30,2,12:456
24224040,24224,40,2,14:133
24224050,24224,50,2,9:762
24127010,24127,10,2,9:151
24127020,24127,20,2,14:66
24127030,24127,30,2,9:456
24127040,24127,40,2,15:133
24127050,24127,50,2,9:762
24227010,24227,10,2,9:151
24227020,24227,20,2,15:66
24227030,24227,30,2,12:456
24227040,24227,40,2,14:133
24227050,24227,50,2,9:762
25124010,25124,10,2,10:151
25124020,25124,20,2,7:3360
25124030,25124,30,2,13:99
25124040,25124,40,2,15:133
25124050,25124,50,2,10:762
25224010,25224,10,2,10:151
25224020,25224,20,2,11:304
25224030,25224,30,2,12:456
25224040,25224,40,2,7:6720
25224050,25224,50,2,10:762
25127010,25127,10,2,10:151
25127020,25127,20,2,7:3360
25127030,25127,30,2,13:99
25127040,25127,40,2,15:133
25127050,25127,50,2,10:762
25227010,25227,10,2,10:151
25227020,25227,20,2,11:304
25227030,25227,30,2,12:456
25227040,25227,40,2,7:6720
25227050,25227,50,2,10:762
11131010,11131,10,1,12:140
11131020,11131,20,1,9:282
11131030,11131,30,1,7:5400
11131040,11131,40,1,15:123
11131050,11131,50,1,9:707
11231010,11231,10,1,7:1800
11231020,11231,20,1,13:61
11231030,11231,30,1,11:423
11231040,11231,40,1,15:123
11231050,11231,50,1,7:9000
11132010,11132,10,1,12:140
11132020,11132,20,1,9:282
11132030,11132,30,1,7:5400
11132040,11132,40,1,15:123
11132050,11132,50,1,9:707
11232010,11232,10,1,7:1800
11232020,11232,20,1,13:61
11232030,11232,30,1,11:423
11232040,11232,40,1,15:123
11232050,11232,50,1,7:9000
12127010,12127,10,1,10:140
12127020,12127,20,1,7:3600
12127030,12127,30,1,13:92
12127040,12127,40,1,15:123
12127050,12127,50,1,10:707
12227010,12227,10,1,10:140
12227020,12227,20,1,10:282
12227030,12227,30,1,12:423
12227040,12227,40,1,7:7200
12227050,12227,50,1,10:707
12128010,12128,10,1,10:140
12128020,12128,20,1,7:3600
12128030,12128,30,1,13:92
12128040,12128,40,1,15:123
12128050,12128,50,1,10:707
12228010,12228,10,1,10:140
12228020,12228,20,1,10:282
12228030,12228,30,1,12:423
12228040,12228,40,1,7:7200
12228050,12228,50,1,10:707
13122010,13122,10,1,7:1800
13122020,13122,20,1,9:282
13122030,13122,30,1,13:92
13122040,13122,40,1,9:565
13122050,13122,50,1,7:9000
13222010,13222,10,1,7:1800
13222020,13222,20,1,9:282
13222030,13222,30,1,13:92
13222040,13222,40,1,9:565
13222050,13222,50,1,7:9000
13129010,13129,10,1,7:1800
13129020,13129,20,1,9:282
13129030,13129,30,1,13:92
13129040,13129,40,1,9:565
13129050,13129,50,1,7:9000
13229010,13229,10,1,7:1800
13229020,13229,20,1,9:282
13229030,13229,30,1,13:92
13229040,13229,40,1,9:565
13229050,13229,50,1,7:9000
14128010,14128,10,1,9:140
14128020,14128,20,1,14:61
14128030,14128,30,1,9:423
14128040,14128,40,1,15:123
14128050,14128,50,1,9:707
14228010,14228,10,1,9:140
14228020,14228,20,1,15:61
14228030,14228,30,1,12:423
14228040,14228,40,1,14:123
14228050,14228,50,1,9:707
14129010,14129,10,1,9:140
14129020,14129,20,1,14:61
14129030,14129,30,1,9:423
14129040,14129,40,1,15:123
14129050,14129,50,1,9:707
14229010,14229,10,1,9:140
14229020,14229,20,1,15:61
14229030,14229,30,1,12:423
14229040,14229,40,1,14:123
14229050,14229,50,1,9:707
15128010,15128,10,1,10:140
15128020,15128,20,1,7:3600
15128030,15128,30,1,13:92
15128040,15128,40,1,15:123
15128050,15128,50,1,10:707
15228010,15228,10,1,10:140
15228020,15228,20,1,11:282
15228030,15228,30,1,12:423
15228040,15228,40,1,7:7200
15228050,15228,50,1,10:707
15129010,15129,10,1,10:140
15129020,15129,20,1,7:3600
15129030,15129,30,1,13:92
15129040,15129,40,1,15:123
15129050,15129,50,1,10:707
15229010,15229,10,1,10:140
15229020,15229,20,1,11:282
15229030,15229,30,1,12:423
15229040,15229,40,1,7:7200
15229050,15229,50,1,10:707
21131010,21131,10,2,12:140
21131020,21131,20,2,9:282
21131030,21131,30,2,7:5400
21131040,21131,40,2,15:123
21131050,21131,50,2,9:707
21231010,21231,10,2,7:1800
21231020,21231,20,2,13:61
21231030,21231,30,2,11:423
21231040,21231,40,2,15:123
21231050,21231,50,2,7:9000
21132010,21132,10,2,12:140
21132020,21132,20,2,9:282
21132030,21132,30,2,7:5400
21132040,21132,40,2,15:123
21132050,21132,50,2,9:707
21232010,21232,10,2,7:1800
21232020,21232,20,2,13:61
21232030,21232,30,2,11:423
21232040,21232,40,2,15:123
21232050,21232,50,2,7:9000
22127010,22127,10,2,10:140
22127020,22127,20,2,7:3600
22127030,22127,30,2,13:92
22127040,22127,40,2,15:123
22127050,22127,50,2,10:707
22227010,22227,10,2,10:140
22227020,22227,20,2,10:282
22227030,22227,30,2,12:423
22227040,22227,40,2,7:7200
22227050,22227,50,2,10:707
22128010,22128,10,2,10:140
22128020,22128,20,2,7:3600
22128030,22128,30,2,13:92
22128040,22128,40,2,15:123
22128050,22128,50,2,10:707
22228010,22228,10,2,10:140
22228020,22228,20,2,10:282
22228030,22228,30,2,12:423
22228040,22228,40,2,7:7200
22228050,22228,50,2,10:707
23122010,23122,10,2,7:1800
23122020,23122,20,2,9:282
23122030,23122,30,2,13:92
23122040,23122,40,2,9:565
23122050,23122,50,2,7:9000
23222010,23222,10,2,7:1800
23222020,23222,20,2,9:282
23222030,23222,30,2,13:92
23222040,23222,40,2,9:565
23222050,23222,50,2,7:9000
23129010,23129,10,2,7:1800
23129020,23129,20,2,9:282
23129030,23129,30,2,13:92
23129040,23129,40,2,9:565
23129050,23129,50,2,7:9000
23229010,23229,10,2,7:1800
23229020,23229,20,2,9:282
23229030,23229,30,2,13:92
23229040,23229,40,2,9:565
23229050,23229,50,2,7:9000
24128010,24128,10,2,9:140
24128020,24128,20,2,14:61
24128030,24128,30,2,9:423
24128040,24128,40,2,15:123
24128050,24128,50,2,9:707
24228010,24228,10,2,9:140
24228020,24228,20,2,15:61
24228030,24228,30,2,12:423
24228040,24228,40,2,14:123
24228050,24228,50,2,9:707
24129010,24129,10,2,9:140
24129020,24129,20,2,14:61
24129030,24129,30,2,9:423
24129040,24129,40,2,15:123
24129050,24129,50,2,9:707
24229010,24229,10,2,9:140
24229020,24229,20,2,15:61
24229030,24229,30,2,12:423
24229040,24229,40,2,14:123
24229050,24229,50,2,9:707
25128010,25128,10,2,10:140
25128020,25128,20,2,7:3600
25128030,25128,30,2,13:92
25128040,25128,40,2,15:123
25128050,25128,50,2,10:707
25228010,25228,10,2,10:140
25228020,25228,20,2,11:282
25228030,25228,30,2,12:423
25228040,25228,40,2,7:7200
25228050,25228,50,2,10:707
25129010,25129,10,2,10:140
25129020,25129,20,2,7:3600
25129030,25129,30,2,13:92
25129040,25129,40,2,15:123
25129050,25129,50,2,10:707
25229010,25229,10,2,10:140
25229020,25229,20,2,11:282
25229030,25229,30,2,12:423
25229040,25229,40,2,7:7200
25229050,25229,50,2,10:707
11134010,11134,10,1,12:177
11134020,11134,20,1,9:358
11134030,11134,30,1,7:6858
11134040,11134,40,1,15:156
11134050,11134,50,1,9:897
11136010,11136,10,1,7:2286
11136020,11136,20,1,13:77
11136030,11136,30,1,11:537
11136040,11136,40,1,15:156
11136050,11136,50,1,7:11430
11237010,11237,10,1,12:177
11237020,11237,20,1,9:358
11237030,11237,30,1,7:6858
11237040,11237,40,1,15:156
11237050,11237,50,1,9:897
11239010,11239,10,1,7:2286
11239020,11239,20,1,13:77
11239030,11239,30,1,11:537
11239040,11239,40,1,15:156
11239050,11239,50,1,7:11430
12129010,12129,10,1,10:177
12129020,12129,20,1,7:4572
12129030,12129,30,1,13:116
12129040,12129,40,1,15:156
12129050,12129,50,1,10:897
12131010,12131,10,1,10:177
12131020,12131,20,1,10:358
12131030,12131,30,1,12:537
12131040,12131,40,1,7:9144
12131050,12131,50,1,10:897
12233010,12233,10,1,10:177
12233020,12233,20,1,7:4572
12233030,12233,30,1,13:116
12233040,12233,40,1,15:156
12233050,12233,50,1,10:897
12235010,12235,10,1,10:177
12235020,12235,20,1,10:358
12235030,12235,30,1,12:537
12235040,12235,40,1,7:9144
12235050,12235,50,1,10:897
13130010,13130,10,1,7:2286
13130020,13130,20,1,9:358
13130030,13130,30,1,13:116
13130040,13130,40,1,9:717
13130050,13130,50,1,7:11430
13132010,13132,10,1,7:2286
13132020,13132,20,1,9:358
13132030,13132,30,1,13:116
13132040,13132,40,1,9:717
13132050,13132,50,1,7:11430
13234010,13234,10,1,7:2286
13234020,13234,20,1,9:358
13234030,13234,30,1,13:116
13234040,13234,40,1,9:717
13234050,13234,50,1,7:11430
13236010,13236,10,1,7:2286
13236020,13236,20,1,9:358
13236030,13236,30,1,13:116
13236040,13236,40,1,9:717
13236050,13236,50,1,7:11430
14130010,14130,10,1,9:177
14130020,14130,20,1,14:77
14130030,14130,30,1,9:537
14130040,14130,40,1,15:156
14130050,14130,50,1,9:897
14132010,14132,10,1,9:177
14132020,14132,20,1,15:77
14132030,14132,30,1,12:537
14132040,14132,40,1,14:156
14132050,14132,50,1,9:897
14235010,14235,10,1,9:177
14235020,14235,20,1,14:77
14235030,14235,30,1,9:537
14235040,14235,40,1,15:156
14235050,14235,50,1,9:897
14236010,14236,10,1,9:177
14236020,14236,20,1,15:77
14236030,14236,30,1,12:537
14236040,14236,40,1,14:156
14236050,14236,50,1,9:897
15131010,15131,10,1,10:177
15131020,15131,20,1,7:4572
15131030,15131,30,1,13:116
15131040,15131,40,1,15:156
15131050,15131,50,1,10:897
15132010,15132,10,1,10:177
15132020,15132,20,1,11:358
15132030,15132,30,1,12:537
15132040,15132,40,1,7:9144
15132050,15132,50,1,10:897
15235010,15235,10,1,10:177
15235020,15235,20,1,7:4572
15235030,15235,30,1,13:116
15235040,15235,40,1,15:156
15235050,15235,50,1,10:897
15236010,15236,10,1,10:177
15236020,15236,20,1,11:358
15236030,15236,30,1,12:537
15236040,15236,40,1,7:9144
15236050,15236,50,1,10:897
21134010,21134,10,2,12:177
21134020,21134,20,2,9:358
21134030,21134,30,2,7:6858
21134040,21134,40,2,15:156
21134050,21134,50,2,9:897
21136010,21136,10,2,7:2286
21136020,21136,20,2,13:77
21136030,21136,30,2,11:537
21136040,21136,40,2,15:156
21136050,21136,50,2,7:11430
21237010,21237,10,2,12:177
21237020,21237,20,2,9:358
21237030,21237,30,2,7:6858
21237040,21237,40,2,15:156
21237050,21237,50,2,9:897
21239010,21239,10,2,7:2286
21239020,21239,20,2,13:77
21239030,21239,30,2,11:537
21239040,21239,40,2,15:156
21239050,21239,50,2,7:11430
22129010,22129,10,2,10:177
22129020,22129,20,2,7:4572
22129030,22129,30,2,13:116
22129040,22129,40,2,15:156
22129050,22129,50,2,10:897
22131010,22131,10,2,10:177
22131020,22131,20,2,10:358
22131030,22131,30,2,12:537
22131040,22131,40,2,7:9144
22131050,22131,50,2,10:897
22233010,22233,10,2,10:177
22233020,22233,20,2,7:4572
22233030,22233,30,2,13:116
22233040,22233,40,2,15:156
22233050,22233,50,2,10:897
22235010,22235,10,2,10:177
22235020,22235,20,2,10:358
22235030,22235,30,2,12:537
22235040,22235,40,2,7:9144
22235050,22235,50,2,10:897
23130010,23130,10,2,7:2286
23130020,23130,20,2,9:358
23130030,23130,30,2,13:116
23130040,23130,40,2,9:717
23130050,23130,50,2,7:11430
23132010,23132,10,2,7:2286
23132020,23132,20,2,9:358
23132030,23132,30,2,13:116
23132040,23132,40,2,9:717
23132050,23132,50,2,7:11430
23234010,23234,10,2,7:2286
23234020,23234,20,2,9:358
23234030,23234,30,2,13:116
23234040,23234,40,2,9:717
23234050,23234,50,2,7:11430
23236010,23236,10,2,7:2286
23236020,23236,20,2,9:358
23236030,23236,30,2,13:116
23236040,23236,40,2,9:717
23236050,23236,50,2,7:11430
24130010,24130,10,2,9:177
24130020,24130,20,2,14:77
24130030,24130,30,2,9:537
24130040,24130,40,2,15:156
24130050,24130,50,2,9:897
24132010,24132,10,2,9:177
24132020,24132,20,2,15:77
24132030,24132,30,2,12:537
24132040,24132,40,2,14:156
24132050,24132,50,2,9:897
24235010,24235,10,2,9:177
24235020,24235,20,2,14:77
24235030,24235,30,2,9:537
24235040,24235,40,2,15:156
24235050,24235,50,2,9:897
24236010,24236,10,2,9:177
24236020,24236,20,2,15:77
24236030,24236,30,2,12:537
24236040,24236,40,2,14:156
24236050,24236,50,2,9:897
25131010,25131,10,2,10:177
25131020,25131,20,2,7:4572
25131030,25131,30,2,13:116
25131040,25131,40,2,15:156
25131050,25131,50,2,10:897
25132010,25132,10,2,10:177
25132020,25132,20,2,11:358
25132030,25132,30,2,12:537
25132040,25132,40,2,7:9144
25132050,25132,50,2,10:897
25235010,25235,10,2,10:177
25235020,25235,20,2,7:4572
25235030,25235,30,2,13:116
25235040,25235,40,2,15:156
25235050,25235,50,2,10:897
25236010,25236,10,2,10:177
25236020,25236,20,2,11:358
25236030,25236,30,2,12:537
25236040,25236,40,2,7:9144
25236050,25236,50,2,10:897
11133010,11133,10,1,12:221
11133020,11133,20,1,9:447
11133030,11133,30,1,7:8572
11133040,11133,40,1,15:195
11133050,11133,50,1,9:1121
11135010,11135,10,1,7:2857
11135020,11135,20,1,13:96
11135030,11135,30,1,11:671
11135040,11135,40,1,15:195
11135050,11135,50,1,7:14287
11238010,11238,10,1,12:221
11238020,11238,20,1,9:447
11238030,11238,30,1,7:8572
11238040,11238,40,1,15:195
11238050,11238,50,1,9:1121
11240010,11240,10,1,7:2857
11240020,11240,20,1,13:96
11240030,11240,30,1,11:671
11240040,11240,40,1,15:195
11240050,11240,50,1,7:14287
12130010,12130,10,1,10:221
12130020,12130,20,1,7:5715
12130030,12130,30,1,13:145
12130040,12130,40,1,15:195
12130050,12130,50,1,10:1121
12132010,12132,10,1,10:221
12132020,12132,20,1,10:447
12132030,12132,30,1,12:671
12132040,12132,40,1,7:11430
12132050,12132,50,1,10:1121
12234010,12234,10,1,10:221
12234020,12234,20,1,7:5715
12234030,12234,30,1,13:145
12234040,12234,40,1,15:195
12234050,12234,50,1,10:1121
12236010,12236,10,1,10:221
12236020,12236,20,1,10:447
12236030,12236,30,1,12:671
12236040,12236,40,1,7:11430
12236050,12236,50,1,10:1121
13133010,13133,10,1,7:2857
13133020,13133,20,1,9:447
13133030,13133,30,1,13:145
13133040,13133,40,1,9:896
13133050,13133,50,1,7:14287
13131010,13131,10,1,7:2857
13131020,13131,20,1,9:447
13131030,13131,30,1,13:145
13131040,13131,40,1,9:896
13131050,13131,50,1,7:14287
13235010,13235,10,1,7:2857
13235020,13235,20,1,9:447
13235030,13235,30,1,13:145
13235040,13235,40,1,9:896
13235050,13235,50,1,7:14287
13237010,13237,10,1,7:2857
13237020,13237,20,1,9:447
13237030,13237,30,1,13:145
13237040,13237,40,1,9:896
13237050,13237,50,1,7:14287
14133010,14133,10,1,9:221
14133020,14133,20,1,14:96
14133030,14133,30,1,9:671
14133040,14133,40,1,15:195
14133050,14133,50,1,9:1121
14131010,14131,10,1,9:221
14131020,14131,20,1,15:96
14131030,14131,30,1,12:671
14131040,14131,40,1,14:195
14131050,14131,50,1,9:1121
14234010,14234,10,1,9:221
14234020,14234,20,1,14:96
14234030,14234,30,1,9:671
14234040,14234,40,1,15:195
14234050,14234,50,1,9:1121
14237010,14237,10,1,9:221
14237020,14237,20,1,15:96
14237030,14237,30,1,12:671
14237040,14237,40,1,14:195
14237050,14237,50,1,9:1121
15130010,15130,10,1,10:221
15130020,15130,20,1,7:5715
15130030,15130,30,1,13:145
15130040,15130,40,1,15:195
15130050,15130,50,1,10:1121
15133010,15133,10,1,10:221
15133020,15133,20,1,11:447
15133030,15133,30,1,12:671
15133040,15133,40,1,7:11430
15133050,15133,50,1,10:1121
15234010,15234,10,1,10:221
15234020,15234,20,1,7:5715
15234030,15234,30,1,13:145
15234040,15234,40,1,15:195
15234050,15234,50,1,10:1121
15237010,15237,10,1,10:221
15237020,15237,20,1,11:447
15237030,15237,30,1,12:671
15237040,15237,40,1,7:11430
15237050,15237,50,1,10:1121
21133010,21133,10,2,12:221
21133020,21133,20,2,9:447
21133030,21133,30,2,7:8572
21133040,21133,40,2,15:195
21133050,21133,50,2,9:1121
21135010,21135,10,2,7:2857
21135020,21135,20,2,13:96
21135030,21135,30,2,11:671
21135040,21135,40,2,15:195
21135050,21135,50,2,7:14287
21238010,21238,10,2,12:221
21238020,21238,20,2,9:447
21238030,21238,30,2,7:8572
21238040,21238,40,2,15:195
21238050,21238,50,2,9:1121
21240010,21240,10,2,7:2857
21240020,21240,20,2,13:96
21240030,21240,30,2,11:671
21240040,21240,40,2,15:195
21240050,21240,50,2,7:14287
22130010,22130,10,2,10:221
22130020,22130,20,2,7:5715
22130030,22130,30,2,13:145
22130040,22130,40,2,15:195
22130050,22130,50,2,10:1121
22132010,22132,10,2,10:221
22132020,22132,20,2,10:447
22132030,22132,30,2,12:671
22132040,22132,40,2,7:11430
22132050,22132,50,2,10:1121
22234010,22234,10,2,10:221
22234020,22234,20,2,7:5715
22234030,22234,30,2,13:145
22234040,22234,40,2,15:195
22234050,22234,50,2,10:1121
22236010,22236,10,2,10:221
22236020,22236,20,2,10:447
22236030,22236,30,2,12:671
22236040,22236,40,2,7:11430
22236050,22236,50,2,10:1121
23133010,23133,10,2,7:2857
23133020,23133,20,2,9:447
23133030,23133,30,2,13:145
23133040,23133,40,2,9:896
23133050,23133,50,2,7:14287
23131010,23131,10,2,7:2857
23131020,23131,20,2,9:447
23131030,23131,30,2,13:145
23131040,23131,40,2,9:896
23131050,23131,50,2,7:14287
23235010,23235,10,2,7:2857
23235020,23235,20,2,9:447
23235030,23235,30,2,13:145
23235040,23235,40,2,9:896
23235050,23235,50,2,7:14287
23237010,23237,10,2,7:2857
23237020,23237,20,2,9:447
23237030,23237,30,2,13:145
23237040,23237,40,2,9:896
23237050,23237,50,2,7:14287
24133010,24133,10,2,9:221
24133020,24133,20,2,14:96
24133030,24133,30,2,9:671
24133040,24133,40,2,15:195
24133050,24133,50,2,9:1121
24131010,24131,10,2,9:221
24131020,24131,20,2,15:96
24131030,24131,30,2,12:671
24131040,24131,40,2,14:195
24131050,24131,50,2,9:1121
24234010,24234,10,2,9:221
24234020,24234,20,2,14:96
24234030,24234,30,2,9:671
24234040,24234,40,2,15:195
24234050,24234,50,2,9:1121
24237010,24237,10,2,9:221
24237020,24237,20,2,15:96
24237030,24237,30,2,12:671
24237040,24237,40,2,14:195
24237050,24237,50,2,9:1121
25130010,25130,10,2,10:221
25130020,25130,20,2,7:5715
25130030,25130,30,2,13:145
25130040,25130,40,2,15:195
25130050,25130,50,2,10:1121
25133010,25133,10,2,10:221
25133020,25133,20,2,11:447
25133030,25133,30,2,12:671
25133040,25133,40,2,7:11430
25133050,25133,50,2,10:1121
25234010,25234,10,2,10:221
25234020,25234,20,2,7:5715
25234030,25234,30,2,13:145
25234040,25234,40,2,15:195
25234050,25234,50,2,10:1121
25237010,25237,10,2,10:221
25237020,25237,20,2,11:447
25237030,25237,30,2,12:671
25237040,25237,40,2,7:11430
25237050,25237,50,2,10:1121
11143010,11143,10,1,12:276
11143020,11143,20,1,9:558
11143030,11143,30,1,7:10715
11143040,11143,40,1,15:243
11143050,11143,50,1,9:1401
11144010,11144,10,1,7:3571
11144020,11144,20,1,13:120
11144030,11144,30,1,11:838
11144040,11144,40,1,15:243
11144050,11144,50,1,7:17858
11245010,11245,10,1,12:276
11245020,11245,20,1,9:558
11245030,11245,30,1,7:10715
11245040,11245,40,1,15:243
11245050,11245,50,1,9:1401
11246010,11246,10,1,7:3571
11246020,11246,20,1,13:120
11246030,11246,30,1,11:838
11246040,11246,40,1,15:243
11246050,11246,50,1,7:17858
12139010,12139,10,1,10:276
12139020,12139,20,1,7:7143
12139030,12139,30,1,13:181
12139040,12139,40,1,15:243
12139050,12139,50,1,10:1401
12140010,12140,10,1,10:276
12140020,12140,20,1,10:558
12140030,12140,30,1,12:838
12140040,12140,40,1,7:14287
12140050,12140,50,1,10:1401
12241010,12241,10,1,10:276
12241020,12241,20,1,7:7143
12241030,12241,30,1,13:181
12241040,12241,40,1,15:243
12241050,12241,50,1,10:1401
12242010,12242,10,1,10:276
12242020,12242,20,1,10:558
12242030,12242,30,1,12:838
12242040,12242,40,1,7:14287
12242050,12242,50,1,10:1401
13140010,13140,10,1,7:3571
13140020,13140,20,1,9:558
13140030,13140,30,1,13:181
13140040,13140,40,1,9:1120
13140050,13140,50,1,7:17858
13141010,13141,10,1,7:3571
13141020,13141,20,1,9:558
13141030,13141,30,1,13:181
13141040,13141,40,1,9:1120
13141050,13141,50,1,7:17858
13242010,13242,10,1,7:3571
13242020,13242,20,1,9:558
13242030,13242,30,1,13:181
13242040,13242,40,1,9:1120
13242050,13242,50,1,7:17858
13243010,13243,10,1,7:3571
13243020,13243,20,1,9:558
13243030,13243,30,1,13:181
13243040,13243,40,1,9:1120
13243050,13243,50,1,7:17858
14140010,14140,10,1,9:276
14140020,14140,20,1,14:120
14140030,14140,30,1,9:838
14140040,14140,40,1,15:243
14140050,14140,50,1,9:1401
14141010,14141,10,1,9:276
14141020,14141,20,1,15:120
14141030,14141,30,1,12:838
14141040,14141,40,1,14:243
14141050,14141,50,1,9:1401
14242010,14242,10,1,9:276
14242020,14242,20,1,14:120
14242030,14242,30,1,9:838
14242040,14242,40,1,15:243
14242050,14242,50,1,9:1401
14243010,14243,10,1,9:276
14243020,14243,20,1,15:120
14243030,14243,30,1,12:838
14243040,14243,40,1,14:243
14243050,14243,50,1,9:1401
15140010,15140,10,1,10:276
15140020,15140,20,1,7:7143
15140030,15140,30,1,13:181
15140040,15140,40,1,15:243
15140050,15140,50,1,10:1401
15141010,15141,10,1,10:276
15141020,15141,20,1,11:558
15141030,15141,30,1,12:838
15141040,15141,40,1,7:14287
15141050,15141,50,1,10:1401
15242010,15242,10,1,10:276
15242020,15242,20,1,7:7143
15242030,15242,30,1,13:181
15242040,15242,40,1,15:243
15242050,15242,50,1,10:1401
15243010,15243,10,1,10:276
15243020,15243,20,1,11:558
15243030,15243,30,1,12:838
15243040,15243,40,1,7:14287
15243050,15243,50,1,10:1401
21143010,21143,10,2,12:276
21143020,21143,20,2,9:558
21143030,21143,30,2,7:10715
21143040,21143,40,2,15:243
21143050,21143,50,2,9:1401
21144010,21144,10,2,7:3571
21144020,21144,20,2,13:120
21144030,21144,30,2,11:838
21144040,21144,40,2,15:243
21144050,21144,50,2,7:17858
21245010,21245,10,2,12:276
21245020,21245,20,2,9:558
21245030,21245,30,2,7:10715
21245040,21245,40,2,15:243
21245050,21245,50,2,9:1401
21246010,21246,10,2,7:3571
21246020,21246,20,2,13:120
21246030,21246,30,2,11:838
21246040,21246,40,2,15:243
21246050,21246,50,2,7:17858
22139010,22139,10,2,10:276
22139020,22139,20,2,7:7143
22139030,22139,30,2,13:181
22139040,22139,40,2,15:243
22139050,22139,50,2,10:1401
22140010,22140,10,2,10:276
22140020,22140,20,2,10:558
22140030,22140,30,2,12:838
22140040,22140,40,2,7:14287
22140050,22140,50,2,10:1401
22241010,22241,10,2,10:276
22241020,22241,20,2,7:7143
22241030,22241,30,2,13:181
22241040,22241,40,2,15:243
22241050,22241,50,2,10:1401
22242010,22242,10,2,10:276
22242020,22242,20,2,10:558
22242030,22242,30,2,12:838
22242040,22242,40,2,7:14287
22242050,22242,50,2,10:1401
23140010,23140,10,2,7:3571
23140020,23140,20,2,9:558
23140030,23140,30,2,13:181
23140040,23140,40,2,9:1120
23140050,23140,50,2,7:17858
23141010,23141,10,2,7:3571
23141020,23141,20,2,9:558
23141030,23141,30,2,13:181
23141040,23141,40,2,9:1120
23141050,23141,50,2,7:17858
23242010,23242,10,2,7:3571
23242020,23242,20,2,9:558
23242030,23242,30,2,13:181
23242040,23242,40,2,9:1120
23242050,23242,50,2,7:17858
23243010,23243,10,2,7:3571
23243020,23243,20,2,9:558
23243030,23243,30,2,13:181
23243040,23243,40,2,9:1120
23243050,23243,50,2,7:17858
24140010,24140,10,2,9:276
24140020,24140,20,2,14:120
24140030,24140,30,2,9:838
24140040,24140,40,2,15:243
24140050,24140,50,2,9:1401
24141010,24141,10,2,9:276
24141020,24141,20,2,15:120
24141030,24141,30,2,12:838
24141040,24141,40,2,14:243
24141050,24141,50,2,9:1401
24242010,24242,10,2,9:276
24242020,24242,20,2,14:120
24242030,24242,30,2,9:838
24242040,24242,40,2,15:243
24242050,24242,50,2,9:1401
24243010,24243,10,2,9:276
24243020,24243,20,2,15:120
24243030,24243,30,2,12:838
24243040,24243,40,2,14:243
24243050,24243,50,2,9:1401
25140010,25140,10,2,10:276
25140020,25140,20,2,7:7143
25140030,25140,30,2,13:181
25140040,25140,40,2,15:243
25140050,25140,50,2,10:1401
25141010,25141,10,2,10:276
25141020,25141,20,2,11:558
25141030,25141,30,2,12:838
25141040,25141,40,2,7:14287
25141050,25141,50,2,10:1401
25242010,25242,10,2,10:276
25242020,25242,20,2,7:7143
25242030,25242,30,2,13:181
25242040,25242,40,2,15:243
25242050,25242,50,2,10:1401
25243010,25243,10,2,10:276
25243020,25243,20,2,11:558
25243030,25243,30,2,12:838
25243040,25243,40,2,7:14287
25243050,25243,50,2,10:1401
